scheme,seed,repeat_idx,fold_idx,sample,site,event,time,risk_m0,risk_m1
repeated_stratified_kfold,42,0,0,TCGA-6D-AA2E-01A,6D,False,362.0,0.22613890610328394,0.31761850776660583
repeated_stratified_kfold,42,0,0,TCGA-A3-3308-01A,A3,False,16.0,1.6062046234023082,1.650682274612261
repeated_stratified_kfold,42,0,0,TCGA-A3-3317-01A,A3,False,1491.0,0.5822963774030286,-0.07282907691535268
repeated_stratified_kfold,42,0,0,TCGA-A3-3319-01A,A3,False,1130.0,0.19543224019582883,0.4474424622272031
repeated_stratified_kfold,42,0,0,TCGA-A3-3362-01A,A3,False,1559.0,-0.015723944166473665,-0.643938201219623
repeated_stratified_kfold,42,0,0,TCGA-A3-3372-01A,A3,False,735.0,1.1220051132390576,0.33056077779704407
repeated_stratified_kfold,42,0,0,TCGA-A3-3378-01A,A3,False,630.0,-0.10689632264136814,0.0783211875294223
repeated_stratified_kfold,42,0,0,TCGA-A3-3385-01A,A3,False,1993.0,-0.4389839321385494,-1.4023367911037383
repeated_stratified_kfold,42,0,0,TCGA-A3-3387-01A,A3,False,617.0,-0.4394577417622848,-1.1579972640631668
repeated_stratified_kfold,42,0,0,TCGA-A3-A8CQ-01A,A3,False,3.0,-0.04595680045019336,-0.9874022359181102
repeated_stratified_kfold,42,0,0,TCGA-AK-3428-01A,AK,False,3728.0,1.0615394006716181,0.1607661304536887
repeated_stratified_kfold,42,0,0,TCGA-AK-3429-01A,AK,False,3328.0,0.280441624189567,-0.5924855352299342
repeated_stratified_kfold,42,0,0,TCGA-AK-3433-01A,AK,False,3409.0,0.09904448648724878,-0.1851766742826389
repeated_stratified_kfold,42,0,0,TCGA-AK-3450-01A,AK,False,1508.0,0.7400974629265188,0.13209618199418371
repeated_stratified_kfold,42,0,0,TCGA-AK-3455-01A,AK,True,683.0,1.42480748569999,0.5141907629282358
repeated_stratified_kfold,42,0,0,TCGA-AK-3456-01A,AK,False,1143.0,0.007872108012354315,-0.24120526360693761
repeated_stratified_kfold,42,0,0,TCGA-AK-3458-01A,AK,False,1168.0,-0.4696905980460045,-1.1364285681824746
repeated_stratified_kfold,42,0,0,TCGA-B0-4697-01A,B0,True,578.0,1.6222415979466662,1.921222913288679
repeated_stratified_kfold,42,0,0,TCGA-B0-4700-01A,B0,True,1980.0,1.9543292074438474,1.5058208129392063
repeated_stratified_kfold,42,0,0,TCGA-B0-4703-01A,B0,True,182.0,1.6822335008903702,2.0730803998006886
repeated_stratified_kfold,42,0,0,TCGA-B0-4707-01A,B0,True,600.0,1.0917722569553379,0.7544747754798637
repeated_stratified_kfold,42,0,0,TCGA-B0-4712-01A,B0,True,1337.0,2.4380549079833624,2.230472743310961
repeated_stratified_kfold,42,0,0,TCGA-B0-4714-01A,B0,True,99.0,2.589219189401961,2.385058425217454
repeated_stratified_kfold,42,0,0,TCGA-B0-4814-01A,B0,True,168.0,1.8938634948764081,1.1000188188647677
repeated_stratified_kfold,42,0,0,TCGA-B0-4822-01A,B0,True,1111.0,0.9148577965239454,0.6139931228863866
repeated_stratified_kfold,42,0,0,TCGA-B0-4828-01A,B0,True,307.0,2.5287534768345217,2.112840392786274
repeated_stratified_kfold,42,0,0,TCGA-B0-4844-01A,B0,True,313.0,1.9543292074438474,1.3364482450953694
repeated_stratified_kfold,42,0,0,TCGA-B0-5083-01A,B0,True,1045.0,-0.016197753790209046,-0.291013229363696
repeated_stratified_kfold,42,0,0,TCGA-B0-5085-01A,B0,True,770.0,1.5759717671185884,0.45009578896762736
repeated_stratified_kfold,42,0,0,TCGA-B0-5088-01A,B0,True,563.0,-0.318526316627406,-0.8736742010695031
repeated_stratified_kfold,42,0,0,TCGA-B0-5094-01A,B0,True,333.0,2.014794920011287,2.093031672001602
repeated_stratified_kfold,42,0,0,TCGA-B0-5109-01A,B0,True,587.0,1.273169394657656,1.5270263972520424
repeated_stratified_kfold,42,0,0,TCGA-B0-5121-01A,B0,False,1485.0,-0.22782774777624692,-1.1283431788274507
repeated_stratified_kfold,42,0,0,TCGA-B0-5399-01A,B0,False,1411.0,-0.5301563106134439,-1.3274318977214543
repeated_stratified_kfold,42,0,0,TCGA-B0-5402-01A,B0,False,1290.0,2.0752606325787264,0.8524129993252947
repeated_stratified_kfold,42,0,0,TCGA-B0-5699-01A,B0,False,3841.0,-0.318526316627406,-1.5922234288141897
repeated_stratified_kfold,42,0,0,TCGA-B0-5706-01A,B0,False,3205.0,-0.08282646083880481,-0.3233247009456299
repeated_stratified_kfold,42,0,0,TCGA-B0-5709-01A,B0,False,3974.0,1.1527117791465127,0.3017539960239609
repeated_stratified_kfold,42,0,0,TCGA-B2-4098-01A,B2,True,51.0,0.34707033123816267,0.2754090806166536
repeated_stratified_kfold,42,0,0,TCGA-B2-5636-01A,B2,False,919.0,0.4675279467493061,0.48879492887704035
repeated_stratified_kfold,42,0,0,TCGA-B4-5378-01A,B4,False,175.0,-0.04643061007392874,-0.4328375101344462
repeated_stratified_kfold,42,0,0,TCGA-B4-5838-01A,B4,False,166.0,2.7078805160451487,0.21524457151087217
repeated_stratified_kfold,42,0,0,TCGA-B4-5843-01A,B4,False,11.0,-0.5603891668971637,-1.4401218068266741
repeated_stratified_kfold,42,0,0,TCGA-B8-4619-01A,B8,False,523.0,-0.16736203520880752,-0.00634863551292153
repeated_stratified_kfold,42,0,0,TCGA-B8-4622-01A,B8,False,1525.0,1.8636306385926884,0.877090438089861
repeated_stratified_kfold,42,0,0,TCGA-B8-5162-01A,B8,False,36.0,0.43113209598443014,0.4058047886425038
repeated_stratified_kfold,42,0,0,TCGA-B8-A54D-01A,B8,False,830.0,1.273169394657656,0.9975143182973649
repeated_stratified_kfold,42,0,0,TCGA-B8-A54K-01A,B8,False,469.0,-0.07666346635764844,-0.03332805463656885
repeated_stratified_kfold,42,0,0,TCGA-B8-A7U6-01A,B8,False,495.0,-0.19712108186879185,-1.1052611641037005
repeated_stratified_kfold,42,0,0,TCGA-B8-A8YJ-01A,B8,False,431.0,-0.015723944166473665,-0.36176503928104115
repeated_stratified_kfold,42,0,0,TCGA-BP-4161-01A,BP,False,2746.0,0.31636366533070764,-0.18785862901558348
repeated_stratified_kfold,42,0,0,TCGA-BP-4331-01A,BP,True,2454.0,-0.3487591729111257,-0.8825281136248584
repeated_stratified_kfold,42,0,0,TCGA-BP-4341-01A,BP,True,1589.0,1.2127036820902166,0.5224064108888877
repeated_stratified_kfold,42,0,0,TCGA-BP-4349-01A,BP,False,372.0,0.22613890610328394,-0.5038884573957624
repeated_stratified_kfold,42,0,0,TCGA-BP-4351-01A,BP,False,970.0,0.8201503600255962,0.4806124529051212
repeated_stratified_kfold,42,0,0,TCGA-BP-4352-01A,BP,True,344.0,2.4687615738908177,3.356758488395644
repeated_stratified_kfold,42,0,0,TCGA-BP-4770-01A,BP,True,329.0,2.438528717607098,2.7855442424570436
repeated_stratified_kfold,42,0,0,TCGA-BP-4789-01A,BP,False,1489.0,-0.4696905980460045,-1.4372034583279272
repeated_stratified_kfold,42,0,0,TCGA-BP-4964-01A,BP,False,1862.0,-0.19712108186879185,-1.0454149508806947
repeated_stratified_kfold,42,0,0,TCGA-BP-4974-01A,BP,True,211.0,1.8938634948764081,1.3045893681179976
repeated_stratified_kfold,42,0,0,TCGA-BP-4975-01A,BP,False,1433.0,-0.7115534483157621,-1.729596084602549
repeated_stratified_kfold,42,0,0,TCGA-BP-4977-01A,BP,False,454.0,-0.19759489149252724,-0.764473883505884
repeated_stratified_kfold,42,0,0,TCGA-BP-4987-01A,BP,False,1124.0,-0.590148213557148,-1.7008032553931685
repeated_stratified_kfold,42,0,0,TCGA-BP-4991-01A,BP,False,1413.0,-0.2882934603436863,-0.49514601786436285
repeated_stratified_kfold,42,0,0,TCGA-BP-4992-01A,BP,False,501.0,0.07450081506095003,0.20917773123640848
repeated_stratified_kfold,42,0,0,TCGA-BP-4993-01A,BP,False,177.0,-0.16736203520880752,-0.8090928901457084
repeated_stratified_kfold,42,0,0,TCGA-BP-5004-01A,BP,False,1126.0,-0.318526316627406,-1.059013044711067
repeated_stratified_kfold,42,0,0,TCGA-BP-5009-01A,BP,True,1092.0,-0.3487591729111257,-0.7015978512563512
repeated_stratified_kfold,42,0,0,TCGA-BP-5010-01A,BP,True,878.0,1.0917722569553379,0.9732064744873206
repeated_stratified_kfold,42,0,0,TCGA-BP-5168-01A,BP,True,1463.0,0.34659652161442733,-0.3725209688741995
repeated_stratified_kfold,42,0,0,TCGA-BP-5173-01A,BP,True,62.0,0.34659652161442733,-0.11826424627376153
repeated_stratified_kfold,42,0,0,TCGA-BP-5175-01A,BP,False,932.0,-0.10689632264136814,-0.08188459230866879
repeated_stratified_kfold,42,0,0,TCGA-BP-5183-01A,BP,False,1291.0,0.9103751192530197,-0.11245899523451774
repeated_stratified_kfold,42,0,0,TCGA-BP-5187-01A,BP,False,406.0,-0.2882934603436863,-0.8169606634805491
repeated_stratified_kfold,42,0,0,TCGA-BP-5190-01A,BP,False,1011.0,-0.07666346635764844,-1.113981640026107
repeated_stratified_kfold,42,0,0,TCGA-CJ-4636-01A,CJ,False,1924.0,0.7289779815507016,0.2176311766277459
repeated_stratified_kfold,42,0,0,TCGA-CJ-4639-01A,CJ,False,3229.0,0.12927734277096847,-1.069246063816972
repeated_stratified_kfold,42,0,0,TCGA-CJ-4640-01A,CJ,False,3480.0,0.6685122689832621,-0.16657207442344424
repeated_stratified_kfold,42,0,0,TCGA-CJ-4869-01A,CJ,False,2554.0,0.6685122689832621,-0.2302109945132712
repeated_stratified_kfold,42,0,0,TCGA-CJ-4875-01A,CJ,True,3554.0,2.165959201429885,1.7629522128760227
repeated_stratified_kfold,42,0,0,TCGA-CJ-4878-01A,CJ,False,2186.0,1.42480748569999,0.5907370546662807
repeated_stratified_kfold,42,0,0,TCGA-CJ-4884-01A,CJ,False,1759.0,1.4550403419837097,0.5083252610182465
repeated_stratified_kfold,42,0,0,TCGA-CJ-4885-01A,CJ,False,3451.0,2.0752606325787264,1.3772114814120855
repeated_stratified_kfold,42,0,0,TCGA-CJ-4886-01A,CJ,False,1952.0,-0.5599153572734282,-1.3804468365470948
repeated_stratified_kfold,42,0,0,TCGA-CJ-4890-01A,CJ,False,3519.0,2.317123482848484,2.171555672322663
repeated_stratified_kfold,42,0,0,TCGA-CJ-4900-01A,CJ,True,1714.0,2.317597292472219,2.169396642627177
repeated_stratified_kfold,42,0,0,TCGA-CJ-5676-01A,CJ,False,4067.0,0.6080465564158228,-0.3827392034183372
repeated_stratified_kfold,42,0,0,TCGA-CJ-5680-01A,CJ,True,768.0,2.1966658673373405,1.5913448028803028
repeated_stratified_kfold,42,0,0,TCGA-CJ-6027-01A,CJ,True,3615.0,0.4070622341818667,0.3148344049159095
repeated_stratified_kfold,42,0,0,TCGA-CJ-6031-01A,CJ,False,1906.0,-0.2882934603436863,-0.9711188162547796
repeated_stratified_kfold,42,0,0,TCGA-CJ-6032-01A,CJ,False,3639.0,0.5525373307430442,-0.5465038532993761
repeated_stratified_kfold,42,0,0,TCGA-CW-5581-01A,CW,False,2799.0,-0.5906220231808833,-1.721111280368857
repeated_stratified_kfold,42,0,0,TCGA-CW-5587-01A,CW,False,2226.0,1.1527117791465127,-0.12439251091771997
repeated_stratified_kfold,42,0,0,TCGA-CW-5591-01A,CW,False,2271.0,1.8333977823089687,1.2185865083377643
repeated_stratified_kfold,42,0,0,TCGA-CW-6087-01A,CW,True,41.0,1.9845620637275672,2.7297896570388236
repeated_stratified_kfold,42,0,0,TCGA-CW-6093-01A,CW,False,3146.0,0.2861308090469879,-0.5085194761009545
repeated_stratified_kfold,42,0,0,TCGA-CZ-5457-01A,CZ,False,2754.0,1.0615394006716181,-0.055697214398077954
repeated_stratified_kfold,42,0,0,TCGA-CZ-5458-01A,CZ,False,2789.0,0.48711513128094397,-0.4434465821674387
repeated_stratified_kfold,42,0,0,TCGA-CZ-5461-01A,CZ,True,330.0,1.71246635717409,0.8450708236203901
repeated_stratified_kfold,42,0,0,TCGA-CZ-5470-01A,CZ,False,386.0,0.8246330372965215,-0.054210058020785934
repeated_stratified_kfold,42,0,0,TCGA-CZ-5982-01A,CZ,False,2439.0,-0.04595680045019336,-1.2894835545585475
repeated_stratified_kfold,42,0,0,TCGA-CZ-5986-01A,CZ,False,373.0,-0.07666346635764844,-1.045214538882725
repeated_stratified_kfold,42,0,0,TCGA-DV-A4VX-01A,DV,True,1626.0,1.9240963511601277,1.371737193705118
repeated_stratified_kfold,42,0,0,TCGA-G6-A8L6-01A,G6,True,313.0,1.803164926025249,1.0999411089849114
repeated_stratified_kfold,42,0,0,TCGA-G6-A8L7-01A,G6,False,2133.0,0.6191660377916399,1.112087199369485
repeated_stratified_kfold,42,0,0,TCGA-MM-A563-01A,MM,False,591.0,2.375319096924232,0.002716059488731659
repeated_stratified_kfold,42,0,1,TCGA-A3-3320-01A,A3,False,1508.0,-0.3005571684153746,-1.044838414712761
repeated_stratified_kfold,42,0,1,TCGA-A3-3323-01A,A3,False,1106.0,-0.35207093226809544,-0.3129352515895244
repeated_stratified_kfold,42,0,1,TCGA-A3-3329-01A,A3,False,1624.0,0.4024435023888983,-0.4064511187604347
repeated_stratified_kfold,42,0,1,TCGA-A3-3357-01A,A3,False,2688.0,0.43113898090881564,-2.4439010914090176e-05
repeated_stratified_kfold,42,0,1,TCGA-A3-3373-01A,A3,False,1621.0,-0.23196494708292065,-0.9613070801160628
repeated_stratified_kfold,42,0,1,TCGA-A3-3376-01A,A3,True,1696.0,-0.42066315360054946,-1.100948561440109
repeated_stratified_kfold,42,0,1,TCGA-A3-3383-01A,A3,False,861.0,-0.38636704293432245,-1.0553780536061872
repeated_stratified_kfold,42,0,1,TCGA-A3-A6NJ-01A,A3,False,468.0,-0.12907661508423968,-1.1021771082532736
repeated_stratified_kfold,42,0,1,TCGA-A3-A6NL-01A,A3,False,689.0,-0.4034455004140556,-1.0900406968284941
repeated_stratified_kfold,42,0,1,TCGA-AK-3426-01A,AK,True,885.0,0.07223280185862646,0.052022789932309466
repeated_stratified_kfold,42,0,1,TCGA-AK-3444-01A,AK,False,1471.0,0.6597339302389811,-0.17233060415441198
repeated_stratified_kfold,42,0,1,TCGA-AK-3453-01A,AK,False,2531.0,0.37976441276285555,-0.5272881713338836
repeated_stratified_kfold,42,0,1,TCGA-AK-3461-01A,AK,False,2217.0,0.29955517039021734,-0.12315813264591763
repeated_stratified_kfold,42,0,1,TCGA-AK-3465-01A,AK,False,369.0,0.35106893424293817,0.05443334431742197
repeated_stratified_kfold,42,0,1,TCGA-AS-3777-01A,AS,False,1238.0,-0.009109825605825558,-0.0005094755575644205
repeated_stratified_kfold,42,0,1,TCGA-B0-4688-01A,B0,True,101.0,1.3876431351996208,1.9089159446955306
repeated_stratified_kfold,42,0,1,TCGA-B0-4693-01A,B0,True,77.0,1.3584065496955189,0.4848772789226502
repeated_stratified_kfold,42,0,1,TCGA-B0-4706-01A,B0,True,65.0,0.8953394578480742,0.6730310081278664
repeated_stratified_kfold,42,0,1,TCGA-B0-4813-01A,B0,True,18.0,1.1354122325116631,1.0775497214436784
repeated_stratified_kfold,42,0,1,TCGA-B0-4818-01A,B0,True,510.0,0.7227255194251254,-0.38337112690107866
repeated_stratified_kfold,42,0,1,TCGA-B0-4824-01A,B0,True,1657.0,-0.4034455004140556,-1.1357013666663307
repeated_stratified_kfold,42,0,1,TCGA-B0-4837-01A,B0,True,1378.0,-0.009109825605825558,0.062373873057800844
repeated_stratified_kfold,42,0,1,TCGA-B0-4841-01A,B0,True,204.0,1.9706770165254797,1.1894711888404914
repeated_stratified_kfold,42,0,1,TCGA-B0-4846-01A,B0,True,1200.0,1.5934197991969827,0.6926916791558416
repeated_stratified_kfold,42,0,1,TCGA-B0-4847-01A,B0,True,793.0,1.8677886845267986,1.0415108712041725
repeated_stratified_kfold,42,0,1,TCGA-B0-4945-01A,B0,True,2145.0,0.48825337690784615,-0.2241382535292299
repeated_stratified_kfold,42,0,1,TCGA-B0-5075-01A,B0,True,637.0,1.5298871030266539,0.8505174882024163
repeated_stratified_kfold,42,0,1,TCGA-B0-5097-01A,B0,False,665.0,0.912557111034568,0.6075397424207899
repeated_stratified_kfold,42,0,1,TCGA-B0-5117-01A,B0,False,1608.0,-0.7979203709290462,-0.7936502563686118
repeated_stratified_kfold,42,0,1,TCGA-B0-5691-01A,B0,False,3431.0,0.1795883809118032,-0.3193141195343293
repeated_stratified_kfold,42,0,1,TCGA-B0-5697-01A,B0,False,2630.0,-0.4549592642667764,-0.8964429898200705
repeated_stratified_kfold,42,0,1,TCGA-B0-5700-01A,B0,False,1790.0,0.4710357237213523,-0.4225730290282673
repeated_stratified_kfold,42,0,1,TCGA-B0-5702-01A,B0,False,2172.0,0.26525905972399033,-0.04954690770072878
repeated_stratified_kfold,42,0,1,TCGA-B0-5705-01A,B0,False,4537.0,0.14529227024557625,-0.7112055514188044
repeated_stratified_kfold,42,0,1,TCGA-B0-5710-01A,B0,False,2430.0,-0.2148864896031875,-0.9877239510239157
repeated_stratified_kfold,42,0,1,TCGA-B0-5712-01A,B0,False,2722.0,2.2279674443755626,1.1692493059530848
repeated_stratified_kfold,42,0,1,TCGA-B2-4101-01A,B2,False,648.0,0.08817787424654579,-0.6048817331381953
repeated_stratified_kfold,42,0,1,TCGA-B2-5639-01A,B2,True,1003.0,1.3876431351996208,0.4251875136366644
repeated_stratified_kfold,42,0,1,TCGA-B2-A4SR-01A,B2,False,507.0,0.3968428702425887,-0.424784402220275
repeated_stratified_kfold,42,0,1,TCGA-B4-5377-01A,B4,False,365.0,2.2279674443755626,1.0695644896826115
repeated_stratified_kfold,42,0,1,TCGA-B4-5832-01A,B4,False,155.0,1.0325239005129823,0.4509000110687268
repeated_stratified_kfold,42,0,1,TCGA-B4-5834-01A,B4,False,38.0,-0.14629426827073352,-0.9661150746827363
repeated_stratified_kfold,42,0,1,TCGA-B4-5836-01A,B4,False,141.0,0.008107827580668286,-0.8738727242922388
repeated_stratified_kfold,42,0,1,TCGA-B8-4620-01A,B8,False,777.0,1.289814328363065,0.8834090695535858
repeated_stratified_kfold,42,0,1,TCGA-B8-5164-01A,B8,False,26.0,1.0325239005129823,0.009614985516521402
repeated_stratified_kfold,42,0,1,TCGA-B8-5165-01A,B8,False,737.0,-0.6950320389303654,-1.4233012072531448
repeated_stratified_kfold,42,0,1,TCGA-B8-5553-01A,B8,False,435.0,0.21388449157803022,-0.531783185492772
repeated_stratified_kfold,42,0,1,TCGA-B8-A54F-01A,B8,False,519.0,-0.4034455004140556,-0.7715095347905123
repeated_stratified_kfold,42,0,1,TCGA-B8-A54I-01A,B8,False,150.0,-0.5235514855992304,-0.7511513985867984
repeated_stratified_kfold,42,0,1,TCGA-BP-4160-01A,BP,False,2881.0,1.1011161218454362,0.6139661096967314
repeated_stratified_kfold,42,0,1,TCGA-BP-4165-01A,BP,False,3037.0,0.11099615957934926,-0.8243120328135167
repeated_stratified_kfold,42,0,1,TCGA-BP-4173-01A,BP,False,1893.0,-0.08330267908458915,-0.6391011816866985
repeated_stratified_kfold,42,0,1,TCGA-BP-4334-01A,BP,True,645.0,0.7238589045169392,0.48533703013228047
repeated_stratified_kfold,42,0,1,TCGA-BP-4343-01A,BP,True,1912.0,0.9982277898467552,0.4960250359667323
repeated_stratified_kfold,42,0,1,TCGA-BP-4347-01A,BP,False,1367.0,1.341188896509025,0.5288164898105415
repeated_stratified_kfold,42,0,1,TCGA-BP-4353-01A,BP,True,375.0,-0.07770204693827953,-0.8254035286688032
repeated_stratified_kfold,42,0,1,TCGA-BP-4355-01A,BP,True,953.0,0.912557111034568,0.21229916051828968
repeated_stratified_kfold,42,0,1,TCGA-BP-4759-01A,BP,False,2372.0,-0.4549592642667764,-1.180513180860316
repeated_stratified_kfold,42,0,1,TCGA-BP-4763-01A,BP,True,1270.0,0.6254378195727541,-0.15761407050099763
repeated_stratified_kfold,42,0,1,TCGA-BP-4766-01A,BP,False,1462.0,-0.6092221644114175,-1.558132672262806
repeated_stratified_kfold,42,0,1,TCGA-BP-4795-01A,BP,False,620.0,0.45395726624161914,0.3544350530732957
repeated_stratified_kfold,42,0,1,TCGA-BP-4798-01A,BP,True,334.0,-4.186058471024298,0.4362853695268317
repeated_stratified_kfold,42,0,1,TCGA-BP-4804-01A,BP,False,1459.0,-0.14629426827073352,-0.7289358672294601
repeated_stratified_kfold,42,0,1,TCGA-BP-4961-01A,BP,False,1935.0,-0.5578475962654573,-1.178191086546739
repeated_stratified_kfold,42,0,1,TCGA-BP-4962-01A,BP,False,1785.0,0.2939545382439077,-0.4416602450561737
repeated_stratified_kfold,42,0,1,TCGA-BP-4965-01A,BP,False,1871.0,-0.5921437069316844,-1.2828793487850634
repeated_stratified_kfold,42,0,1,TCGA-BP-4968-01A,BP,False,1746.0,-0.7979203709290462,-1.301706251365586
repeated_stratified_kfold,42,0,1,TCGA-BP-4971-01A,BP,False,1487.0,0.17512113385730754,-0.12325732334118994
repeated_stratified_kfold,42,0,1,TCGA-BP-4983-01A,BP,False,1413.0,1.186925996364384,1.0568813081276711
repeated_stratified_kfold,42,0,1,TCGA-BP-4995-01A,BP,False,1371.0,0.16237072772530936,-0.2855270502679853
repeated_stratified_kfold,42,0,1,TCGA-BP-5000-01A,BP,False,563.0,-0.7979203709290462,-1.2015969614335569
repeated_stratified_kfold,42,0,1,TCGA-BP-5007-01A,BP,False,1140.0,-0.15189490041704312,-0.9861767993767954
repeated_stratified_kfold,42,0,1,TCGA-BP-5174-01A,BP,False,2257.0,-0.5406299430789635,-1.2349390640874105
repeated_stratified_kfold,42,0,1,TCGA-BP-5176-01A,BP,True,1590.0,0.5911417089065272,-0.07542983376346146
repeated_stratified_kfold,42,0,1,TCGA-BP-5177-01A,BP,False,293.0,-0.5063338324127366,-1.3816462378524945
repeated_stratified_kfold,42,0,1,TCGA-BP-5182-01A,BP,False,1165.0,-0.24918260026941447,-0.6173121566959372
repeated_stratified_kfold,42,0,1,TCGA-BP-5185-01A,BP,False,1132.0,-0.24918260026941447,-0.8290875702755501
repeated_stratified_kfold,42,0,1,TCGA-BP-5195-01A,BP,False,749.0,0.4024435023888983,-0.15322812397323116
repeated_stratified_kfold,42,0,1,TCGA-CJ-4634-01A,CJ,False,3498.0,-0.026188283085558702,-0.9446591243782134
repeated_stratified_kfold,42,0,1,TCGA-CJ-4876-01A,CJ,False,1955.0,0.2596584275776807,-0.7519656214920465
repeated_stratified_kfold,42,0,1,TCGA-CJ-4881-01A,CJ,False,2014.0,0.2094172445235345,-0.0557918919639947
repeated_stratified_kfold,42,0,1,TCGA-CJ-4882-01A,CJ,False,1883.0,0.7581550151831662,0.6076751189839379
repeated_stratified_kfold,42,0,1,TCGA-CJ-4918-01A,CJ,True,93.0,2.0049731271917066,1.6516430553564505
repeated_stratified_kfold,42,0,1,TCGA-CJ-4920-01A,CJ,True,139.0,0.11099615957934926,-0.15666991685378717
repeated_stratified_kfold,42,0,1,TCGA-CJ-5672-01A,CJ,True,1972.0,0.7111084983849412,-0.02554762989251197
repeated_stratified_kfold,42,0,1,TCGA-CJ-5686-01A,CJ,False,2038.0,-0.0604843937517857,-0.8987503753260002
repeated_stratified_kfold,42,0,1,TCGA-CJ-6030-01A,CJ,True,2299.0,0.05948239572662843,-0.1966650021362492
repeated_stratified_kfold,42,0,1,TCGA-CJ-6033-01A,CJ,True,224.0,1.7478218950483846,1.0056469732823414
repeated_stratified_kfold,42,0,1,TCGA-CW-5583-01A,CW,False,2489.0,-0.3348532790816016,-1.0640798733692765
repeated_stratified_kfold,42,0,1,TCGA-CW-5589-01A,CW,False,2378.0,-0.38636704293432245,-1.0701929216088968
repeated_stratified_kfold,42,0,1,TCGA-CW-5590-01A,CW,True,1075.0,1.5591236885307558,0.8064077263424508
repeated_stratified_kfold,42,0,1,TCGA-CZ-4853-01A,CZ,False,774.0,0.6425162770524872,-0.3174697381218197
repeated_stratified_kfold,42,0,1,TCGA-CZ-4854-01A,CZ,True,1404.0,0.16237072772530936,-0.07710376025881283
repeated_stratified_kfold,42,0,1,TCGA-CZ-4860-01A,CZ,True,206.0,1.8677886845267986,1.897804297730433
repeated_stratified_kfold,42,0,1,TCGA-CZ-4863-01A,CZ,False,1928.0,0.6381882257047522,-0.3489581013098181
repeated_stratified_kfold,42,0,1,TCGA-CZ-4865-01A,CZ,True,166.0,0.31677282357671116,-0.11258877147249918
repeated_stratified_kfold,42,0,1,TCGA-CZ-5454-01A,CZ,True,722.0,1.9706770165254797,1.084033835253499
repeated_stratified_kfold,42,0,1,TCGA-CZ-5462-01A,CZ,True,311.0,2.6565992298500194,1.9716888313714644
repeated_stratified_kfold,42,0,1,TCGA-DV-5574-01A,DV,False,2016.0,-0.9008087029277273,-1.1405643457910244
repeated_stratified_kfold,42,0,1,TCGA-DV-A4VZ-01A,DV,False,365.0,-0.35207093226809544,-0.35814632841628846
repeated_stratified_kfold,42,0,1,TCGA-DV-A4W0-01A,DV,False,2470.0,-0.2834787109356415,-0.5608340022715665
repeated_stratified_kfold,42,0,1,TCGA-EU-5906-01A,EU,False,206.0,-0.2834787109356415,-1.2083432260095468
repeated_stratified_kfold,42,0,1,TCGA-G6-A5PC-01A,G6,True,242.0,1.7478218950483846,0.7022123690339287
repeated_stratified_kfold,42,0,1,TCGA-G6-A8L8-01A,G6,True,1091.0,0.04240393824689528,-0.861567096363755
repeated_stratified_kfold,42,0,1,TCGA-MM-A564-01A,MM,False,607.0,0.6369156449061776,0.40574040283931845
repeated_stratified_kfold,42,0,1,TCGA-T7-A92I-01A,T7,False,356.0,-0.47203772174650954,-0.5538693778260673
repeated_stratified_kfold,42,0,2,TCGA-A3-3307-01A,A3,False,1436.0,0.98459584240832,-0.08521329716682402
repeated_stratified_kfold,42,0,2,TCGA-A3-3313-01A,A3,True,735.0,-0.051822448531642015,-0.3144830873100566
repeated_stratified_kfold,42,0,2,TCGA-A3-3324-01A,A3,False,1186.0,-0.30762448707087914,-0.85088004120522
repeated_stratified_kfold,42,0,2,TCGA-A3-3343-01A,A3,False,945.0,0.4990836535493111,-0.43733372442208546
repeated_stratified_kfold,42,0,2,TCGA-A3-3346-01A,A3,True,137.0,0.23595484482499976,0.783651049377063
repeated_stratified_kfold,42,0,2,TCGA-A3-3363-01A,A3,False,319.0,-0.4281987361554235,-0.9806441759820326
repeated_stratified_kfold,42,0,2,TCGA-A3-3374-01A,A3,False,1314.0,-0.2892891257357152,0.20272961414060586
repeated_stratified_kfold,42,0,2,TCGA-A3-3382-01A,A3,False,574.0,0.2679300996424044,0.41494022751606296
repeated_stratified_kfold,42,0,2,TCGA-A3-A6NI-01A,A3,False,1018.0,-0.4355255063404977,-1.0002133879981299
repeated_stratified_kfold,42,0,2,TCGA-A3-A6NN-01A,A3,False,3.0,0.5557073929990461,-0.23516775195680117
repeated_stratified_kfold,42,0,2,TCGA-AK-3427-01A,AK,False,3583.0,0.14002908037278583,0.544614918396305
repeated_stratified_kfold,42,0,2,TCGA-AK-3431-01A,AK,True,2241.0,-0.026160317011403852,-0.7373399016543225
repeated_stratified_kfold,42,0,2,TCGA-AK-3451-01A,AK,False,2868.0,-0.4921492457902328,-1.3727286715525424
repeated_stratified_kfold,42,0,2,TCGA-AK-3460-01A,AK,False,2508.0,-0.08379770334904665,-0.7472242695976876
repeated_stratified_kfold,42,0,2,TCGA-B0-4694-01A,B0,True,106.0,1.1764473713127477,0.6133772587988529
repeated_stratified_kfold,42,0,2,TCGA-B0-4710-01A,B0,False,1755.0,1.2907084971001257,1.0209445236916466
repeated_stratified_kfold,42,0,2,TCGA-B0-4811-01A,B0,True,1417.0,0.40904125569503647,0.07139273690805137
repeated_stratified_kfold,42,0,2,TCGA-B0-4815-01A,B0,True,1588.0,0.9526205875909154,0.7929761789392442
repeated_stratified_kfold,42,0,2,TCGA-B0-4816-01A,B0,True,1371.0,-0.4601739909728282,-1.2584366372741616
repeated_stratified_kfold,42,0,2,TCGA-B0-4821-01A,B0,True,1230.0,1.0668817133782933,1.0054240116871203
repeated_stratified_kfold,42,0,2,TCGA-B0-4823-01A,B0,True,454.0,0.8754599411730927,0.22794682952047285
repeated_stratified_kfold,42,0,2,TCGA-B0-4839-01A,B0,True,1639.0,0.6379932639690193,0.30966496073083116
repeated_stratified_kfold,42,0,2,TCGA-B0-4842-01A,B0,True,1724.0,1.2267579874653165,1.4124554695162796
repeated_stratified_kfold,42,0,2,TCGA-B0-4843-01A,B0,True,320.0,0.6968185490516783,0.062341220935493435
repeated_stratified_kfold,42,0,2,TCGA-B0-4849-01A,B0,True,69.0,0.5049670201472504,-0.2004613080333486
repeated_stratified_kfold,42,0,2,TCGA-B0-4852-01A,B0,True,1121.0,0.4854437600670704,-0.11254209387187075
repeated_stratified_kfold,42,0,2,TCGA-B0-5080-01A,B0,True,342.0,2.012999732626346,1.855725089451528
repeated_stratified_kfold,42,0,2,TCGA-B0-5092-01A,B0,True,459.0,1.7115825457874634,1.7189908082413283
repeated_stratified_kfold,42,0,2,TCGA-B0-5095-01A,B0,True,245.0,1.4642246646693895,1.0477731270892612
repeated_stratified_kfold,42,0,2,TCGA-B0-5107-01A,B0,True,927.0,2.095285603596319,2.4006474168307146
repeated_stratified_kfold,42,0,2,TCGA-B0-5110-01A,B0,False,2009.0,0.35021597061237764,-0.29460526765028516
repeated_stratified_kfold,42,0,2,TCGA-B0-5116-01A,B0,False,1274.0,0.5369422749646551,-0.1660192325847477
repeated_stratified_kfold,42,0,2,TCGA-B0-5120-01A,B0,False,1169.0,0.38219122542978223,0.15718718768635342
repeated_stratified_kfold,42,0,2,TCGA-B0-5690-01A,B0,False,3392.0,-0.22533861610090591,-0.8344179316700612
repeated_stratified_kfold,42,0,2,TCGA-B0-5696-01A,B0,False,2609.0,1.080521606860534,0.09975083341759172
repeated_stratified_kfold,42,0,2,TCGA-B0-5707-01A,B0,False,3744.0,-0.6729921835445709,-0.8595633103323483
repeated_stratified_kfold,42,0,2,TCGA-B2-4099-01A,B2,False,972.0,0.7155836670860694,-0.2773555385564095
repeated_stratified_kfold,42,0,2,TCGA-B2-5635-01A,B2,False,755.0,0.42780637372942765,-0.08349887452892835
repeated_stratified_kfold,42,0,2,TCGA-B2-5641-01A,B2,False,656.0,0.5876826478164507,0.014315463620434454
repeated_stratified_kfold,42,0,2,TCGA-B4-5844-01A,B4,False,7.0,-0.0581355718288085,-1.2087319239842667
repeated_stratified_kfold,42,0,2,TCGA-B8-4146-01B,B8,False,511.0,-0.6090416739097616,-1.322815539062854
repeated_stratified_kfold,42,0,2,TCGA-B8-4154-01A,B8,False,1380.0,0.41416648024718694,-0.6487056101851902
repeated_stratified_kfold,42,0,2,TCGA-B8-5549-01A,B8,False,194.0,-0.2436739774360699,-0.6116251924421598
repeated_stratified_kfold,42,0,2,TCGA-B8-5550-01A,B8,False,1476.0,1.144472116495343,0.6287222280788742
repeated_stratified_kfold,42,0,2,TCGA-B8-A54G-01A,B8,False,53.0,-0.33959974188828373,-1.0764833912294642
repeated_stratified_kfold,42,0,2,TCGA-B8-A54J-01A,B8,False,528.0,-0.10844618798137709,-1.1499059105525826
repeated_stratified_kfold,42,0,2,TCGA-BP-4158-01A,BP,False,3377.0,0.2679300996424044,-0.5077355186110107
repeated_stratified_kfold,42,0,2,TCGA-BP-4163-01A,BP,False,2839.0,0.8110796748390562,0.2767310337656572
repeated_stratified_kfold,42,0,2,TCGA-BP-4166-01A,BP,False,13.0,1.080521606860534,0.41513499289069034
repeated_stratified_kfold,42,0,2,TCGA-BP-4167-01A,BP,False,2718.0,0.7607690586864875,0.35792941827258273
repeated_stratified_kfold,42,0,2,TCGA-BP-4169-01A,BP,True,701.0,0.4214932504322611,0.13055497675295225
repeated_stratified_kfold,42,0,2,TCGA-BP-4176-01A,BP,False,1955.0,0.10805382555538119,-0.13917367938579234
repeated_stratified_kfold,42,0,2,TCGA-BP-4327-01A,BP,True,109.0,0.38951799561485645,0.09870219493290011
repeated_stratified_kfold,42,0,2,TCGA-BP-4329-01A,BP,True,845.0,1.2723731357649617,0.27851022005285075
repeated_stratified_kfold,42,0,2,TCGA-BP-4332-01A,BP,False,1133.0,0.025338197886180858,-0.8994839500289189
repeated_stratified_kfold,42,0,2,TCGA-BP-4342-01A,BP,True,2256.0,0.4990836535493111,-0.33224159001030906
repeated_stratified_kfold,42,0,2,TCGA-BP-4346-01A,BP,True,1493.0,0.6968185490516783,0.043014953183473204
repeated_stratified_kfold,42,0,2,TCGA-BP-4760-01A,BP,False,2361.0,0.2679300996424044,0.2372351921823489
repeated_stratified_kfold,42,0,2,TCGA-BP-4776-01A,BP,False,411.0,-0.2756492322534745,-0.859946854275885
repeated_stratified_kfold,42,0,2,TCGA-BP-4782-01A,BP,False,354.0,-0.1613881064660966,-0.7709826021285554
repeated_stratified_kfold,42,0,2,TCGA-BP-4787-01A,BP,True,480.0,1.9034340746918912,1.5344165478065095
repeated_stratified_kfold,42,0,2,TCGA-BP-4790-01A,BP,True,1111.0,0.4917568833642369,0.05402812918119859
repeated_stratified_kfold,42,0,2,TCGA-BP-4797-01A,BP,False,1107.0,-0.03861231174862856,-0.6316081185863551
repeated_stratified_kfold,42,0,2,TCGA-BP-4799-01A,BP,True,1133.0,1.1124968616779385,0.8039728081476099
repeated_stratified_kfold,42,0,2,TCGA-BP-4801-01A,BP,False,1124.0,-0.11577295816645129,-0.6472567380655546
repeated_stratified_kfold,42,0,2,TCGA-BP-4959-01A,BP,False,2660.0,-0.37157499670568844,-0.8498066764266407
repeated_stratified_kfold,42,0,2,TCGA-BP-4969-01A,BP,False,1794.0,0.09441393207314051,-0.5110387796644471
repeated_stratified_kfold,42,0,2,TCGA-BP-4972-01A,BP,False,1502.0,0.26750034294317726,-0.5371201278670162
repeated_stratified_kfold,42,0,2,TCGA-BP-4986-01A,BP,False,785.0,0.45978162854683224,0.4965114635519595
repeated_stratified_kfold,42,0,2,TCGA-BP-4989-01A,BP,False,118.0,0.7287938038690829,0.4631365849165088
repeated_stratified_kfold,42,0,2,TCGA-BP-4994-01A,BP,False,1308.0,-0.2116987226186652,-0.6207191739330744
repeated_stratified_kfold,42,0,2,TCGA-BP-4998-01A,BP,False,932.0,-0.37157499670568844,-0.9412551787276987
repeated_stratified_kfold,42,0,2,TCGA-BP-5169-01A,BP,False,193.0,0.29990535445980904,0.12258768877525461
repeated_stratified_kfold,42,0,2,TCGA-BP-5170-01A,BP,False,2412.0,-0.17972346780126058,-0.7492537709847495
repeated_stratified_kfold,42,0,2,TCGA-BP-5181-01A,BP,False,1495.0,-0.0654623420138827,-1.2141964309544124
repeated_stratified_kfold,42,0,2,TCGA-BP-5198-01A,BP,False,603.0,1.1764473713127477,0.43824079758906187
repeated_stratified_kfold,42,0,2,TCGA-BP-5201-01A,BP,False,951.0,2.012999732626346,1.1839860323300424
repeated_stratified_kfold,42,0,2,TCGA-BP-5202-01A,BP,False,29.0,1.2723731357649617,0.1747104106598688
repeated_stratified_kfold,42,0,2,TCGA-CJ-4638-01A,CJ,True,431.0,1.4877557620656308,1.2182227261088538
repeated_stratified_kfold,42,0,2,TCGA-CJ-4642-01B,CJ,False,3205.0,-0.5241245006076375,-0.4717376747954737
repeated_stratified_kfold,42,0,2,TCGA-CJ-4873-01A,CJ,False,1776.0,1.6104610452741723,1.7427084641261694
repeated_stratified_kfold,42,0,2,TCGA-CJ-4889-01A,CJ,False,1946.0,0.09441393207314051,-0.17172785642819455
repeated_stratified_kfold,42,0,2,TCGA-CJ-4903-01A,CJ,False,1560.0,-0.33959974188828373,-0.8482388262767666
repeated_stratified_kfold,42,0,2,TCGA-CJ-4904-01A,CJ,False,3302.0,1.9354093295092958,1.090840161731467
repeated_stratified_kfold,42,0,2,TCGA-CJ-4923-01A,CJ,True,572.0,2.0313350939615096,1.7743950817447995
repeated_stratified_kfold,42,0,2,TCGA-CJ-5671-01A,CJ,False,3987.0,-0.30762448707087914,-0.535127415780638
repeated_stratified_kfold,42,0,2,TCGA-CJ-5675-01A,CJ,False,3936.0,0.21130636019266927,-0.9341381679852669
repeated_stratified_kfold,42,0,2,TCGA-CJ-5677-01A,CJ,True,782.0,1.743557800604868,1.501652249879708
repeated_stratified_kfold,42,0,2,TCGA-CJ-5681-01A,CJ,True,552.0,1.4238052524308216,1.708725772766829
repeated_stratified_kfold,42,0,2,TCGA-CJ-5683-01A,CJ,False,1889.0,0.5557073929990461,0.13217394575474017
repeated_stratified_kfold,42,0,2,TCGA-CW-5584-01A,CW,True,164.0,1.240397880947557,0.24664807850016124
repeated_stratified_kfold,42,0,2,TCGA-CW-5585-01A,CW,False,2609.0,1.6292966748174902,0.270670776278473
repeated_stratified_kfold,42,0,2,TCGA-CW-6097-01A,CW,True,571.0,-0.10256282138343786,-0.27770561182355136
repeated_stratified_kfold,42,0,2,TCGA-CZ-4859-01A,CZ,False,1787.0,-0.03348708719647805,-1.1910829952284487
repeated_stratified_kfold,42,0,2,TCGA-CZ-5455-01A,CZ,True,561.0,2.012999732626346,1.2111099168461446
repeated_stratified_kfold,42,0,2,TCGA-CZ-5459-01A,CZ,False,1683.0,0.8886700779561061,0.3979854866090271
repeated_stratified_kfold,42,0,2,TCGA-CZ-5460-01A,CZ,False,2873.0,1.7571976940871088,0.8237652729800138
repeated_stratified_kfold,42,0,2,TCGA-CZ-5464-01A,CZ,False,2128.0,2.2048512615307736,1.5011641206265849
repeated_stratified_kfold,42,0,2,TCGA-CZ-5465-01A,CZ,True,2564.0,1.3226837519175305,0.41258484695764297
repeated_stratified_kfold,42,0,2,TCGA-CZ-5466-01A,CZ,False,685.0,1.0165710972257247,0.4240742300692013
repeated_stratified_kfold,42,0,2,TCGA-CZ-5467-01A,CZ,True,73.0,1.642436300091577,1.1843159463557986
repeated_stratified_kfold,42,0,2,TCGA-CZ-5989-01A,CZ,False,1905.0,-0.10844618798137709,-1.0111354111674058
repeated_stratified_kfold,42,0,2,TCGA-DV-5566-01A,DV,False,1398.0,0.2223149513427591,-0.6094752734347062
repeated_stratified_kfold,42,0,2,TCGA-DV-5573-01A,DV,False,1130.0,-0.6273770352449256,-1.1518396282632513
repeated_stratified_kfold,42,0,2,TCGA-DV-5575-01A,DV,False,1729.0,-0.25731387091831054,-1.122840048104507
repeated_stratified_kfold,42,0,2,TCGA-GK-A6C7-01A,GK,False,61.0,0.5100922446994008,0.07472622045769228
repeated_stratified_kfold,42,0,3,TCGA-3Z-A93Z-01A,3Z,False,385.0,0.3474223607270473,-0.32299879495293543
repeated_stratified_kfold,42,0,3,TCGA-A3-3306-01A,A3,False,1120.0,0.2726977765552353,-0.5278870730080947
repeated_stratified_kfold,42,0,3,TCGA-A3-3311-01A,A3,True,1191.0,-0.10092514430382474,-0.5860408229540623
repeated_stratified_kfold,42,0,3,TCGA-A3-3347-01A,A3,True,1610.0,1.6264062734885139,1.3280457855870114
repeated_stratified_kfold,42,0,3,TCGA-A3-3358-01A,A3,False,1307.0,-0.13196043587788078,-0.7171698821274842
repeated_stratified_kfold,42,0,3,TCGA-A3-3359-01A,A3,False,2504.0,0.8020968662697693,-0.25064898251317747
repeated_stratified_kfold,42,0,3,TCGA-A3-3365-01A,A3,False,873.0,-0.5119103572487907,-1.0523638955593158
repeated_stratified_kfold,42,0,3,TCGA-A3-3367-01A,A3,False,2270.0,0.45950923698476537,-0.37689285793033855
repeated_stratified_kfold,42,0,3,TCGA-AK-3434-01A,AK,False,2087.0,0.45950923698476537,-0.5061727165559203
repeated_stratified_kfold,42,0,3,TCGA-AK-3440-01A,AK,False,2865.0,-0.06356285221791871,-0.2521773093396911
repeated_stratified_kfold,42,0,3,TCGA-AK-3443-01A,AK,False,1423.0,-0.22969834217549745,-0.6016245151123276
repeated_stratified_kfold,42,0,3,TCGA-AK-3454-01A,AK,False,874.0,0.9078567420156374,0.6844812910792794
repeated_stratified_kfold,42,0,3,TCGA-B0-4690-01A,B0,True,43.0,2.2998074213137243,2.1956382584255114
repeated_stratified_kfold,42,0,3,TCGA-B0-4718-01A,B0,False,1778.0,0.9475580154303556,0.16734813279112737
repeated_stratified_kfold,42,0,3,TCGA-B0-4810-01A,B0,True,478.0,0.5739350945712954,0.222156787499302
repeated_stratified_kfold,42,0,3,TCGA-B0-4834-01A,B0,True,2090.0,-0.39982348099107273,-0.3757521772255339
repeated_stratified_kfold,42,0,3,TCGA-B0-4836-01A,B0,True,1238.0,2.1503582529701006,1.8147147216547044
repeated_stratified_kfold,42,0,3,TCGA-B0-4838-01A,B0,True,834.0,0.31638706915299125,-0.3840117341608885
repeated_stratified_kfold,42,0,3,TCGA-B0-4845-01A,B0,True,1986.0,2.4866188817432544,1.844606874346438
repeated_stratified_kfold,42,0,3,TCGA-B0-5077-01A,B0,True,1317.0,0.6463206974142954,-0.006248170474087766
repeated_stratified_kfold,42,0,3,TCGA-B0-5096-01A,B0,True,68.0,1.4769571051448898,1.7224920995017627
repeated_stratified_kfold,42,0,3,TCGA-B0-5098-01A,B0,True,1584.0,-0.28140960422150474,0.04990427332947511
repeated_stratified_kfold,42,0,3,TCGA-B0-5099-01A,B0,True,485.0,2.0747537785193857,0.983462642151104
repeated_stratified_kfold,42,0,3,TCGA-B0-5102-01A,B0,True,2764.0,0.5031985295825213,-0.25855762117135417
repeated_stratified_kfold,42,0,3,TCGA-B0-5106-01A,B0,True,1598.0,0.16061090029751732,-0.4937425758118958
repeated_stratified_kfold,42,0,3,TCGA-B0-5108-01A,B0,False,1782.0,0.8354711391726375,0.15308043336886035
repeated_stratified_kfold,42,0,3,TCGA-B0-5400-01A,B0,False,1733.0,0.9912473080281117,0.5281237030321301
repeated_stratified_kfold,42,0,3,TCGA-B0-5694-01A,B0,True,480.0,1.4706301046330397,0.4633163120538585
repeated_stratified_kfold,42,0,3,TCGA-B0-5695-01A,B0,False,2150.0,0.017488732465743253,-0.7414009338868423
repeated_stratified_kfold,42,0,3,TCGA-B0-5698-01A,B0,False,3631.0,0.6463206974142954,-0.5513912893147322
repeated_stratified_kfold,42,0,3,TCGA-B0-5701-01A,B0,False,2461.0,1.2464563521176035,0.5915718268747711
repeated_stratified_kfold,42,0,3,TCGA-B0-5713-01A,B0,False,2782.0,1.5890439814026078,0.300878382248313
repeated_stratified_kfold,42,0,3,TCGA-B2-3923-01A,B2,False,992.0,0.2933737470271866,0.20197010701576856
repeated_stratified_kfold,42,0,3,TCGA-B2-4102-01A,B2,False,952.0,0.048524024039799295,-0.8665240259953687
repeated_stratified_kfold,42,0,3,TCGA-B2-5633-01A,B2,False,963.0,-0.13828743638973073,-0.5834420061165149
repeated_stratified_kfold,42,0,3,TCGA-B4-5835-01A,B4,False,16.0,0.12957560872346127,-0.20491038613889007
repeated_stratified_kfold,42,0,3,TCGA-B8-4148-01A,B8,False,1520.0,0.09221331663755526,-0.8157579890812034
repeated_stratified_kfold,42,0,3,TCGA-B8-4151-01A,B8,False,1299.0,0.6923489713408636,-0.616804185012434
repeated_stratified_kfold,42,0,3,TCGA-B8-4621-01A,B8,False,788.0,0.12324860821161131,0.05017273138992806
repeated_stratified_kfold,42,0,3,TCGA-B8-5158-01A,B8,False,1218.0,0.9101957233444495,0.21147159310607244
repeated_stratified_kfold,42,0,3,TCGA-B8-5159-01A,B8,False,722.0,0.017488732465743253,-1.0201979055106256
repeated_stratified_kfold,42,0,3,TCGA-B8-5545-01A,B8,False,1525.0,-0.6613595255924147,-1.2240129191944793
repeated_stratified_kfold,42,0,3,TCGA-B8-5551-01A,B8,False,16.0,0.16693790080936727,0.46313691027383574
repeated_stratified_kfold,42,0,3,TCGA-B8-5552-01B,B8,False,1046.0,-0.7297571092523768,-1.5714236981417016
repeated_stratified_kfold,42,0,3,TCGA-B8-A54H-01A,B8,False,256.0,0.6359613763121905,-0.265064863669662
repeated_stratified_kfold,42,0,3,TCGA-BP-4159-01A,BP,True,2601.0,0.3847846528129533,-0.5230735686807255
repeated_stratified_kfold,42,0,3,TCGA-BP-4162-01A,BP,False,3074.0,0.16693790080936727,-0.7474358768015648
repeated_stratified_kfold,42,0,3,TCGA-BP-4164-01A,BP,True,992.0,0.6923489713408636,-0.29959393007832014
repeated_stratified_kfold,42,0,3,TCGA-BP-4170-01A,BP,True,2343.0,0.4284739454107093,-0.6053073983615324
repeated_stratified_kfold,42,0,3,TCGA-BP-4326-01A,BP,True,1625.0,-0.28140960422150474,-0.1131367736636123
repeated_stratified_kfold,42,0,3,TCGA-BP-4338-01A,BP,False,2859.0,-0.6239972335065087,-0.7829858468938196
repeated_stratified_kfold,42,0,3,TCGA-BP-4340-01A,BP,True,562.0,0.3537493612388973,-0.7930722743839194
repeated_stratified_kfold,42,0,3,TCGA-BP-4344-01A,BP,False,1666.0,0.5405608216684273,-0.14767802127957474
repeated_stratified_kfold,42,0,3,TCGA-BP-4345-01A,BP,False,1516.0,1.1343694758598857,0.5582458619685365
repeated_stratified_kfold,42,0,3,TCGA-BP-4354-01A,BP,True,1034.0,1.3657501191660744,1.223611363136615
repeated_stratified_kfold,42,0,3,TCGA-BP-4756-01A,BP,False,374.0,0.05485102455164926,-0.20764396127471074
repeated_stratified_kfold,42,0,3,TCGA-BP-4761-01A,BP,False,182.0,0.9475580154303556,0.8920128118666729
repeated_stratified_kfold,42,0,3,TCGA-BP-4765-01A,BP,False,2184.0,-0.6239972335065087,-1.4154711201763799
repeated_stratified_kfold,42,0,3,TCGA-BP-4771-01A,BP,True,162.0,2.187720545056006,1.7701346116945027
repeated_stratified_kfold,42,0,3,TCGA-BP-4803-01A,BP,False,204.0,1.7695284413202876,0.7441582991419268
repeated_stratified_kfold,42,0,3,TCGA-BP-4807-01A,BP,False,211.0,-0.6613595255924147,-1.5105872793358732
repeated_stratified_kfold,42,0,3,TCGA-BP-4970-01A,BP,False,433.0,0.4618482183135775,-0.2750098719954842
repeated_stratified_kfold,42,0,3,TCGA-BP-4973-01A,BP,False,1384.0,0.5739350945712954,-0.644752953147167
repeated_stratified_kfold,42,0,3,TCGA-BP-4981-01A,BP,True,1097.0,1.5890439814026078,0.6890488535413838
repeated_stratified_kfold,42,0,3,TCGA-BP-4982-01A,BP,False,1014.0,-0.6613595255924147,-1.6940876964596385
repeated_stratified_kfold,42,0,3,TCGA-BP-4999-01A,BP,False,1266.0,-0.13828743638973073,-0.9119600973200892
repeated_stratified_kfold,42,0,3,TCGA-BP-5001-01A,BP,False,1177.0,-0.6550325250805648,-1.4337372027874729
repeated_stratified_kfold,42,0,3,TCGA-BP-5006-01A,BP,False,840.0,0.048524024039799295,-0.8622109365480004
repeated_stratified_kfold,42,0,3,TCGA-BP-5008-01A,BP,False,1071.0,-0.5119103572487907,-1.213331521379926
repeated_stratified_kfold,42,0,3,TCGA-BP-5178-01A,BP,True,1912.0,2.5239811738291604,1.797040083418835
repeated_stratified_kfold,42,0,3,TCGA-BP-5180-01A,BP,False,2263.0,-0.2503743126474487,-1.1947216623847876
repeated_stratified_kfold,42,0,3,TCGA-BP-5189-01A,BP,True,822.0,0.011161731953893292,-0.604926774751555
repeated_stratified_kfold,42,0,3,TCGA-BP-5196-01A,BP,False,1018.0,-0.2503743126474487,-0.20446889697187165
repeated_stratified_kfold,42,0,3,TCGA-BP-5200-01A,BP,False,1063.0,-0.2670606342614035,-1.0155808397352761
repeated_stratified_kfold,42,0,3,TCGA-CJ-4635-01A,CJ,False,1416.0,-0.43718577307697876,-1.1550471496912424
repeated_stratified_kfold,42,0,3,TCGA-CJ-4641-01A,CJ,True,1661.0,1.8951492088806083,1.3387327349386973
repeated_stratified_kfold,42,0,3,TCGA-CJ-4870-01A,CJ,False,1498.0,0.9538850159422056,-0.23555432472860288
repeated_stratified_kfold,42,0,3,TCGA-CJ-4871-01A,CJ,False,2423.0,2.2250828371419122,1.7852468219714814
repeated_stratified_kfold,42,0,3,TCGA-CJ-4872-01A,CJ,False,1435.0,-0.32509889681926074,-0.6942305320385889
repeated_stratified_kfold,42,0,3,TCGA-CJ-4888-01A,CJ,True,1567.0,2.0756336687982886,1.817212308034628
repeated_stratified_kfold,42,0,3,TCGA-CJ-4891-01A,CJ,True,819.0,0.9165227238562996,0.6457042824408602
repeated_stratified_kfold,42,0,3,TCGA-CJ-4894-01A,CJ,True,841.0,0.9849203075162616,-0.04535710801277437
repeated_stratified_kfold,42,0,3,TCGA-CJ-4895-01A,CJ,True,1200.0,2.187720545056006,1.6174956732891466
repeated_stratified_kfold,42,0,3,TCGA-CJ-4897-01A,CJ,False,3341.0,1.7384931497462317,0.3818708738355464
repeated_stratified_kfold,42,0,3,TCGA-CJ-4899-01A,CJ,False,1528.0,-0.6613595255924147,-1.423806856342578
repeated_stratified_kfold,42,0,3,TCGA-CJ-4902-01A,CJ,False,1520.0,1.0970071837739797,0.23056913574311666
repeated_stratified_kfold,42,0,3,TCGA-CJ-4907-01A,CJ,False,1499.0,0.9849203075162616,-0.07352946284797124
repeated_stratified_kfold,42,0,3,TCGA-CJ-4916-01A,CJ,False,1373.0,1.3648702288871717,0.45315632462043964
repeated_stratified_kfold,42,0,3,TCGA-CJ-5678-01A,CJ,True,574.0,2.187720545056006,1.322158308386936
repeated_stratified_kfold,42,0,3,TCGA-CJ-5679-01A,CJ,True,679.0,1.5453546888048517,1.1348671035939648
repeated_stratified_kfold,42,0,3,TCGA-CJ-5682-01A,CJ,False,3736.0,2.1129959608841946,1.114457981067308
repeated_stratified_kfold,42,0,3,TCGA-CJ-5684-01A,CJ,False,2231.0,1.0970071837739797,0.1497938526650925
repeated_stratified_kfold,42,0,3,TCGA-CJ-6028-01A,CJ,True,1625.0,2.0382713767123826,1.6117196458849068
repeated_stratified_kfold,42,0,3,TCGA-CW-5588-01A,CW,False,2017.0,0.6526476979261453,0.39878135282769
repeated_stratified_kfold,42,0,3,TCGA-CW-6088-01A,CW,False,3222.0,0.011161731953893292,-1.01780029281427
repeated_stratified_kfold,42,0,3,TCGA-CW-6090-01A,CW,False,2552.0,0.31006006864114133,-0.06924092550065342
repeated_stratified_kfold,42,0,3,TCGA-CZ-4856-01A,CZ,False,18.0,0.05485102455164926,-0.974778432211867
repeated_stratified_kfold,42,0,3,TCGA-CZ-4864-01A,CZ,True,1315.0,1.3021556333466486,0.3166661639500348
repeated_stratified_kfold,42,0,3,TCGA-CZ-5456-01A,CZ,False,2422.0,0.21864916285537458,-0.5325279597051321
repeated_stratified_kfold,42,0,3,TCGA-CZ-5469-01A,CZ,True,946.0,-0.37914751051912143,-0.47914671243766077
repeated_stratified_kfold,42,0,3,TCGA-CZ-5984-01A,CZ,False,2067.0,-0.32509889681926074,-0.7947399566445963
repeated_stratified_kfold,42,0,3,TCGA-CZ-5985-01A,CZ,False,1997.0,0.2560114549412806,-0.38594650276583975
repeated_stratified_kfold,42,0,3,TCGA-DV-5565-01A,DV,False,1329.0,-0.026200560132012714,-0.7006856420108283
repeated_stratified_kfold,42,0,3,TCGA-DV-5568-01A,DV,False,370.0,-1.2591561989669109,-1.7988416179788125
repeated_stratified_kfold,42,0,3,TCGA-EU-5905-01A,EU,False,119.0,0.24166248498117926,-0.14341426822624426
repeated_stratified_kfold,42,0,3,TCGA-MM-A84U-01A,MM,False,700.0,-0.09459814379197476,-0.3121207194589595
repeated_stratified_kfold,42,0,4,TCGA-A3-3316-01A,A3,False,1493.0,0.04757728624470037,-0.4038592127293077
repeated_stratified_kfold,42,0,4,TCGA-A3-3322-01A,A3,False,1478.0,-0.4196052331243484,-0.9183930274116134
repeated_stratified_kfold,42,0,4,TCGA-A3-3325-01A,A3,True,1170.0,-0.38492867636209266,-1.0364195871326132
repeated_stratified_kfold,42,0,4,TCGA-A3-3326-01A,A3,False,1137.0,-0.5583114601733714,-1.1277754576125743
repeated_stratified_kfold,42,0,4,TCGA-A3-3328-01A,A3,False,1385.0,0.5513383562188128,0.5448305290011828
repeated_stratified_kfold,42,0,4,TCGA-A3-3331-01A,A3,False,1257.0,0.8826165107977927,0.25789082982788186
repeated_stratified_kfold,42,0,4,TCGA-A3-3335-01A,A3,False,1886.0,-0.5072476219513918,-1.0207983168757941
repeated_stratified_kfold,42,0,4,TCGA-A3-3349-01A,A3,False,1385.0,-0.9205644408395066,-1.2727711285669274
repeated_stratified_kfold,42,0,4,TCGA-A3-3351-01A,A3,False,910.0,-0.47257106518913605,-0.9162011625326969
repeated_stratified_kfold,42,0,4,TCGA-A3-3352-01A,A3,True,561.0,1.171404265397533,0.37592864099881756
repeated_stratified_kfold,42,0,4,TCGA-A3-3370-01A,A3,False,2274.0,-0.43509264616792614,-0.9303019153847583
repeated_stratified_kfold,42,0,4,TCGA-A3-3380-01A,A3,False,567.0,-0.31557556283758115,-0.8464078565507327
repeated_stratified_kfold,42,0,4,TCGA-A3-A8OV-01A,A3,False,340.0,0.4126321291697898,-0.13815256320018587
repeated_stratified_kfold,42,0,4,TCGA-A3-A8OW-01A,A3,False,323.0,-0.11162833480593004,-0.9138980352460273
repeated_stratified_kfold,42,0,4,TCGA-AK-3425-01A,AK,False,3343.0,0.1698962318339995,-0.04677266558623633
repeated_stratified_kfold,42,0,4,TCGA-AK-3436-01A,AK,False,3331.0,0.9397488724293623,0.6802293067395853
repeated_stratified_kfold,42,0,4,TCGA-AK-3445-01A,AK,False,2392.0,0.9980214815862541,0.8910745545403365
repeated_stratified_kfold,42,0,4,TCGA-AK-3447-01A,AK,False,1217.0,0.9491677620633501,0.8065114665236575
repeated_stratified_kfold,42,0,4,TCGA-AS-3778-01A,AS,False,43.0,-0.9744301413204406,-1.5200537780414645
repeated_stratified_kfold,42,0,4,TCGA-B0-4691-01A,B0,True,139.0,1.4598972238631986,1.170451903702192
repeated_stratified_kfold,42,0,4,TCGA-B0-4696-01A,B0,True,866.0,0.6165793572014409,0.753416705675376
repeated_stratified_kfold,42,0,4,TCGA-B0-4698-01A,B0,True,42.0,2.1534283591083136,2.362535126716551
repeated_stratified_kfold,42,0,4,TCGA-B0-4699-01A,B0,True,110.0,2.118751802346058,2.4143621738602348
repeated_stratified_kfold,42,0,4,TCGA-B0-4701-01A,B0,True,238.0,1.9298816054912016,1.4661990577285424
repeated_stratified_kfold,42,0,4,TCGA-B0-4713-01A,B0,True,202.0,1.329299636165234,0.7742938868360065
repeated_stratified_kfold,42,0,4,TCGA-B0-4817-01A,B0,True,1019.0,1.4141401627333234,1.0701268760627038
repeated_stratified_kfold,42,0,4,TCGA-B0-4819-01A,B0,True,183.0,1.721822264917667,1.5127521545247902
repeated_stratified_kfold,42,0,4,TCGA-B0-4827-01A,B0,True,885.0,1.36397619292749,1.1468703823397766
repeated_stratified_kfold,42,0,4,TCGA-B0-4833-01A,B0,True,2386.0,0.7439102837487698,0.19500989204355096
repeated_stratified_kfold,42,0,4,TCGA-B0-4848-01A,B0,True,883.0,0.4778731301524178,0.16468472665477746
repeated_stratified_kfold,42,0,4,TCGA-B0-5081-01A,B0,True,362.0,1.4333293064520014,1.1514738037213958
repeated_stratified_kfold,42,0,4,TCGA-B0-5084-01A,B0,True,222.0,0.6970129750935719,0.6615407905243047
repeated_stratified_kfold,42,0,4,TCGA-B0-5100-01A,B0,True,1913.0,1.1020511518730214,1.1210595855089878
repeated_stratified_kfold,42,0,4,TCGA-B0-5113-01A,B0,False,1175.0,1.0865637388294438,0.5928585709738221
repeated_stratified_kfold,42,0,4,TCGA-B0-5115-01A,B0,False,1604.0,1.0437785427161295,0.46788669466656024
repeated_stratified_kfold,42,0,4,TCGA-B0-5119-01A,B0,False,1552.0,0.01570259174139877,-0.7077387284331049
repeated_stratified_kfold,42,0,4,TCGA-B0-5692-01A,B0,False,3944.0,0.9825340685426766,0.27848635811863626
repeated_stratified_kfold,42,0,4,TCGA-B0-5693-01A,B0,False,4074.0,-0.4697692029301818,-1.0619132065300898
repeated_stratified_kfold,42,0,4,TCGA-B0-5703-01A,B0,False,2246.0,0.34327901564527824,-0.29348481781562497
repeated_stratified_kfold,42,0,4,TCGA-B0-5711-01A,B0,False,3989.0,0.33916690310339476,-0.3295303290019013
repeated_stratified_kfold,42,0,4,TCGA-B0-5812-01A,B0,False,3834.0,-0.3502521195998369,-0.8928090407959535
repeated_stratified_kfold,42,0,4,TCGA-B2-3924-01A,B2,False,1092.0,0.34327901564527824,-0.2644453832110105
repeated_stratified_kfold,42,0,4,TCGA-B8-4143-01A,B8,True,709.0,1.9298816054912016,1.9781802879287267
repeated_stratified_kfold,42,0,4,TCGA-B8-4153-01B,B8,False,762.0,1.171404265397533,0.5229070920400369
repeated_stratified_kfold,42,0,4,TCGA-B8-5163-01A,B8,False,822.0,0.8785043982559093,0.8502882292824427
repeated_stratified_kfold,42,0,4,TCGA-B8-5546-01A,B8,False,505.0,-0.7818582137904837,-0.8974948932618436
repeated_stratified_kfold,42,0,4,TCGA-B8-A54E-01A,B8,False,909.0,0.050379148503654526,-0.2083119626617136
repeated_stratified_kfold,42,0,4,TCGA-BP-4174-01A,BP,False,1879.0,-0.22983516785334568,-0.6511005840780428
repeated_stratified_kfold,42,0,4,TCGA-BP-4177-01A,BP,False,1670.0,0.06586656154723222,-0.24352858964412732
repeated_stratified_kfold,42,0,4,TCGA-BP-4325-01A,BP,False,2964.0,0.11973226202816604,-0.5281042563209316
repeated_stratified_kfold,42,0,4,TCGA-BP-4330-01A,BP,False,1888.0,0.774474727969142,0.07481703011851382
repeated_stratified_kfold,42,0,4,TCGA-BP-4335-01A,BP,True,475.0,1.8952050487289458,1.4194475949375696
repeated_stratified_kfold,42,0,4,TCGA-BP-4337-01A,BP,True,2.0,1.329299636165234,0.9406461535378248
repeated_stratified_kfold,42,0,4,TCGA-BP-4758-01A,BP,False,2208.0,-0.8010473575091617,-1.3141623344633762
repeated_stratified_kfold,42,0,4,TCGA-BP-4762-01A,BP,True,1343.0,-0.7316942439846503,-1.2058884634870155
repeated_stratified_kfold,42,0,4,TCGA-BP-4768-01A,BP,False,400.0,0.3971447161262121,0.06643986061951995
repeated_stratified_kfold,42,0,4,TCGA-BP-4769-01A,BP,False,1876.0,-0.0034865519772793035,-0.011648047612364154
repeated_stratified_kfold,42,0,4,TCGA-BP-4774-01A,BP,False,1885.0,-0.12300363530762427,-0.6952813531564824
repeated_stratified_kfold,42,0,4,TCGA-BP-4775-01A,BP,False,1843.0,-0.19235674883213577,-0.872987310635245
repeated_stratified_kfold,42,0,4,TCGA-BP-4777-01A,BP,False,1731.0,-0.5929880169356272,-1.184124728729705
repeated_stratified_kfold,42,0,4,TCGA-BP-4781-01A,BP,False,2080.0,0.516661799456557,0.184262859376015
repeated_stratified_kfold,42,0,4,TCGA-BP-4784-01A,BP,False,1854.0,0.22376193231493333,0.18771851841959847
repeated_stratified_kfold,42,0,4,TCGA-BP-4960-01A,BP,False,2172.0,-0.33386483814011303,-0.8578194970212054
repeated_stratified_kfold,42,0,4,TCGA-BP-4963-01A,BP,False,1834.0,-0.0034865519772793035,-0.6123674212243777
repeated_stratified_kfold,42,0,4,TCGA-BP-4967-01A,BP,False,205.0,1.2407573789220445,0.917154967241979
repeated_stratified_kfold,42,0,4,TCGA-BP-4976-01A,BP,False,1632.0,0.4819852426943014,-0.1904473354975609
repeated_stratified_kfold,42,0,4,TCGA-BP-4985-01A,BP,True,952.0,1.1020511518730214,1.104191233597556
repeated_stratified_kfold,42,0,4,TCGA-BP-4988-01A,BP,True,828.0,0.3086024588830225,0.23688328418620558
repeated_stratified_kfold,42,0,4,TCGA-BP-5184-01A,BP,False,1133.0,-0.31557556283758115,-1.087610980900618
repeated_stratified_kfold,42,0,4,TCGA-BP-5186-01A,BP,False,693.0,-0.3657395326434146,-0.9762718035642104
repeated_stratified_kfold,42,0,4,TCGA-BP-5191-01A,BP,False,967.0,1.3447870492088119,0.8567143163895734
repeated_stratified_kfold,42,0,4,TCGA-BP-5192-01A,BP,False,714.0,-0.14219277902630234,-0.7284593116479989
repeated_stratified_kfold,42,0,4,TCGA-BP-5194-01A,BP,False,408.0,-0.8357239142714175,-1.5198107445539155
repeated_stratified_kfold,42,0,4,TCGA-BP-5199-01A,BP,False,1355.0,0.08225384300695612,-0.2616101308744834
repeated_stratified_kfold,42,0,4,TCGA-CJ-4637-01A,CJ,True,2227.0,1.444409810819621,1.2813446686209862
repeated_stratified_kfold,42,0,4,TCGA-CJ-4643-01A,CJ,False,1793.0,0.4828851111104475,-0.206745445150063
repeated_stratified_kfold,42,0,4,TCGA-CJ-4644-01A,CJ,True,336.0,1.305703583770598,0.8588653834908861
repeated_stratified_kfold,42,0,4,TCGA-CJ-4868-01A,CJ,True,646.0,1.0091019859538737,0.8083282501092657
repeated_stratified_kfold,42,0,4,TCGA-CJ-4874-01A,CJ,False,2283.0,0.43182127288846783,-0.28779545865210276
repeated_stratified_kfold,42,0,4,TCGA-CJ-4887-01A,CJ,True,932.0,1.2171613265274082,0.44468844143734726
repeated_stratified_kfold,42,0,4,TCGA-CJ-4892-01A,CJ,False,1521.0,0.15440881879042181,-0.45089882991567887
repeated_stratified_kfold,42,0,4,TCGA-CJ-4893-01A,CJ,False,750.0,0.5358509431752352,-0.15926672895225663
repeated_stratified_kfold,42,0,4,TCGA-CJ-4901-01A,CJ,False,1450.0,0.23513723281662752,0.06272055831001971
repeated_stratified_kfold,42,0,4,TCGA-CJ-4905-01A,CJ,False,1496.0,0.050379148503654526,-0.5245214679891481
repeated_stratified_kfold,42,0,4,TCGA-CJ-4908-01A,CJ,False,1531.0,-0.8704004710336732,-1.2623201662371568
repeated_stratified_kfold,42,0,4,TCGA-CJ-4912-01A,CJ,False,1657.0,0.1862835132937234,0.18816713596497975
repeated_stratified_kfold,42,0,4,TCGA-CW-5580-01A,CW,True,1964.0,2.172617502826992,1.7749210919344005
repeated_stratified_kfold,42,0,4,TCGA-CZ-4857-01A,CZ,True,1432.0,1.4945737806254544,1.303924206260182
repeated_stratified_kfold,42,0,4,TCGA-CZ-4858-01A,CZ,True,2105.0,-0.5766007354759033,-0.19336472446389805
repeated_stratified_kfold,42,0,4,TCGA-CZ-4861-01A,CZ,True,446.0,0.2556366268182349,-0.23888556523358273
repeated_stratified_kfold,42,0,4,TCGA-CZ-4862-01A,CZ,False,3271.0,-0.5929880169356272,-0.8978642085079416
repeated_stratified_kfold,42,0,4,TCGA-CZ-4866-01A,CZ,False,3267.0,0.6398806134620024,0.0716627639455309
repeated_stratified_kfold,42,0,4,TCGA-CZ-5451-01A,CZ,False,1929.0,0.6370787512030482,-0.23710548245934968
repeated_stratified_kfold,42,0,4,TCGA-CZ-5452-01A,CZ,False,1789.0,0.4636959673917695,-0.2843749963079065
repeated_stratified_kfold,42,0,4,TCGA-CZ-5453-01A,CZ,True,2419.0,0.3943428538672579,-0.25290148795722495
repeated_stratified_kfold,42,0,4,TCGA-CZ-5463-01A,CZ,False,662.0,0.7064318647275598,-0.14073747573259082
repeated_stratified_kfold,42,0,4,TCGA-CZ-5468-01A,CZ,True,59.0,2.465517369968616,2.3870981581854234
repeated_stratified_kfold,42,0,4,TCGA-CZ-5987-01A,CZ,True,445.0,1.6332800076744773,1.2382539852485392
repeated_stratified_kfold,42,0,4,TCGA-CZ-5988-01A,CZ,False,693.0,-0.8704004710336732,-1.1436773750044962
repeated_stratified_kfold,42,0,4,TCGA-DV-5567-01A,DV,False,2004.0,-0.7125051002659721,-0.8151536371392047
repeated_stratified_kfold,42,0,4,TCGA-DV-5569-01A,DV,False,355.0,-1.0939472246507855,-1.6243861099400252
repeated_stratified_kfold,42,0,4,TCGA-DV-5576-01A,DV,True,727.0,-0.19235674883213577,-0.4959234177997055
repeated_stratified_kfold,42,0,4,TCGA-EU-5904-01A,EU,False,551.0,-0.4697692029301818,-1.2255614325261013
repeated_stratified_kfold,42,0,4,TCGA-EU-5907-01A,EU,False,127.0,1.4141401627333234,0.9698810242542546
repeated_stratified_kfold,42,0,4,TCGA-MW-A4EC-01A,MW,False,498.0,0.3971447161262121,-0.04484371340149235
repeated_stratified_kfold,123,1,0,TCGA-6D-AA2E-01A,6D,False,362.0,0.23533226706497623,0.4924264081608616
repeated_stratified_kfold,123,1,0,TCGA-A3-3306-01A,A3,False,1120.0,0.17203368614133577,-0.3878838752921442
repeated_stratified_kfold,123,1,0,TCGA-A3-3308-01A,A3,False,16.0,1.424454143342388,1.2643651938598321
repeated_stratified_kfold,123,1,0,TCGA-A3-3328-01A,A3,False,1385.0,0.5505338723332938,0.33496987848686177
repeated_stratified_kfold,123,1,0,TCGA-A3-3335-01A,A3,False,1886.0,-0.3578884720357422,-0.8006872720773375
repeated_stratified_kfold,123,1,0,TCGA-A3-3357-01A,A3,False,2688.0,0.3044868538001842,-0.293389010678397
repeated_stratified_kfold,123,1,0,TCGA-A3-3370-01A,A3,False,2274.0,-0.395501376588287,-0.8862800231966124
repeated_stratified_kfold,123,1,0,TCGA-A3-3372-01A,A3,False,735.0,0.9826553762267897,0.3288296872129669
repeated_stratified_kfold,123,1,0,TCGA-A3-3382-01A,A3,False,574.0,0.23511705050666212,0.07783186862503788
repeated_stratified_kfold,123,1,0,TCGA-A3-3383-01A,A3,False,861.0,-0.30109154659861165,-0.8815809502733898
repeated_stratified_kfold,123,1,0,TCGA-A3-A6NJ-01A,A3,False,468.0,-0.11162623694431854,-0.8322583412383695
repeated_stratified_kfold,123,1,0,TCGA-A3-A6NN-01A,A3,False,3.0,0.5189921901506306,-0.12172141803169134
repeated_stratified_kfold,123,1,0,TCGA-AK-3428-01A,AK,False,3728.0,0.9195720118614633,0.07825185063723494
repeated_stratified_kfold,123,1,0,TCGA-AK-3431-01A,AK,True,2241.0,0.3362437525411615,-0.30966234891014655
repeated_stratified_kfold,123,1,0,TCGA-AK-3461-01A,AK,False,2217.0,0.3297420970546515,-0.108437756590884
repeated_stratified_kfold,123,1,0,TCGA-AS-3777-01A,AS,False,1238.0,0.04586695741068312,0.061143549163484634
repeated_stratified_kfold,123,1,0,TCGA-B0-4688-01A,B0,True,101.0,1.342016822357827,1.8731363636065417
repeated_stratified_kfold,123,1,0,TCGA-B0-4691-01A,B0,True,139.0,1.6258919620017953,1.4472512178558048
repeated_stratified_kfold,123,1,0,TCGA-B0-4693-01A,B0,True,77.0,1.2667457324290723,0.483760151957519
repeated_stratified_kfold,123,1,0,TCGA-B0-4697-01A,B0,True,578.0,1.3737737210988044,1.3974548700413179
repeated_stratified_kfold,123,1,0,TCGA-B0-4814-01A,B0,True,168.0,1.720517008549785,1.0617068146478899
repeated_stratified_kfold,123,1,0,TCGA-B0-4828-01A,B0,True,307.0,2.382892334385711,1.7792334101791825
repeated_stratified_kfold,123,1,0,TCGA-B0-4834-01A,B0,True,2090.0,-0.3957165931466011,-0.3667761128552451
repeated_stratified_kfold,123,1,0,TCGA-B0-4836-01A,B0,True,1238.0,1.8151420550977744,1.783211505601295
repeated_stratified_kfold,123,1,0,TCGA-B0-4841-01A,B0,True,204.0,1.8782254194631007,1.2172371115493676
repeated_stratified_kfold,123,1,0,TCGA-B0-5077-01A,B0,True,1317.0,0.4874505079679674,-0.08346938692152278
repeated_stratified_kfold,123,1,0,TCGA-B0-5092-01A,B0,True,459.0,1.5945654963774465,1.4544044442449922
repeated_stratified_kfold,123,1,0,TCGA-B0-5102-01A,B0,True,2764.0,0.4245823601609552,-0.24257792814603457
repeated_stratified_kfold,123,1,0,TCGA-B0-5690-01A,B0,False,3392.0,-0.23779296567497119,-0.9811877692234204
repeated_stratified_kfold,123,1,0,TCGA-B0-5693-01A,B0,False,4074.0,-0.42704305877095017,-1.1562974677580313
repeated_stratified_kfold,123,1,0,TCGA-B0-5695-01A,B0,False,2150.0,0.014540491786334098,-0.5797353511883395
repeated_stratified_kfold,123,1,0,TCGA-B0-5697-01A,B0,False,2630.0,-0.364174910963938,-0.7352571998274562
repeated_stratified_kfold,123,1,0,TCGA-B0-5707-01A,B0,False,3744.0,-0.6793765162322555,-0.94587651831785
repeated_stratified_kfold,123,1,0,TCGA-B0-5711-01A,B0,False,3989.0,0.5410718256695053,-0.38374729296919796
repeated_stratified_kfold,123,1,0,TCGA-B0-5712-01A,B0,False,2722.0,2.067690729117394,1.1553306636020397
repeated_stratified_kfold,123,1,0,TCGA-B2-4098-01A,B2,True,51.0,0.36149899579562883,0.2238573441067433
repeated_stratified_kfold,123,1,0,TCGA-B2-4099-01A,B2,False,972.0,0.6767006010639462,-0.1851069095950486
repeated_stratified_kfold,123,1,0,TCGA-B2-5635-01A,B2,False,755.0,0.3928254614199779,-0.30787712066078965
repeated_stratified_kfold,123,1,0,TCGA-B2-A4SR-01A,B2,False,507.0,0.272945171617521,-0.6291104152486773
repeated_stratified_kfold,123,1,0,TCGA-B4-5377-01A,B4,False,365.0,2.067690729117394,1.0738374545208804
repeated_stratified_kfold,123,1,0,TCGA-B4-5834-01A,B4,False,38.0,-0.08029977131996952,-0.829476310384922
repeated_stratified_kfold,123,1,0,TCGA-B4-5838-01A,B4,False,166.0,-4.6929333247352485,-0.9113297276530408
repeated_stratified_kfold,123,1,0,TCGA-B4-5844-01A,B4,False,7.0,0.30470207035849833,-0.6415452277480402
repeated_stratified_kfold,123,1,0,TCGA-B8-4621-01A,B8,False,788.0,0.04586695741068312,-0.07189342677584964
repeated_stratified_kfold,123,1,0,TCGA-B8-5550-01A,B8,False,1476.0,1.2034471515054317,0.6863132932097151
repeated_stratified_kfold,123,1,0,TCGA-B8-A54F-01A,B8,False,519.0,-0.3639596944056238,-0.7250816090946387
repeated_stratified_kfold,123,1,0,TCGA-BP-4158-01A,BP,False,3377.0,0.23511705050666212,-0.29285514993836614
repeated_stratified_kfold,123,1,0,TCGA-BP-4159-01A,BP,True,2601.0,0.2666587326893253,-0.33570318007226996
repeated_stratified_kfold,123,1,0,TCGA-BP-4170-01A,BP,True,2343.0,0.36149899579562883,-0.45198282405785406
repeated_stratified_kfold,123,1,0,TCGA-BP-4330-01A,BP,False,1888.0,0.8882455462371143,0.10917229564048325
repeated_stratified_kfold,123,1,0,TCGA-BP-4332-01A,BP,False,1133.0,0.09948827511222114,-0.7453001531227721
repeated_stratified_kfold,123,1,0,TCGA-BP-4337-01A,BP,True,2.0,1.392912461159725,1.0180760560811608
repeated_stratified_kfold,123,1,0,TCGA-BP-4338-01A,BP,False,2859.0,-0.5849666862425801,-0.6775858349157378
repeated_stratified_kfold,123,1,0,TCGA-BP-4341-01A,BP,True,1589.0,1.0772804227747792,0.4071879861215165
repeated_stratified_kfold,123,1,0,TCGA-BP-4344-01A,BP,False,1666.0,0.45612404234361836,-0.09705706968485811
repeated_stratified_kfold,123,1,0,TCGA-BP-4349-01A,BP,False,372.0,0.23533226706497623,-0.4075765993538555
repeated_stratified_kfold,123,1,0,TCGA-BP-4351-01A,BP,False,970.0,0.6043704065931459,0.3090960850151079
repeated_stratified_kfold,123,1,0,TCGA-BP-4353-01A,BP,True,375.0,-0.017216406954643194,-0.6143332561677513
repeated_stratified_kfold,123,1,0,TCGA-BP-4354-01A,BP,True,1034.0,1.152766729261848,1.100912815335598
repeated_stratified_kfold,123,1,0,TCGA-BP-4355-01A,BP,True,953.0,0.8567038640544511,0.1651435641575768
repeated_stratified_kfold,123,1,0,TCGA-BP-4756-01A,BP,False,374.0,0.04608217396899726,-0.05251012328677057
repeated_stratified_kfold,123,1,0,TCGA-BP-4774-01A,BP,False,1885.0,-0.11162623694431854,-0.74395733511415
repeated_stratified_kfold,123,1,0,TCGA-BP-4787-01A,BP,True,480.0,1.7838155894734253,1.4710896407488114
repeated_stratified_kfold,123,1,0,TCGA-BP-4790-01A,BP,True,1111.0,0.45590882578530423,-0.0019098635027836597
repeated_stratified_kfold,123,1,0,TCGA-BP-4798-01A,BP,True,334.0,-3.9990163167166592,0.3922219323798821
repeated_stratified_kfold,123,1,0,TCGA-BP-4799-01A,BP,True,1133.0,1.1719054693227686,0.7473051398606168
repeated_stratified_kfold,123,1,0,TCGA-BP-4972-01A,BP,False,1502.0,0.3520369491318406,-0.343810183633671
repeated_stratified_kfold,123,1,0,TCGA-BP-4981-01A,BP,True,1097.0,1.3613707789770617,0.6231682662268785
repeated_stratified_kfold,123,1,0,TCGA-BP-4987-01A,BP,False,1124.0,-0.6162931518669291,-1.4091765594403545
repeated_stratified_kfold,123,1,0,TCGA-BP-4994-01A,BP,False,1308.0,-0.23800818223328532,-0.6655711739594701
repeated_stratified_kfold,123,1,0,TCGA-BP-5007-01A,BP,False,1140.0,-0.23172174330508952,-1.1529956398392955
repeated_stratified_kfold,123,1,0,TCGA-BP-5180-01A,BP,False,2263.0,-0.26954986441594847,-0.979993299650686
repeated_stratified_kfold,123,1,0,TCGA-BP-5192-01A,BP,False,714.0,-0.08029977131996952,-0.9228085481784496
repeated_stratified_kfold,123,1,0,TCGA-BP-5196-01A,BP,False,1018.0,-0.26954986441594847,-0.21438394693716445
repeated_stratified_kfold,123,1,0,TCGA-BP-5200-01A,BP,False,1063.0,-0.2632634254877528,-0.9417487771036103
repeated_stratified_kfold,123,1,0,TCGA-BP-5202-01A,BP,False,29.0,1.3296138802360844,0.34706704111505704
repeated_stratified_kfold,123,1,0,TCGA-CJ-4643-01A,CJ,False,1793.0,0.4939521634544773,-0.27737146861697404
repeated_stratified_kfold,123,1,0,TCGA-CJ-4870-01A,CJ,False,1498.0,0.8251621818717879,-0.09266203014880975
repeated_stratified_kfold,123,1,0,TCGA-CJ-4874-01A,CJ,False,2283.0,0.393040677978292,-0.47121151518330984
repeated_stratified_kfold,123,1,0,TCGA-CJ-4882-01A,CJ,False,1883.0,0.7618636009481475,0.4968627424697877
repeated_stratified_kfold,123,1,0,TCGA-CJ-4886-01A,CJ,False,1952.0,-0.584751469684266,-1.3106982225129118
repeated_stratified_kfold,123,1,0,TCGA-CJ-4891-01A,CJ,True,819.0,0.7936204996891248,0.7540329190965935
repeated_stratified_kfold,123,1,0,TCGA-CJ-4894-01A,CJ,True,841.0,0.7934052831308106,-0.023349939962684307
repeated_stratified_kfold,123,1,0,TCGA-CJ-4905-01A,CJ,False,1496.0,0.04608217396899726,-0.6184555172681768
repeated_stratified_kfold,123,1,0,TCGA-CJ-4907-01A,CJ,False,1499.0,0.7934052831308106,-0.0646858411607465
repeated_stratified_kfold,123,1,0,TCGA-CJ-4908-01A,CJ,False,1531.0,-0.7426750971558959,-1.1200660032928986
repeated_stratified_kfold,123,1,0,TCGA-CJ-4916-01A,CJ,False,1373.0,1.1721206858810826,0.4223590508900673
repeated_stratified_kfold,123,1,0,TCGA-CJ-5671-01A,CJ,False,3987.0,-0.3326332287812748,-0.5599238037949775
repeated_stratified_kfold,123,1,0,TCGA-CJ-5675-01A,CJ,False,3936.0,0.5568203112614896,-0.48683687105001433
repeated_stratified_kfold,123,1,0,TCGA-CJ-5677-01A,CJ,True,782.0,1.6261071785601096,1.360519380737786
repeated_stratified_kfold,123,1,0,TCGA-CJ-5682-01A,CJ,False,3736.0,1.7836003729151113,0.9661353367998848
repeated_stratified_kfold,123,1,0,TCGA-CJ-5686-01A,CJ,False,2038.0,-0.04854287257899222,-0.8018786643805068
repeated_stratified_kfold,123,1,0,TCGA-CJ-6033-01A,CJ,True,224.0,1.6261071785601096,1.0059919320636697
repeated_stratified_kfold,123,1,0,TCGA-CW-5588-01A,CW,False,2017.0,0.5507490888916079,0.32154656528017145
repeated_stratified_kfold,123,1,0,TCGA-CZ-4861-01A,CZ,True,446.0,0.3360285359828473,0.03842756908759293
repeated_stratified_kfold,123,1,0,TCGA-CZ-4862-01A,CZ,False,3271.0,-0.4903416396945906,-0.8791574805657967
repeated_stratified_kfold,123,1,0,TCGA-CZ-5455-01A,CZ,True,561.0,1.8782254194631007,1.146617351721802
repeated_stratified_kfold,123,1,0,TCGA-CZ-5468-01A,CZ,True,59.0,2.540600745299027,2.522532055400739
repeated_stratified_kfold,123,1,0,TCGA-CZ-5982-01A,CZ,False,2439.0,-0.04854287257899222,-1.0007423081393088
repeated_stratified_kfold,123,1,0,TCGA-CZ-5984-01A,CZ,False,2067.0,-0.3326332287812748,-0.9300211278789239
repeated_stratified_kfold,123,1,0,TCGA-CZ-5988-01A,CZ,False,693.0,-0.7426750971558959,-1.2089497774868434
repeated_stratified_kfold,123,1,0,TCGA-DV-5573-01A,DV,False,1130.0,-0.6480500506079064,-1.0034442215844193
repeated_stratified_kfold,123,1,0,TCGA-DV-5575-01A,DV,False,1729.0,-0.26933464785763434,-1.0910864473603143
repeated_stratified_kfold,123,1,0,TCGA-EU-5907-01A,EU,False,127.0,1.5188639733320635,0.9184747101484925
repeated_stratified_kfold,123,1,0,TCGA-G6-A5PC-01A,G6,True,242.0,1.6261071785601096,0.6964153065309209
repeated_stratified_kfold,123,1,0,TCGA-MM-A564-01A,MM,False,607.0,0.4937369468961632,0.1487878729635398
repeated_stratified_kfold,123,1,1,TCGA-A3-3307-01A,A3,False,1436.0,1.2264294846932382,0.14162176172532792
repeated_stratified_kfold,123,1,1,TCGA-A3-3311-01A,A3,True,1191.0,-0.15034547928105857,-0.48605721829837584
repeated_stratified_kfold,123,1,1,TCGA-A3-3343-01A,A3,False,945.0,0.9539686222359935,-0.18002834902993348
repeated_stratified_kfold,123,1,1,TCGA-A3-3362-01A,A3,False,1559.0,-0.01704502448588318,-0.662028812388548
repeated_stratified_kfold,123,1,1,TCGA-A3-3365-01A,A3,False,873.0,-0.5226952395290136,-0.9943073335540692
repeated_stratified_kfold,123,1,1,TCGA-A3-3373-01A,A3,False,1621.0,-0.22014489371204055,-0.9980853351368284
repeated_stratified_kfold,123,1,1,TCGA-A3-A6NI-01A,A3,False,1018.0,-0.4888452613246542,-0.8844546107644122
repeated_stratified_kfold,123,1,1,TCGA-A3-A8CQ-01A,A3,False,3.0,-0.05089500269024274,-0.7329748977368397
repeated_stratified_kfold,123,1,1,TCGA-AK-3444-01A,AK,False,1471.0,0.659954539601308,-0.3164929575186562
repeated_stratified_kfold,123,1,1,TCGA-AS-3778-01A,AS,False,43.0,-0.8950449997769688,-1.7018565173251279
repeated_stratified_kfold,123,1,1,TCGA-B0-4690-01A,B0,True,43.0,2.209455500791282,2.1637457916961806
repeated_stratified_kfold,123,1,1,TCGA-B0-4700-01A,B0,True,1980.0,2.0402056097694845,1.6222915026414038
repeated_stratified_kfold,123,1,1,TCGA-B0-4707-01A,B0,True,600.0,1.1248795500801596,0.8288061506154939
repeated_stratified_kfold,123,1,1,TCGA-B0-4713-01A,B0,True,202.0,1.5966797869189304,1.0647009280965762
repeated_stratified_kfold,123,1,1,TCGA-B0-4810-01A,B0,True,478.0,0.5832798988104066,0.21216398544963955
repeated_stratified_kfold,123,1,1,TCGA-B0-4818-01A,B0,True,510.0,0.6133693821701351,-0.39461285651105
repeated_stratified_kfold,123,1,1,TCGA-B0-4827-01A,B0,True,885.0,1.6305297651232902,1.4767775923442512
repeated_stratified_kfold,123,1,1,TCGA-B0-4838-01A,B0,True,834.0,0.2876047793533528,-0.36298645048888156
repeated_stratified_kfold,123,1,1,TCGA-B0-4842-01A,B0,True,1724.0,1.4951298523058518,1.446107748587175
repeated_stratified_kfold,123,1,1,TCGA-B0-4846-01A,B0,True,1200.0,1.7694057841346078,0.9322914939732053
repeated_stratified_kfold,123,1,1,TCGA-B0-5095-01A,B0,True,245.0,1.7341791577586316,1.3526653043205128
repeated_stratified_kfold,123,1,1,TCGA-B0-5096-01A,B0,True,68.0,1.4612798741014923,1.9837851642240172
repeated_stratified_kfold,123,1,1,TCGA-B0-5098-01A,B0,True,1584.0,-0.2539948719164001,0.005988120024437493
repeated_stratified_kfold,123,1,1,TCGA-B0-5107-01A,B0,True,927.0,2.241206020973379,2.3448212162495237
repeated_stratified_kfold,123,1,1,TCGA-B0-5108-01A,B0,False,1782.0,0.8202297462409236,0.36070277713629684
repeated_stratified_kfold,123,1,1,TCGA-B0-5116-01A,B0,False,1274.0,0.7525297898322044,-0.18624888623425284
repeated_stratified_kfold,123,1,1,TCGA-B0-5400-01A,B0,False,1733.0,1.021230157444818,0.7634869698561114
repeated_stratified_kfold,123,1,1,TCGA-B0-5700-01A,B0,False,1790.0,0.5266540848061326,-0.45556514933958364
repeated_stratified_kfold,123,1,1,TCGA-B0-5713-01A,B0,False,2782.0,1.562829808714571,0.3717679135942046
repeated_stratified_kfold,123,1,1,TCGA-B0-5812-01A,B0,False,3834.0,-0.2857453920984968,-1.0940467744471754
repeated_stratified_kfold,123,1,1,TCGA-B2-4101-01A,B2,False,648.0,0.04001921071828553,-0.7097979924527091
repeated_stratified_kfold,123,1,1,TCGA-B2-5636-01A,B2,False,919.0,0.5943540412148517,0.33568113076463046
repeated_stratified_kfold,123,1,1,TCGA-B8-4143-01A,B8,True,709.0,2.2750559991777384,2.459417896428419
repeated_stratified_kfold,123,1,1,TCGA-B8-4146-01B,B8,False,511.0,-0.6601946103687147,-1.6912688548577117
repeated_stratified_kfold,123,1,1,TCGA-B8-4148-01A,B8,False,1520.0,0.08450491012719549,-0.762828408562651
repeated_stratified_kfold,123,1,1,TCGA-B8-4153-01B,B8,False,762.0,1.4972293103281147,0.6128763015353352
repeated_stratified_kfold,123,1,1,TCGA-B8-5163-01A,B8,False,822.0,1.1566300702622563,0.8395338727960527
repeated_stratified_kfold,123,1,1,TCGA-B8-5164-01A,B8,False,26.0,1.1925795064888787,0.03468999360558245
repeated_stratified_kfold,123,1,1,TCGA-B8-5549-01A,B8,False,194.0,-0.2857453920984968,-0.9454688595235932
repeated_stratified_kfold,123,1,1,TCGA-B8-5551-01A,B8,False,16.0,0.1522048665359146,0.37531683452155107
repeated_stratified_kfold,123,1,1,TCGA-B8-5552-01B,B8,False,1046.0,-0.6601946103687147,-1.3634322342454883
repeated_stratified_kfold,123,1,1,TCGA-B8-5553-01A,B8,False,435.0,0.2199048229446337,-0.49447837281443696
repeated_stratified_kfold,123,1,1,TCGA-B8-A54H-01A,B8,False,256.0,0.6472193603744947,-0.24431977872506366
repeated_stratified_kfold,123,1,1,TCGA-BP-4161-01A,BP,False,2746.0,0.42510415019305386,-0.06560833099020269
repeated_stratified_kfold,123,1,1,TCGA-BP-4166-01A,BP,False,13.0,1.3279794193063168,0.5408984183996787
repeated_stratified_kfold,123,1,1,TCGA-BP-4329-01A,BP,True,845.0,1.5310792885324742,0.7107119917133303
repeated_stratified_kfold,123,1,1,TCGA-BP-4331-01A,BP,True,2454.0,-0.3195953703028564,-1.0460757350907324
repeated_stratified_kfold,123,1,1,TCGA-BP-4352-01A,BP,True,344.0,2.545855824812615,3.0819369561690158
repeated_stratified_kfold,123,1,1,TCGA-BP-4759-01A,BP,False,2372.0,-0.3872953267115755,-1.1375763117923496
repeated_stratified_kfold,123,1,1,TCGA-BP-4765-01A,BP,False,2184.0,-0.6242451741420924,-1.445653834441837
repeated_stratified_kfold,123,1,1,TCGA-BP-4769-01A,BP,False,1876.0,0.052754389945098776,0.07012614437256803
repeated_stratified_kfold,123,1,1,TCGA-BP-4770-01A,BP,True,329.0,2.5120058466082553,2.6261494658285964
repeated_stratified_kfold,123,1,1,TCGA-BP-4771-01A,BP,True,162.0,2.1079055661782036,1.6442697963603208
repeated_stratified_kfold,123,1,1,TCGA-BP-4775-01A,BP,False,1843.0,-0.18629491550768099,-1.0204282776402636
repeated_stratified_kfold,123,1,1,TCGA-BP-4776-01A,BP,False,411.0,-0.3195953703028564,-0.9951859570447877
repeated_stratified_kfold,123,1,1,TCGA-BP-4789-01A,BP,False,1489.0,-0.45499528312029464,-1.1430451396606114
repeated_stratified_kfold,123,1,1,TCGA-BP-4801-01A,BP,False,1124.0,-0.15034547928105857,-0.7133640426471467
repeated_stratified_kfold,123,1,1,TCGA-BP-4962-01A,BP,False,1785.0,0.24311907994444287,-0.47952712159112315
repeated_stratified_kfold,123,1,1,TCGA-BP-4964-01A,BP,False,1862.0,-0.22014489371204055,-0.8401839266329271
repeated_stratified_kfold,123,1,1,TCGA-BP-4965-01A,BP,False,1871.0,-0.5226952395290136,-1.3944826584187315
repeated_stratified_kfold,123,1,1,TCGA-BP-4968-01A,BP,False,1746.0,-0.7257951087551711,-1.3095416071776373
repeated_stratified_kfold,123,1,1,TCGA-BP-4992-01A,BP,False,501.0,0.15430432455817744,-0.09245672400399169
repeated_stratified_kfold,123,1,1,TCGA-BP-4993-01A,BP,False,177.0,-0.11649550107669901,-0.8892455087080102
repeated_stratified_kfold,123,1,1,TCGA-BP-4995-01A,BP,False,1371.0,0.22200428096689656,-0.26759285980286646
repeated_stratified_kfold,123,1,1,TCGA-BP-5173-01A,BP,True,62.0,0.45895412839741345,-0.3584945135516382
repeated_stratified_kfold,123,1,1,TCGA-BP-5189-01A,BP,True,822.0,-0.0487955446679799,-0.3380850082367287
repeated_stratified_kfold,123,1,1,TCGA-BP-5198-01A,BP,False,603.0,1.4295293539193956,0.6257455535320994
repeated_stratified_kfold,123,1,1,TCGA-BP-5201-01A,BP,False,951.0,2.141755544382563,1.4396328327899202
repeated_stratified_kfold,123,1,1,TCGA-CJ-4635-01A,CJ,False,1416.0,-0.45499528312029464,-0.8869804939077602
repeated_stratified_kfold,123,1,1,TCGA-CJ-4636-01A,CJ,False,1924.0,0.7186798116278449,0.2264924081344224
repeated_stratified_kfold,123,1,1,TCGA-CJ-4638-01A,CJ,True,431.0,1.5980564350905473,1.1036052362591375
repeated_stratified_kfold,123,1,1,TCGA-CJ-4639-01A,CJ,False,3229.0,-0.029780203712696407,-0.9758276091389491
repeated_stratified_kfold,123,1,1,TCGA-CJ-4641-01A,CJ,True,1661.0,1.9027062389297833,1.2831630614912637
repeated_stratified_kfold,123,1,1,TCGA-CJ-4871-01A,CJ,False,2423.0,2.141755544382563,1.726425443660252
repeated_stratified_kfold,123,1,1,TCGA-CJ-4872-01A,CJ,False,1435.0,-0.35344534850721593,-0.7167734153207024
repeated_stratified_kfold,123,1,1,TCGA-CJ-4873-01A,CJ,False,1776.0,1.9013295907581664,2.096821043587623
repeated_stratified_kfold,123,1,1,TCGA-CJ-4881-01A,CJ,False,2014.0,0.38018002958424935,-0.04929769901763159
repeated_stratified_kfold,123,1,1,TCGA-CJ-4884-01A,CJ,False,1759.0,1.4612798741014923,0.6385692262814194
repeated_stratified_kfold,123,1,1,TCGA-CJ-4888-01A,CJ,True,1567.0,2.0063556315651248,1.8090311530810896
repeated_stratified_kfold,123,1,1,TCGA-CJ-4889-01A,CJ,False,1946.0,0.08450491012719549,-0.1121873675991154
repeated_stratified_kfold,123,1,1,TCGA-CJ-4900-01A,CJ,True,1714.0,2.376605933790817,2.2536652443095675
repeated_stratified_kfold,123,1,1,TCGA-CJ-4902-01A,CJ,False,1520.0,1.0571795936714405,0.4577279028294181
repeated_stratified_kfold,123,1,1,TCGA-CJ-4904-01A,CJ,False,3302.0,2.071956129951581,1.1190196387137203
repeated_stratified_kfold,123,1,1,TCGA-CJ-5672-01A,CJ,True,1972.0,0.7636039322366496,0.03289990794804959
repeated_stratified_kfold,123,1,1,TCGA-CJ-5681-01A,CJ,True,552.0,1.5303564786818282,1.5820831249568328
repeated_stratified_kfold,123,1,1,TCGA-CJ-6027-01A,CJ,True,3615.0,0.5266540848061326,0.21495807251335897
repeated_stratified_kfold,123,1,1,TCGA-CJ-6028-01A,CJ,True,1625.0,1.9725056533607652,1.2718171175582484
repeated_stratified_kfold,123,1,1,TCGA-CJ-6031-01A,CJ,False,1906.0,-0.2518954138941373,-0.820903683623283
repeated_stratified_kfold,123,1,1,TCGA-CZ-4865-01A,CZ,True,166.0,0.3214547575577124,-0.28537749300067516
repeated_stratified_kfold,123,1,1,TCGA-CZ-5451-01A,CZ,False,1929.0,0.7847187312141959,-0.5305315492037059
repeated_stratified_kfold,123,1,1,TCGA-CZ-5454-01A,CZ,True,722.0,2.141755544382563,1.2540253514184796
repeated_stratified_kfold,123,1,1,TCGA-CZ-5456-01A,CZ,False,2422.0,0.20926910174008334,-0.43983792336153477
repeated_stratified_kfold,123,1,1,TCGA-CZ-5459-01A,CZ,False,1683.0,1.1248795500801596,0.5711796493508926
repeated_stratified_kfold,123,1,1,TCGA-CZ-5460-01A,CZ,False,2873.0,1.8709557187476866,0.9820206265406929
repeated_stratified_kfold,123,1,1,TCGA-CZ-5466-01A,CZ,False,685.0,1.2602794628975977,0.41603921519788145
repeated_stratified_kfold,123,1,1,TCGA-CZ-5469-01A,CZ,True,946.0,-0.33233054952966956,-0.6157246920619563
repeated_stratified_kfold,123,1,1,TCGA-DV-5568-01A,DV,False,370.0,-1.1996948036162047,-1.7690958505064898
repeated_stratified_kfold,123,1,1,TCGA-DV-5574-01A,DV,False,2016.0,-0.8273450433682497,-1.4209790934122566
repeated_stratified_kfold,123,1,1,TCGA-DV-5576-01A,DV,True,727.0,-0.18629491550768099,-0.6182501651367243
repeated_stratified_kfold,123,1,1,TCGA-DV-A4VZ-01A,DV,False,365.0,-0.2857453920984968,-0.3366569639788173
repeated_stratified_kfold,123,1,1,TCGA-DV-A4W0-01A,DV,False,2470.0,-0.2180454356897777,-0.4471614864254975
repeated_stratified_kfold,123,1,1,TCGA-EU-5904-01A,EU,False,551.0,-0.4570947411425575,-1.5602213300291092
repeated_stratified_kfold,123,1,1,TCGA-G6-A8L7-01A,G6,False,2133.0,0.6938045178056675,1.1145943988771219
repeated_stratified_kfold,123,1,1,TCGA-GK-A6C7-01A,GK,False,61.0,0.5245546267838698,-0.1742666750188298
repeated_stratified_kfold,123,1,1,TCGA-MM-A563-01A,MM,False,591.0,1.9537051041938973,-0.09319165416821928
repeated_stratified_kfold,123,1,1,TCGA-MW-A4EC-01A,MW,False,498.0,0.38915471396643153,-0.12225182605323814
repeated_stratified_kfold,123,1,2,TCGA-3Z-A93Z-01A,3Z,False,385.0,0.207253053894708,-0.16060154451585695
repeated_stratified_kfold,123,1,2,TCGA-A3-3313-01A,A3,True,735.0,-0.14751392391256674,-0.21471290504051813
repeated_stratified_kfold,123,1,2,TCGA-A3-3319-01A,A3,False,1130.0,0.24272975167543542,0.5654262367581313
repeated_stratified_kfold,123,1,2,TCGA-A3-3320-01A,A3,False,1508.0,-0.2902715154115787,-1.2754416589133275
repeated_stratified_kfold,123,1,2,TCGA-A3-3322-01A,A3,False,1478.0,-0.43132750615838644,-0.9911416749250451
repeated_stratified_kfold,123,1,2,TCGA-A3-3329-01A,A3,False,1624.0,0.42011324057907273,-0.18366234408213256
repeated_stratified_kfold,123,1,2,TCGA-A3-3346-01A,A3,True,137.0,0.1717763561139805,0.4846851768324101
repeated_stratified_kfold,123,1,2,TCGA-A3-3347-01A,A3,True,1610.0,1.3438640522898841,1.3818556783268923
repeated_stratified_kfold,123,1,2,TCGA-A3-3352-01A,A3,True,561.0,1.167331363762349,0.40062887553686444
repeated_stratified_kfold,123,1,2,TCGA-A3-3359-01A,A3,False,2504.0,0.7740294180102453,-0.10552421541461265
repeated_stratified_kfold,123,1,2,TCGA-A3-3374-01A,A3,False,1314.0,-0.3257482131923062,-0.03078509948739616
repeated_stratified_kfold,123,1,2,TCGA-A3-3378-01A,A3,False,630.0,-0.11203722613183925,0.00560160738018417
repeated_stratified_kfold,123,1,2,TCGA-A3-A8OV-01A,A3,False,340.0,0.42011324057907273,-0.30289328345545463
repeated_stratified_kfold,123,1,2,TCGA-AK-3426-01A,AK,True,885.0,-0.14530645412456722,0.06689342330573755
repeated_stratified_kfold,123,1,2,TCGA-AK-3427-01A,AK,False,3583.0,0.06534626277179807,0.27855349431069254
repeated_stratified_kfold,123,1,2,TCGA-AK-3440-01A,AK,False,2865.0,-0.1829906216932942,0.0395077694482216
repeated_stratified_kfold,123,1,2,TCGA-AK-3443-01A,AK,False,1423.0,-0.4152223060818254,-0.4432124473864721
repeated_stratified_kfold,123,1,2,TCGA-AK-3451-01A,AK,False,2868.0,-0.3087922127396431,-0.7035645641292188
repeated_stratified_kfold,123,1,2,TCGA-AK-3455-01A,AK,True,683.0,1.1664805633862467,0.397802200153776
repeated_stratified_kfold,123,1,2,TCGA-B0-4699-01A,B0,True,110.0,2.2465688824606165,3.046418276164406
repeated_stratified_kfold,123,1,2,TCGA-B0-4703-01A,B0,True,182.0,1.4306048335038848,2.184526664226792
repeated_stratified_kfold,123,1,2,TCGA-B0-4710-01A,B0,False,1755.0,1.3083873545091567,0.8880832831241654
repeated_stratified_kfold,123,1,2,TCGA-B0-4811-01A,B0,True,1417.0,0.24493722146343483,-0.2359416605979744
repeated_stratified_kfold,123,1,2,TCGA-B0-4817-01A,B0,True,1019.0,1.4156682482274412,1.3762152282783648
repeated_stratified_kfold,123,1,2,TCGA-B0-4822-01A,B0,True,1111.0,0.755508720682181,0.23661078850544115
repeated_stratified_kfold,123,1,2,TCGA-B0-4837-01A,B0,True,1378.0,-0.005607132789656855,-0.01799009794857509
repeated_stratified_kfold,123,1,2,TCGA-B0-4843-01A,B0,True,320.0,0.564227501489982,0.18298823439153988
repeated_stratified_kfold,123,1,2,TCGA-B0-4844-01A,B0,True,313.0,1.7498951135304321,1.1726135945825085
repeated_stratified_kfold,123,1,2,TCGA-B0-4847-01A,B0,True,793.0,1.7498951135304321,1.1963820422318887
repeated_stratified_kfold,123,1,2,TCGA-B0-4849-01A,B0,True,69.0,0.3513673148056172,-0.26238900244366337
repeated_stratified_kfold,123,1,2,TCGA-B0-5083-01A,B0,True,1045.0,-0.005607132789656855,-0.06836594890113651
repeated_stratified_kfold,123,1,2,TCGA-B0-5085-01A,B0,True,770.0,1.3438640522898841,0.3784993308852014
repeated_stratified_kfold,123,1,2,TCGA-B0-5097-01A,B0,False,665.0,0.7407601900175173,0.2623200800078054
repeated_stratified_kfold,123,1,2,TCGA-B0-5100-01A,B0,True,1913.0,1.096377968200894,1.721303144123132
repeated_stratified_kfold,123,1,2,TCGA-B0-5113-01A,B0,False,1175.0,1.095527167824792,0.5353356997000366
repeated_stratified_kfold,123,1,2,TCGA-B0-5119-01A,B0,False,1552.0,0.02901876461496849,-1.1116561560605411
repeated_stratified_kfold,123,1,2,TCGA-B0-5120-01A,B0,False,1169.0,0.41926244020297065,0.322814433702152
repeated_stratified_kfold,123,1,2,TCGA-B0-5399-01A,B0,False,1411.0,-0.6087109950620238,-1.1454337760705045
repeated_stratified_kfold,123,1,2,TCGA-B0-5702-01A,B0,False,2172.0,0.27820644945616285,0.2114265680483629
repeated_stratified_kfold,123,1,2,TCGA-B0-5706-01A,B0,False,3205.0,-0.4152223060818254,-0.17174111860383234
repeated_stratified_kfold,123,1,2,TCGA-B2-3923-01A,B2,False,992.0,0.08145146284835907,0.24932138925555947
repeated_stratified_kfold,123,1,2,TCGA-B2-4102-01A,B2,False,952.0,-0.0765605283511118,-0.7496339798584226
repeated_stratified_kfold,123,1,2,TCGA-B2-5639-01A,B2,True,1003.0,1.2532213446002476,0.5716550506096827
repeated_stratified_kfold,123,1,2,TCGA-B2-5641-01A,B2,False,656.0,0.5620200317019827,0.19313431760873312
repeated_stratified_kfold,123,1,2,TCGA-B8-5159-01A,B8,False,722.0,0.02901876461496849,-0.9559115175258849
repeated_stratified_kfold,123,1,2,TCGA-B8-5165-01A,B8,False,737.0,-0.7151410884042062,-1.7493104130323751
repeated_stratified_kfold,123,1,2,TCGA-B8-5545-01A,B8,False,1525.0,-0.7506177861849336,-1.0479721333309007
repeated_stratified_kfold,123,1,2,TCGA-B8-A54E-01A,B8,False,909.0,0.06449546239569597,-0.18082281931324845
repeated_stratified_kfold,123,1,2,TCGA-B8-A54K-01A,B8,False,469.0,-0.0765605283511118,0.5007911430054812
repeated_stratified_kfold,123,1,2,TCGA-B8-A8YJ-01A,B8,False,431.0,-0.006457933165758977,-0.00891641455528741
repeated_stratified_kfold,123,1,2,TCGA-BP-4174-01A,BP,False,1879.0,-0.2733155149589156,-0.7121511889105046
repeated_stratified_kfold,123,1,2,TCGA-BP-4177-01A,BP,False,1670.0,0.06534626277179807,-0.0621187546119526
repeated_stratified_kfold,123,1,2,TCGA-BP-4325-01A,BP,False,2964.0,0.1354488579571509,-0.7354431617355228
repeated_stratified_kfold,123,1,2,TCGA-BP-4335-01A,BP,True,475.0,2.0328578954001495,1.8095677323795814
repeated_stratified_kfold,123,1,2,TCGA-BP-4342-01A,BP,True,2256.0,0.7909854184629085,0.24418562932307686
repeated_stratified_kfold,123,1,2,TCGA-BP-4345-01A,BP,False,1516.0,0.7416109903936193,0.470264455380236
repeated_stratified_kfold,123,1,2,TCGA-BP-4347-01A,BP,False,1367.0,1.167331363762349,0.7227562381798491
repeated_stratified_kfold,123,1,2,TCGA-BP-4758-01A,BP,False,2208.0,-0.8215711817463885,-1.1230482863417546
repeated_stratified_kfold,123,1,2,TCGA-BP-4760-01A,BP,False,2361.0,0.207253053894708,0.7041101868488857
repeated_stratified_kfold,123,1,2,TCGA-BP-4761-01A,BP,False,182.0,0.564227501489982,0.7577517335705468
repeated_stratified_kfold,123,1,2,TCGA-BP-4768-01A,BP,False,400.0,0.41926244020297065,0.03851994522490931
repeated_stratified_kfold,123,1,2,TCGA-BP-4784-01A,BP,False,1854.0,0.24187895129933332,0.55103827059256
repeated_stratified_kfold,123,1,2,TCGA-BP-4959-01A,BP,False,2660.0,-0.5022809017198414,-0.9951638862272384
repeated_stratified_kfold,123,1,2,TCGA-BP-4960-01A,BP,False,2172.0,-0.37974560830109794,-0.9664394773907332
repeated_stratified_kfold,123,1,2,TCGA-BP-4967-01A,BP,False,205.0,1.238284759323804,1.0999981890615178
repeated_stratified_kfold,123,1,2,TCGA-BP-4971-01A,BP,False,1487.0,-0.03887636078238488,0.19350268439924223
repeated_stratified_kfold,123,1,2,TCGA-BP-4973-01A,BP,False,1384.0,0.2094605236827074,-0.9527791357141658
repeated_stratified_kfold,123,1,2,TCGA-BP-4974-01A,BP,True,211.0,1.6789417179689772,1.2107490855151921
repeated_stratified_kfold,123,1,2,TCGA-BP-4976-01A,BP,False,1632.0,0.4910666361405277,-0.359496813042277
repeated_stratified_kfold,123,1,2,TCGA-BP-4977-01A,BP,False,454.0,-0.21846731947402165,-0.6061479725108424
repeated_stratified_kfold,123,1,2,TCGA-BP-4983-01A,BP,False,1413.0,1.024573772263337,1.4611614541802722
repeated_stratified_kfold,123,1,2,TCGA-BP-4985-01A,BP,True,952.0,1.096377968200894,1.1862155111151773
repeated_stratified_kfold,123,1,2,TCGA-BP-4986-01A,BP,False,785.0,0.42011324057907273,0.7087315356384851
repeated_stratified_kfold,123,1,2,TCGA-BP-4998-01A,BP,False,932.0,-0.5022809017198414,-0.8485122201862485
repeated_stratified_kfold,123,1,2,TCGA-BP-5010-01A,BP,True,878.0,0.7770876881743468,0.6343007723754339
repeated_stratified_kfold,123,1,2,TCGA-BP-5169-01A,BP,False,193.0,0.24272975167543542,-0.05367491414093173
repeated_stratified_kfold,123,1,2,TCGA-BP-5174-01A,BP,False,2257.0,-0.538608399876671,-0.8790155950633927
repeated_stratified_kfold,123,1,2,TCGA-BP-5176-01A,BP,True,1590.0,0.6321226268873354,-0.11292105061301116
repeated_stratified_kfold,123,1,2,TCGA-BP-5177-01A,BP,False,293.0,-0.5031317020959435,-1.082294642544519
repeated_stratified_kfold,123,1,2,TCGA-BP-5185-01A,BP,False,1132.0,-0.25394401725474913,-0.7853018913625468
repeated_stratified_kfold,123,1,2,TCGA-BP-5186-01A,BP,False,693.0,-0.36122491097303366,-1.1364941810772105
repeated_stratified_kfold,123,1,2,TCGA-BP-5190-01A,BP,False,1011.0,-0.0765605283511118,-0.9002211807587797
repeated_stratified_kfold,123,1,2,TCGA-BP-5199-01A,BP,False,1355.0,0.04597476506763158,-0.1177192316784188
repeated_stratified_kfold,123,1,2,TCGA-CJ-4875-01A,CJ,True,3554.0,1.9982319979955243,1.4672713976433633
repeated_stratified_kfold,123,1,2,TCGA-CJ-4876-01A,CJ,False,1955.0,0.010498067286904125,-0.5572405641505065
repeated_stratified_kfold,123,1,2,TCGA-CJ-4885-01A,CJ,False,3451.0,1.8918019046533419,1.1753921103425649
repeated_stratified_kfold,123,1,2,TCGA-CJ-4887-01A,CJ,True,932.0,1.3241747401617023,0.34810535571063717
repeated_stratified_kfold,123,1,2,TCGA-CJ-4895-01A,CJ,True,1200.0,1.8208485090918871,1.6560175785021949
repeated_stratified_kfold,123,1,2,TCGA-CJ-4903-01A,CJ,False,1560.0,-0.4668042039391139,-0.8156990384266035
repeated_stratified_kfold,123,1,2,TCGA-CJ-5683-01A,CJ,False,1889.0,0.5265433339212552,0.2058360694279212
repeated_stratified_kfold,123,1,2,TCGA-CJ-5684-01A,CJ,False,2231.0,0.7061342926128918,-0.32700356187210705
repeated_stratified_kfold,123,1,2,TCGA-CW-5587-01A,CW,False,2226.0,0.8471902833596996,-0.011333495372053304
repeated_stratified_kfold,123,1,2,TCGA-CW-5590-01A,CW,True,1075.0,1.4306048335038848,0.33902573009599624
repeated_stratified_kfold,123,1,2,TCGA-CW-5591-01A,CW,False,2271.0,1.6079883224075222,1.0832994907360656
repeated_stratified_kfold,123,1,2,TCGA-CW-6093-01A,CW,False,3146.0,0.3491598450176179,-0.4371470353750213
repeated_stratified_kfold,123,1,2,TCGA-CZ-4853-01A,CZ,False,774.0,0.668450125044165,-0.5836982129446964
repeated_stratified_kfold,123,1,2,TCGA-CZ-4854-01A,CZ,True,1404.0,0.1717763561139805,0.0963879370735834
repeated_stratified_kfold,123,1,2,TCGA-CZ-4858-01A,CZ,True,2105.0,-0.6280824927661902,0.3489274313096328
repeated_stratified_kfold,123,1,2,TCGA-CZ-4866-01A,CZ,False,3267.0,0.6675993246680629,0.32653003646663326
repeated_stratified_kfold,123,1,2,TCGA-CZ-5457-01A,CZ,False,2754.0,0.7416109903936193,0.21438780774126653
repeated_stratified_kfold,123,1,2,TCGA-CZ-5458-01A,CZ,False,2789.0,0.06755373255979746,-0.96620333762473
repeated_stratified_kfold,123,1,2,TCGA-CZ-5463-01A,CZ,False,662.0,0.684555325120726,-0.014951508357101018
repeated_stratified_kfold,123,1,2,TCGA-CZ-5467-01A,CZ,True,73.0,1.6986310300971588,1.3239643059808266
repeated_stratified_kfold,123,1,2,TCGA-CZ-5987-01A,CZ,True,445.0,1.7498951135304321,0.9454421845902743
repeated_stratified_kfold,123,1,2,TCGA-CZ-5989-01A,CZ,False,1905.0,0.11692816062908652,-0.48196928332872074
repeated_stratified_kfold,123,1,2,TCGA-DV-A4VX-01A,DV,True,1626.0,1.7144184157497047,1.3827449347181915
repeated_stratified_kfold,123,1,3,TCGA-A3-3316-01A,A3,False,1493.0,0.05082458045272922,-0.20839222818722003
repeated_stratified_kfold,123,1,3,TCGA-A3-3323-01A,A3,False,1106.0,-0.39800189688534715,-0.15067714820980016
repeated_stratified_kfold,123,1,3,TCGA-A3-3325-01A,A3,True,1170.0,-0.43185228545194676,-1.4099629988682185
repeated_stratified_kfold,123,1,3,TCGA-A3-3349-01A,A3,False,1385.0,-0.8969152601760019,-1.1983852431782696
repeated_stratified_kfold,123,1,3,TCGA-A3-3351-01A,A3,False,910.0,-0.4569312480462655,-0.9988380603166449
repeated_stratified_kfold,123,1,3,TCGA-A3-3358-01A,A3,False,1307.0,-0.11835632314421009,-0.500623900687215
repeated_stratified_kfold,123,1,3,TCGA-A3-3363-01A,A3,False,319.0,-0.18612813951346827,-0.45842781562327106
repeated_stratified_kfold,123,1,3,TCGA-A3-3385-01A,A3,False,1993.0,-0.4907105973768061,-1.1521807318435728
repeated_stratified_kfold,123,1,3,TCGA-AK-3425-01A,AK,False,3343.0,0.10975393161364752,-0.30542082631123385
repeated_stratified_kfold,123,1,3,TCGA-AK-3429-01A,AK,False,3328.0,0.09351743422766876,-0.5218291452046605
repeated_stratified_kfold,123,1,3,TCGA-AK-3434-01A,AK,False,2087.0,0.24515548588004607,-0.7115312245958062
repeated_stratified_kfold,123,1,3,TCGA-AK-3447-01A,AK,False,1217.0,0.9309346831843198,0.6892110029805402
repeated_stratified_kfold,123,1,3,TCGA-AK-3453-01A,AK,False,2531.0,0.22891898849406728,-0.6377216088542828
repeated_stratified_kfold,123,1,3,TCGA-AK-3454-01A,AK,False,874.0,0.6513601486792419,0.33371915958322307
repeated_stratified_kfold,123,1,3,TCGA-AK-3456-01A,AK,False,1143.0,-0.2538289166466676,-0.7496873215721696
repeated_stratified_kfold,123,1,3,TCGA-AK-3458-01A,AK,False,1168.0,-0.5672538397183453,-1.11097009972615
repeated_stratified_kfold,123,1,3,TCGA-AK-3460-01A,AK,False,2508.0,-0.22874995405234888,-0.7883026645470776
repeated_stratified_kfold,123,1,3,TCGA-B0-4694-01A,B0,True,106.0,1.198814743492413,0.48758824706602144
repeated_stratified_kfold,123,1,3,TCGA-B0-4696-01A,B0,True,866.0,0.7249093035600179,0.8980583067177784
repeated_stratified_kfold,123,1,3,TCGA-B0-4698-01A,B0,True,42.0,2.2902409943272746,2.7053334927942663
repeated_stratified_kfold,123,1,3,TCGA-B0-4701-01A,B0,True,238.0,2.1298315167026165,1.9940913330150458
repeated_stratified_kfold,123,1,3,TCGA-B0-4714-01A,B0,True,99.0,2.4933433257268725,2.278914843816364
repeated_stratified_kfold,123,1,3,TCGA-B0-4815-01A,B0,True,1588.0,0.9618620235262154,0.7559939712700575
repeated_stratified_kfold,123,1,3,TCGA-B0-4816-01A,B0,True,1371.0,-0.21997852808006793,-0.9157903209728807
repeated_stratified_kfold,123,1,3,TCGA-B0-4821-01A,B0,True,1230.0,1.2076572087007529,1.0269570444607083
repeated_stratified_kfold,123,1,3,TCGA-B0-4833-01A,B0,True,2386.0,0.7279033910207809,0.29330324083068116
repeated_stratified_kfold,123,1,3,TCGA-B0-4839-01A,B0,True,1639.0,0.6602026138875816,0.05662831876127461
repeated_stratified_kfold,123,1,3,TCGA-B0-4848-01A,B0,True,883.0,0.5895077492936194,-0.1864574729153401
repeated_stratified_kfold,123,1,3,TCGA-B0-4852-01A,B0,True,1121.0,0.9059267598260601,0.5190506875143072
repeated_stratified_kfold,123,1,3,TCGA-B0-5075-01A,B0,True,637.0,1.5123107058001495,0.6056833361255799
repeated_stratified_kfold,123,1,3,TCGA-B0-5081-01A,B0,True,362.0,1.5800114829333487,1.3006852684502213
repeated_stratified_kfold,123,1,3,TCGA-B0-5084-01A,B0,True,222.0,0.8685246745300899,1.7415715116831465
repeated_stratified_kfold,123,1,3,TCGA-B0-5088-01A,B0,True,563.0,-0.39800189688534715,-0.8188948191500476
repeated_stratified_kfold,123,1,3,TCGA-B0-5094-01A,B0,True,333.0,1.8501859429614795,1.6193394492984514
repeated_stratified_kfold,123,1,3,TCGA-B0-5110-01A,B0,False,2009.0,0.35554911678818485,-0.719469528453101
repeated_stratified_kfold,123,1,3,TCGA-B0-5691-01A,B0,False,3431.0,0.18629717395518666,-0.652174032704277
repeated_stratified_kfold,123,1,3,TCGA-B0-5692-01A,B0,False,3944.0,1.1399564315675534,0.3368238899354773
repeated_stratified_kfold,123,1,3,TCGA-B0-5699-01A,B0,False,3841.0,-0.39800189688534715,-1.2956016189034965
repeated_stratified_kfold,123,1,3,TCGA-B0-5703-01A,B0,False,2246.0,0.2790058744466457,-0.24281253055965102
repeated_stratified_kfold,123,1,3,TCGA-B0-5709-01A,B0,False,3974.0,1.004554877301155,0.1043383495019502
repeated_stratified_kfold,123,1,3,TCGA-B0-5710-01A,B0,False,2430.0,-0.26260034261894855,-1.2965525388502304
repeated_stratified_kfold,123,1,3,TCGA-B2-5633-01A,B2,False,963.0,-0.29645073118554816,-0.6047538651478478
repeated_stratified_kfold,123,1,3,TCGA-B4-5378-01A,B4,False,175.0,-0.09334839978595033,-0.49006552192566605
repeated_stratified_kfold,123,1,3,TCGA-B4-5832-01A,B4,False,155.0,0.9618620235262154,0.1450511136383762
repeated_stratified_kfold,123,1,3,TCGA-B4-5835-01A,B4,False,16.0,0.1185963968219874,-0.6895168045313202
repeated_stratified_kfold,123,1,3,TCGA-B4-5836-01A,B4,False,141.0,0.01704523112218847,-1.0565996057318934
repeated_stratified_kfold,123,1,3,TCGA-B4-5843-01A,B4,False,11.0,-0.6688050054181442,-1.1696910365649942
repeated_stratified_kfold,123,1,3,TCGA-B8-5546-01A,B8,False,505.0,-0.7615137059096033,-0.9111548900499963
repeated_stratified_kfold,123,1,3,TCGA-B8-A7U6-01A,B8,False,495.0,-0.21990748884400899,-1.305125487772545
repeated_stratified_kfold,123,1,3,TCGA-BP-4160-01A,BP,False,2881.0,1.0295628006594146,0.7093221445106134
repeated_stratified_kfold,123,1,3,TCGA-BP-4165-01A,BP,False,3037.0,0.1185963968219874,-0.43431599676089794
repeated_stratified_kfold,123,1,3,TCGA-BP-4167-01A,BP,False,2718.0,0.7587596921266175,0.21482641090455
repeated_stratified_kfold,123,1,3,TCGA-BP-4169-01A,BP,True,701.0,0.8382259826928609,0.7836969488650704
repeated_stratified_kfold,123,1,3,TCGA-BP-4173-01A,BP,False,1893.0,-0.2876793052132671,-0.6169750112976036
repeated_stratified_kfold,123,1,3,TCGA-BP-4763-01A,BP,True,1270.0,0.626352225320982,-0.22717518993239705
repeated_stratified_kfold,123,1,3,TCGA-BP-4766-01A,BP,False,1462.0,-0.592261763076605,-1.42108901654235
repeated_stratified_kfold,123,1,3,TCGA-BP-4795-01A,BP,False,620.0,0.45710028248798384,0.4285433304645906
repeated_stratified_kfold,123,1,3,TCGA-BP-4803-01A,BP,False,204.0,1.4357674634586104,0.6061562840028799
repeated_stratified_kfold,123,1,3,TCGA-BP-4804-01A,BP,False,1459.0,-0.19489956548574924,-0.6653265260957005
repeated_stratified_kfold,123,1,3,TCGA-BP-4963-01A,BP,False,1834.0,-0.059498011219350694,-1.0394014713061996
repeated_stratified_kfold,123,1,3,TCGA-BP-4988-01A,BP,True,828.0,0.24515548588004607,0.14555523461184716
repeated_stratified_kfold,123,1,3,TCGA-BP-4989-01A,BP,False,118.0,0.7249093035600179,0.5326448846039361
repeated_stratified_kfold,123,1,3,TCGA-BP-5000-01A,BP,False,563.0,-0.8380569482511424,-1.223828016708091
repeated_stratified_kfold,123,1,3,TCGA-BP-5004-01A,BP,False,1126.0,-0.39800189688534715,-0.9051882812331411
repeated_stratified_kfold,123,1,3,TCGA-BP-5008-01A,BP,False,1071.0,-0.6349546168515445,-1.0861621597583828
repeated_stratified_kfold,123,1,3,TCGA-BP-5009-01A,BP,True,1092.0,-0.43185228545194676,-0.7413068199595022
repeated_stratified_kfold,123,1,3,TCGA-BP-5168-01A,BP,True,1463.0,0.3467066515798449,-0.34306609636881197
repeated_stratified_kfold,123,1,3,TCGA-BP-5170-01A,BP,False,2412.0,-0.3303011197521478,-1.0095632104133487
repeated_stratified_kfold,123,1,3,TCGA-BP-5178-01A,BP,True,1912.0,2.154839440060876,1.3192059476743276
repeated_stratified_kfold,123,1,3,TCGA-BP-5181-01A,BP,False,1495.0,-0.08450593457761045,-1.044099359841253
repeated_stratified_kfold,123,1,3,TCGA-BP-5182-01A,BP,False,1165.0,-0.29645073118554816,-0.33737706702575604
repeated_stratified_kfold,123,1,3,TCGA-BP-5184-01A,BP,False,1133.0,-0.36415150831874743,-1.7739587458434687
repeated_stratified_kfold,123,1,3,TCGA-BP-5191-01A,BP,False,967.0,1.4357674634586104,1.1118352912893954
repeated_stratified_kfold,123,1,3,TCGA-BP-5194-01A,BP,False,408.0,-0.871907336817742,-2.1197848424094956
repeated_stratified_kfold,123,1,3,TCGA-BP-5195-01A,BP,False,749.0,0.3467066515798449,-0.06845203130882349
repeated_stratified_kfold,123,1,3,TCGA-CJ-4634-01A,CJ,False,3498.0,-0.016805157444411172,-0.6960329013676714
repeated_stratified_kfold,123,1,3,TCGA-CJ-4637-01A,CJ,True,2227.0,1.6559260767702215,1.5007366373588842
repeated_stratified_kfold,123,1,3,TCGA-CJ-4642-01B,CJ,False,3205.0,-0.2876793052132671,-0.5221024852324182
repeated_stratified_kfold,123,1,3,TCGA-CJ-4868-01A,CJ,True,646.0,1.1731781716294867,1.302943152229227
repeated_stratified_kfold,123,1,3,TCGA-CJ-4869-01A,CJ,False,2554.0,0.42025580646062116,-0.354193727234011
repeated_stratified_kfold,123,1,3,TCGA-CJ-4890-01A,CJ,False,3519.0,2.188689828627476,2.1609179908229925
repeated_stratified_kfold,123,1,3,TCGA-CJ-4892-01A,CJ,False,1521.0,0.15244678538858702,-0.5401555925391304
repeated_stratified_kfold,123,1,3,TCGA-CJ-4893-01A,CJ,False,750.0,0.5248010596211831,-0.3869299058220404
repeated_stratified_kfold,123,1,3,TCGA-CJ-4897-01A,CJ,False,3341.0,1.5800114829333487,0.17484791625613294
repeated_stratified_kfold,123,1,3,TCGA-CJ-4899-01A,CJ,False,1528.0,-0.7703561711179432,-1.1863186944309883
repeated_stratified_kfold,123,1,3,TCGA-CJ-4912-01A,CJ,False,1657.0,0.18622613471912777,0.22475118209488965
repeated_stratified_kfold,123,1,3,TCGA-CJ-4918-01A,CJ,True,93.0,1.9178867200946788,1.700908982922142
repeated_stratified_kfold,123,1,3,TCGA-CJ-5676-01A,CJ,False,4067.0,0.35255502932742194,-0.4392563423662728
repeated_stratified_kfold,123,1,3,TCGA-CJ-5679-01A,CJ,True,679.0,1.2326651320590125,1.1173506728160674
repeated_stratified_kfold,123,1,3,TCGA-CJ-6030-01A,CJ,True,2299.0,0.008202765913848581,-0.20235949320509228
repeated_stratified_kfold,123,1,3,TCGA-CJ-6032-01A,CJ,False,3639.0,0.3981709313270655,-0.6671890621524167
repeated_stratified_kfold,123,1,3,TCGA-CW-5581-01A,CW,False,2799.0,-0.7026553939847439,-1.5476071589186988
repeated_stratified_kfold,123,1,3,TCGA-CW-5583-01A,CW,False,2489.0,-0.3214586545438079,-0.7049515417441136
repeated_stratified_kfold,123,1,3,TCGA-CW-5584-01A,CW,True,164.0,1.2665155206256122,0.18862316636358367
repeated_stratified_kfold,123,1,3,TCGA-CW-6090-01A,CW,False,2552.0,0.10975393161364752,0.22359305756609338
repeated_stratified_kfold,123,1,3,TCGA-CW-6097-01A,CW,True,571.0,-0.1552007991715727,-0.5542117060938178
repeated_stratified_kfold,123,1,3,TCGA-CZ-4856-01A,CZ,False,18.0,0.05089561968878811,-0.7850685850534607
repeated_stratified_kfold,123,1,3,TCGA-CZ-4857-01A,CZ,True,1432.0,1.6470836115618817,1.211574662957088
repeated_stratified_kfold,123,1,3,TCGA-CZ-4864-01A,CZ,True,1315.0,1.0324858488841189,0.4078938947675109
repeated_stratified_kfold,123,1,3,TCGA-DV-5566-01A,DV,False,1398.0,0.22014756252178633,-0.5583529950253304
repeated_stratified_kfold,123,1,3,TCGA-DV-5569-01A,DV,False,355.0,-1.0661672030090001,-1.843011107515843
repeated_stratified_kfold,123,1,3,TCGA-EU-5905-01A,EU,False,119.0,0.22014756252178633,0.02287723281210874
repeated_stratified_kfold,123,1,3,TCGA-EU-5906-01A,EU,False,206.0,-0.3303011197521478,-1.598427794570712
repeated_stratified_kfold,123,1,3,TCGA-G6-A8L6-01A,G6,True,313.0,1.613233222995282,0.9361905345848219
repeated_stratified_kfold,123,1,3,TCGA-G6-A8L8-01A,G6,True,1091.0,0.05089561968878811,-0.9531464422368331
repeated_stratified_kfold,123,1,3,TCGA-MM-A84U-01A,MM,False,700.0,-0.08450593457761045,0.07004984935882663
repeated_stratified_kfold,123,1,4,TCGA-A3-3317-01A,A3,False,1491.0,0.5597986831318612,0.07612651487503819
repeated_stratified_kfold,123,1,4,TCGA-A3-3324-01A,A3,False,1186.0,-0.2997408398607686,-0.8838907967558369
repeated_stratified_kfold,123,1,4,TCGA-A3-3326-01A,A3,False,1137.0,-0.43888606667710595,-1.1846253832597928
repeated_stratified_kfold,123,1,4,TCGA-A3-3331-01A,A3,False,1257.0,0.8804873668590395,0.15403637543562265
repeated_stratified_kfold,123,1,4,TCGA-A3-3367-01A,A3,False,2270.0,0.4307716009250018,-0.3477438999941298
repeated_stratified_kfold,123,1,4,TCGA-A3-3376-01A,A3,True,1696.0,-0.2997408398607686,-0.9739128713167842
repeated_stratified_kfold,123,1,4,TCGA-A3-3380-01A,A3,False,567.0,-0.19538191974851576,-0.9135351740395246
repeated_stratified_kfold,123,1,4,TCGA-A3-3387-01A,A3,False,617.0,-0.3693134532689373,-0.7921608139394868
repeated_stratified_kfold,123,1,4,TCGA-A3-A6NL-01A,A3,False,689.0,-0.4066059811920798,-1.0551329751289504
repeated_stratified_kfold,123,1,4,TCGA-A3-A8OW-01A,A3,False,323.0,0.22660638670458733,-0.7800612517168227
repeated_stratified_kfold,123,1,4,TCGA-AK-3433-01A,AK,False,3409.0,-0.13843367216888314,-0.3246691837850505
repeated_stratified_kfold,123,1,4,TCGA-AK-3436-01A,AK,False,3331.0,1.3892786361520675,0.8805938655970184
repeated_stratified_kfold,123,1,4,TCGA-AK-3445-01A,AK,False,2392.0,1.3397682012352852,0.9666577786428378
repeated_stratified_kfold,123,1,4,TCGA-AK-3450-01A,AK,False,1508.0,0.8457010601549552,0.019200931468898674
repeated_stratified_kfold,123,1,4,TCGA-AK-3465-01A,AK,False,369.0,0.35869276629777497,-0.11542095625657994
repeated_stratified_kfold,123,1,4,TCGA-B0-4706-01A,B0,True,65.0,1.0614777476026107,0.3853704907433463
repeated_stratified_kfold,123,1,4,TCGA-B0-4712-01A,B0,True,1337.0,2.6415856774991027,2.154212843866693
repeated_stratified_kfold,123,1,4,TCGA-B0-4718-01A,B0,False,1778.0,0.9223325207862735,0.35130124173844
repeated_stratified_kfold,123,1,4,TCGA-B0-4813-01A,B0,True,18.0,1.3049818945312008,1.0832009522924202
repeated_stratified_kfold,123,1,4,TCGA-B0-4819-01A,B0,True,183.0,2.0477122423106113,1.7352764874416424
repeated_stratified_kfold,123,1,4,TCGA-B0-4823-01A,B0,True,454.0,0.9873525081903506,0.21582672836912586
repeated_stratified_kfold,123,1,4,TCGA-B0-4824-01A,B0,True,1657.0,-0.4066059811920798,-1.0375973861361671
repeated_stratified_kfold,123,1,4,TCGA-B0-4845-01A,B0,True,1986.0,2.4328678372745967,1.6067186361381505
repeated_stratified_kfold,123,1,4,TCGA-B0-4945-01A,B0,True,2145.0,0.4978379931141122,-0.16145051123563253
repeated_stratified_kfold,123,1,4,TCGA-B0-5080-01A,B0,True,342.0,2.1893636903460068,1.9549458031496707
repeated_stratified_kfold,123,1,4,TCGA-B0-5099-01A,B0,True,485.0,1.9634155006897445,0.982135950918137
repeated_stratified_kfold,123,1,4,TCGA-B0-5106-01A,B0,True,1598.0,0.1524811472923273,-0.45622820234194295
repeated_stratified_kfold,123,1,4,TCGA-B0-5109-01A,B0,True,587.0,1.3397682012352852,1.1726475381352843
repeated_stratified_kfold,123,1,4,TCGA-B0-5115-01A,B0,False,1604.0,1.4936375562643205,0.6571227674644856
repeated_stratified_kfold,123,1,4,TCGA-B0-5117-01A,B0,False,1608.0,-0.682390213605696,-0.7865587092886119
repeated_stratified_kfold,123,1,4,TCGA-B0-5121-01A,B0,False,1485.0,-0.12580930634034715,-0.9195507017707953
repeated_stratified_kfold,123,1,4,TCGA-B0-5402-01A,B0,False,1290.0,2.224149997050091,1.2037636891711898
repeated_stratified_kfold,123,1,4,TCGA-B0-5694-01A,B0,True,480.0,1.4093408146434538,0.5235157091740436
repeated_stratified_kfold,123,1,4,TCGA-B0-5696-01A,B0,False,2609.0,1.3397682012352852,0.46538778630943245
repeated_stratified_kfold,123,1,4,TCGA-B0-5698-01A,B0,False,3631.0,0.6047031344454232,-0.25443032218436534
repeated_stratified_kfold,123,1,4,TCGA-B0-5701-01A,B0,False,2461.0,1.2006229744189478,0.5484643909752135
repeated_stratified_kfold,123,1,4,TCGA-B0-5705-01A,B0,False,4537.0,0.14997492607326912,-0.6628173261946494
repeated_stratified_kfold,123,1,4,TCGA-B2-3924-01A,B2,False,1092.0,0.465557907629086,-0.27406153723201426
repeated_stratified_kfold,123,1,4,TCGA-B8-4151-01A,B8,False,1299.0,0.6763221526386253,-0.34060265941389833
repeated_stratified_kfold,123,1,4,TCGA-B8-4154-01A,B8,False,1380.0,0.4282653797059435,-0.48620311260891536
repeated_stratified_kfold,123,1,4,TCGA-B8-4619-01A,B8,False,523.0,-0.05623669293217852,-0.13589393628611762
repeated_stratified_kfold,123,1,4,TCGA-B8-4620-01A,B8,False,777.0,1.337261980016227,0.9706468665498086
repeated_stratified_kfold,123,1,4,TCGA-B8-4622-01A,B8,False,1525.0,1.9806458501215007,1.0518658194824662
repeated_stratified_kfold,123,1,4,TCGA-B8-5158-01A,B8,False,1218.0,0.8875462140821891,0.20802925830938002
repeated_stratified_kfold,123,1,4,TCGA-B8-5162-01A,B8,False,36.0,0.38586714961143975,-0.019950497118181643
repeated_stratified_kfold,123,1,4,TCGA-B8-A54D-01A,B8,False,830.0,1.3397682012352852,0.5952515631907521
repeated_stratified_kfold,123,1,4,TCGA-B8-A54G-01A,B8,False,53.0,-0.33452714656485294,-1.0344750165184475
repeated_stratified_kfold,123,1,4,TCGA-B8-A54I-01A,B8,False,150.0,-0.4040997599730216,-0.6256975790987696
repeated_stratified_kfold,123,1,4,TCGA-B8-A54J-01A,B8,False,528.0,0.3162945362032711,-0.6161793566181344
repeated_stratified_kfold,123,1,4,TCGA-BP-4162-01A,BP,False,3074.0,0.14997492607326912,-0.5806698627149733
repeated_stratified_kfold,123,1,4,TCGA-BP-4163-01A,BP,False,2839.0,0.989398912975384,0.5057277492852063
repeated_stratified_kfold,123,1,4,TCGA-BP-4164-01A,BP,True,992.0,0.6763221526386253,-0.17730962600677375
repeated_stratified_kfold,123,1,4,TCGA-BP-4176-01A,BP,False,1955.0,0.1524811472923273,-0.1799249413498189
repeated_stratified_kfold,123,1,4,TCGA-BP-4326-01A,BP,True,1625.0,-0.26746075437574257,-0.37044159788630215
repeated_stratified_kfold,123,1,4,TCGA-BP-4327-01A,BP,True,109.0,0.8007966088413931,0.1002131833387756
repeated_stratified_kfold,123,1,4,TCGA-BP-4334-01A,BP,True,645.0,0.8875462140821891,0.6457959908109961
repeated_stratified_kfold,123,1,4,TCGA-BP-4340-01A,BP,True,562.0,0.32390645959369063,-0.537524469230285
repeated_stratified_kfold,123,1,4,TCGA-BP-4343-01A,BP,True,1912.0,1.1658366677148637,0.509494267632192
repeated_stratified_kfold,123,1,4,TCGA-BP-4346-01A,BP,True,1493.0,0.9223325207862735,0.13326612395542303
repeated_stratified_kfold,123,1,4,TCGA-BP-4762-01A,BP,True,1343.0,-0.6128176001975274,-1.263795209165747
repeated_stratified_kfold,123,1,4,TCGA-BP-4777-01A,BP,False,1731.0,-0.47367237338119017,-1.1596749155365873
repeated_stratified_kfold,123,1,4,TCGA-BP-4781-01A,BP,False,2080.0,0.6394894411495077,0.20595522969577706
repeated_stratified_kfold,123,1,4,TCGA-BP-4782-01A,BP,False,354.0,-0.19788814096757396,-0.7928417383728555
repeated_stratified_kfold,123,1,4,TCGA-BP-4797-01A,BP,False,1107.0,0.12224746659233443,-0.32679172522166733
repeated_stratified_kfold,123,1,4,TCGA-BP-4807-01A,BP,False,211.0,-0.6128176001975274,-1.3427176381207382
repeated_stratified_kfold,123,1,4,TCGA-BP-4961-01A,BP,False,1935.0,-0.43888606667710595,-1.1818912295142308
repeated_stratified_kfold,123,1,4,TCGA-BP-4969-01A,BP,False,1794.0,0.0804023126651005,-0.6224565896126895
repeated_stratified_kfold,123,1,4,TCGA-BP-4970-01A,BP,False,433.0,0.47011053363317745,-0.21493168727791723
repeated_stratified_kfold,123,1,4,TCGA-BP-4975-01A,BP,False,1433.0,-0.682390213605696,-1.421515176191675
repeated_stratified_kfold,123,1,4,TCGA-BP-4982-01A,BP,False,1014.0,-0.6128176001975274,-1.3920393977151386
repeated_stratified_kfold,123,1,4,TCGA-BP-4991-01A,BP,False,1413.0,-0.19538191974851576,-0.8691324926878088
repeated_stratified_kfold,123,1,4,TCGA-BP-4999-01A,BP,False,1266.0,-0.12580930634034715,-0.8506916194400234
repeated_stratified_kfold,123,1,4,TCGA-BP-5001-01A,BP,False,1177.0,-0.6153238214165856,-1.2602277629532903
repeated_stratified_kfold,123,1,4,TCGA-BP-5006-01A,BP,False,840.0,0.04812222718007439,-0.729789720967421
repeated_stratified_kfold,123,1,4,TCGA-BP-5175-01A,BP,False,932.0,0.013335920475990085,-0.26328226825331574
repeated_stratified_kfold,123,1,4,TCGA-BP-5183-01A,BP,False,1291.0,0.9223325207862735,0.06419252681521825
repeated_stratified_kfold,123,1,4,TCGA-BP-5187-01A,BP,False,406.0,-0.19538191974851576,-0.7205671264321929
repeated_stratified_kfold,123,1,4,TCGA-CJ-4640-01A,CJ,False,3480.0,0.644042067153599,-0.05374992056639727
repeated_stratified_kfold,123,1,4,TCGA-CJ-4644-01A,CJ,True,336.0,1.6302765618615993,0.9142774389884601
repeated_stratified_kfold,123,1,4,TCGA-CJ-4878-01A,CJ,False,2186.0,1.3720482867203114,0.5138286862178053
repeated_stratified_kfold,123,1,4,TCGA-CJ-4901-01A,CJ,False,1450.0,0.5744694537454305,0.3259004592994882
repeated_stratified_kfold,123,1,4,TCGA-CJ-4920-01A,CJ,True,139.0,0.1151886193691848,-0.1437698164101454
repeated_stratified_kfold,123,1,4,TCGA-CJ-4923-01A,CJ,True,572.0,2.152071162422864,1.6874323216604679
repeated_stratified_kfold,123,1,4,TCGA-CJ-5678-01A,CJ,True,574.0,2.1545773836419224,1.313268144068274
repeated_stratified_kfold,123,1,4,TCGA-CJ-5680-01A,CJ,True,768.0,2.2216437758310326,1.3322417989206516
repeated_stratified_kfold,123,1,4,TCGA-CW-5580-01A,CW,True,1964.0,2.4999342294637072,1.7958347743098906
repeated_stratified_kfold,123,1,4,TCGA-CW-5585-01A,CW,False,2609.0,1.771928009896995,0.6753040813544459
repeated_stratified_kfold,123,1,4,TCGA-CW-5589-01A,CW,False,2378.0,-0.2649545331566844,-1.0268704918092046
repeated_stratified_kfold,123,1,4,TCGA-CW-6087-01A,CW,True,41.0,2.119791076937838,2.0730743862451373
repeated_stratified_kfold,123,1,4,TCGA-CW-6088-01A,CW,False,3222.0,0.013335920475990085,-0.8129649770377883
repeated_stratified_kfold,123,1,4,TCGA-CZ-4859-01A,CZ,False,1787.0,-0.058742914151236725,-1.0440104549561533
repeated_stratified_kfold,123,1,4,TCGA-CZ-4860-01A,CZ,True,206.0,2.0850047702337537,1.8621242840323466
repeated_stratified_kfold,123,1,4,TCGA-CZ-4863-01A,CZ,False,1928.0,0.6763221526386253,-0.19666970180070337
repeated_stratified_kfold,123,1,4,TCGA-CZ-5452-01A,CZ,False,1789.0,0.6293712965400299,-0.19885445037368438
repeated_stratified_kfold,123,1,4,TCGA-CZ-5453-01A,CZ,True,2419.0,0.5597986831318612,-0.35389312726749356
repeated_stratified_kfold,123,1,4,TCGA-CZ-5461-01A,CZ,True,330.0,1.806714316601079,0.8935412787248384
repeated_stratified_kfold,123,1,4,TCGA-CZ-5462-01A,CZ,True,311.0,2.8850898244276926,2.1730055317043746
repeated_stratified_kfold,123,1,4,TCGA-CZ-5464-01A,CZ,False,2128.0,2.3980815305705123,1.6184515763300555
repeated_stratified_kfold,123,1,4,TCGA-CZ-5465-01A,CZ,True,2564.0,1.5459798202407329,0.6277984104216489
repeated_stratified_kfold,123,1,4,TCGA-CZ-5470-01A,CZ,False,386.0,0.6964376887291402,-0.2515092810456098
repeated_stratified_kfold,123,1,4,TCGA-CZ-5985-01A,CZ,False,1997.0,0.2467219227951025,-0.44970735670784373
repeated_stratified_kfold,123,1,4,TCGA-CZ-5986-01A,CZ,False,373.0,0.04812222718007439,-0.7619019509031855
repeated_stratified_kfold,123,1,4,TCGA-DV-5565-01A,DV,False,1329.0,-0.021450386228094226,-0.7181167771928889
repeated_stratified_kfold,123,1,4,TCGA-DV-5567-01A,DV,False,2004.0,-0.7196827415288385,-1.1518489710113315
repeated_stratified_kfold,123,1,4,TCGA-T7-A92I-01A,T7,False,356.0,-0.4761785946002484,-0.7081497157678669
repeated_stratified_kfold,456,2,0,TCGA-A3-3326-01A,A3,False,1137.0,-0.5191470852500758,-1.3782330318771823
repeated_stratified_kfold,456,2,0,TCGA-A3-3331-01A,A3,False,1257.0,0.9404697341968142,0.27259352901199224
repeated_stratified_kfold,456,2,0,TCGA-A3-3335-01A,A3,False,1886.0,-0.6961565852835404,-1.1718523770250864
repeated_stratified_kfold,456,2,0,TCGA-A3-3347-01A,A3,True,1610.0,1.4060824546906159,1.3075048455690295
repeated_stratified_kfold,456,2,0,TCGA-A3-3358-01A,A3,False,1307.0,-0.12794499347426555,-0.6623592203578484
repeated_stratified_kfold,456,2,0,TCGA-A3-3370-01A,A3,False,2274.0,-0.459521977923911,-0.8944982824855381
repeated_stratified_kfold,456,2,0,TCGA-A3-3372-01A,A3,False,735.0,0.9411965885926621,0.3468875308978396
repeated_stratified_kfold,456,2,0,TCGA-A3-3374-01A,A3,False,1314.0,-0.34899631644069584,-0.2410118693608537
repeated_stratified_kfold,456,2,0,TCGA-A3-3385-01A,A3,False,1993.0,-0.5332057522460544,-1.340855969478227
repeated_stratified_kfold,456,2,0,TCGA-A3-A6NL-01A,A3,False,689.0,-0.42268009076283924,-0.8110973243196729
repeated_stratified_kfold,456,2,0,TCGA-A3-A6NN-01A,A3,False,3.0,0.6229514167431474,0.1099298364062708
repeated_stratified_kfold,456,2,0,TCGA-AK-3426-01A,AK,True,885.0,-0.053534364756274266,-0.12401370507645709
repeated_stratified_kfold,456,2,0,TCGA-AK-3427-01A,AK,False,3583.0,0.14400688364921502,0.06409822056365216
repeated_stratified_kfold,456,2,0,TCGA-AK-3429-01A,AK,False,3328.0,-0.19442883202451494,-0.7930280598468372
repeated_stratified_kfold,456,2,0,TCGA-AK-3447-01A,AK,False,1217.0,0.8512026754814718,0.6437171451848911
repeated_stratified_kfold,456,2,0,TCGA-AK-3450-01A,AK,False,1508.0,0.9036278470357426,0.019315456026072264
repeated_stratified_kfold,456,2,0,TCGA-AK-3455-01A,AK,True,683.0,1.2218730188852573,0.2626696473398841
repeated_stratified_kfold,456,2,0,TCGA-AK-3461-01A,AK,False,2217.0,0.40190009377671704,-0.069495461885134
repeated_stratified_kfold,456,2,0,TCGA-B0-4691-01A,B0,True,139.0,1.728124906116067,1.4823757982104382
repeated_stratified_kfold,456,2,0,TCGA-B0-4696-01A,B0,True,866.0,0.7201452656262317,0.8751853372663594
repeated_stratified_kfold,456,2,0,TCGA-B0-4837-01A,B0,True,1378.0,0.07032310932707157,0.32210492765129833
repeated_stratified_kfold,456,2,0,TCGA-B0-4838-01A,B0,True,834.0,0.31415765245859506,-0.44286639562441776
repeated_stratified_kfold,456,2,0,TCGA-B0-4852-01A,B0,True,1121.0,0.6897764598412062,0.21421169032241888
repeated_stratified_kfold,456,2,0,TCGA-B0-5092-01A,B0,True,459.0,1.6772243519590166,1.3989541174708369
repeated_stratified_kfold,456,2,0,TCGA-B0-5097-01A,B0,False,665.0,0.7797703729523966,0.45590743203171774
repeated_stratified_kfold,456,2,0,TCGA-B0-5106-01A,B0,True,1598.0,0.1071649964881433,-0.1799723906991328
repeated_stratified_kfold,456,2,0,TCGA-B0-5109-01A,B0,True,587.0,1.1254060243980206,0.9938166147635432
repeated_stratified_kfold,456,2,0,TCGA-B0-5110-01A,B0,False,2009.0,0.3878414267807385,-0.2492358671023181
repeated_stratified_kfold,456,2,0,TCGA-B0-5121-01A,B0,False,1485.0,-0.18757010080043043,-0.8942590239606723
repeated_stratified_kfold,456,2,0,TCGA-B0-5690-01A,B0,False,3392.0,-0.27531254211855244,-0.9899612645368983
repeated_stratified_kfold,456,2,0,TCGA-B0-5691-01A,B0,False,3431.0,0.2036319909753799,-0.3560513801594333
repeated_stratified_kfold,456,2,0,TCGA-B0-5695-01A,B0,False,2150.0,0.01942255517002133,-0.7030322121856596
repeated_stratified_kfold,456,2,0,TCGA-B0-5696-01A,B0,False,2609.0,1.1254060243980206,0.21066969029486377
repeated_stratified_kfold,456,2,0,TCGA-B0-5702-01A,B0,False,2172.0,0.3650582066156453,0.185890483278413
repeated_stratified_kfold,456,2,0,TCGA-B0-5703-01A,B0,False,2246.0,0.4387419809377887,-0.42600847939423564
repeated_stratified_kfold,456,2,0,TCGA-B0-5709-01A,B0,False,3974.0,0.8902960344356118,0.14173457149815055
repeated_stratified_kfold,456,2,0,TCGA-B0-5812-01A,B0,False,3834.0,-0.29809576228364565,-0.9581089653466812
repeated_stratified_kfold,456,2,0,TCGA-B2-4101-01A,B2,False,648.0,-0.2908958265117516,-0.8394568247190668
repeated_stratified_kfold,456,2,0,TCGA-B4-5378-01A,B4,False,175.0,0.03348122216599986,-0.3286526314176186
repeated_stratified_kfold,456,2,0,TCGA-B4-5834-01A,B4,False,38.0,-0.07704443931721529,-0.8902546047028246
repeated_stratified_kfold,456,2,0,TCGA-B4-5835-01A,B4,False,16.0,0.1299482166532365,-0.2631910236952088
repeated_stratified_kfold,456,2,0,TCGA-B8-4143-01A,B8,True,709.0,2.1561688850529492,2.1685781961065906
repeated_stratified_kfold,456,2,0,TCGA-B8-4153-01B,B8,False,762.0,1.3096154602033792,0.48818190301385384
repeated_stratified_kfold,456,2,0,TCGA-B8-4619-01A,B8,False,523.0,-0.11388632647828702,-0.10089905015709971
repeated_stratified_kfold,456,2,0,TCGA-B8-5158-01A,B8,False,1218.0,0.6464614913040883,0.06897870688745139
repeated_stratified_kfold,456,2,0,TCGA-B8-5164-01A,B8,False,26.0,0.9780384757537337,-0.12426875928037207
repeated_stratified_kfold,456,2,0,TCGA-B8-5553-01A,B8,False,435.0,0.24047387813645163,-0.5604736914363031
repeated_stratified_kfold,456,2,0,TCGA-B8-A54G-01A,B8,False,53.0,-0.4086214237668608,-1.144323707681317
repeated_stratified_kfold,456,2,0,TCGA-B8-A54H-01A,B8,False,256.0,0.3581994753915608,-0.17947368262272323
repeated_stratified_kfold,456,2,0,TCGA-B8-A8YJ-01A,B8,False,431.0,-0.017419331991050384,-0.19856949902288684
repeated_stratified_kfold,456,2,0,TCGA-BP-4169-01A,BP,True,701.0,0.6160926855190627,0.2713620015486488
repeated_stratified_kfold,456,2,0,TCGA-BP-4173-01A,BP,False,1893.0,-0.47510526231711014,-0.83820753788307
repeated_stratified_kfold,456,2,0,TCGA-BP-4326-01A,BP,True,1625.0,-0.27531254211855244,-0.1452986772941685
repeated_stratified_kfold,456,2,0,TCGA-BP-4327-01A,BP,True,109.0,0.5792507983579911,0.2122356814520347
repeated_stratified_kfold,456,2,0,TCGA-BP-4329-01A,BP,True,845.0,1.346457347364451,0.49006734020890547
repeated_stratified_kfold,456,2,0,TCGA-BP-4334-01A,BP,True,645.0,0.6464614913040883,0.3700301011766724
repeated_stratified_kfold,456,2,0,TCGA-BP-4335-01A,BP,True,475.0,2.119326997891877,1.7389933755172706
repeated_stratified_kfold,456,2,0,TCGA-BP-4338-01A,BP,False,2859.0,-0.6665146338943627,-0.7624036539082688
repeated_stratified_kfold,456,2,0,TCGA-BP-4343-01A,BP,True,1912.0,0.9411965885926621,0.05470201827806137
repeated_stratified_kfold,456,2,0,TCGA-BP-4352-01A,BP,True,344.0,2.4509039823415226,3.0882704289302754
repeated_stratified_kfold,456,2,0,TCGA-BP-4354-01A,BP,True,1034.0,1.1754965986999912,1.0609624699374571
repeated_stratified_kfold,456,2,0,TCGA-BP-4355-01A,BP,True,953.0,0.7797703729523966,0.23820521605704809
repeated_stratified_kfold,456,2,0,TCGA-BP-4765-01A,BP,False,2184.0,-0.6665146338943627,-1.3741649710361572
repeated_stratified_kfold,456,2,0,TCGA-BP-4771-01A,BP,True,162.0,1.986018116243569,1.7877240880539833
repeated_stratified_kfold,456,2,0,TCGA-BP-4801-01A,BP,False,1124.0,-0.15072821363935873,-0.6589342831952274
repeated_stratified_kfold,456,2,0,TCGA-BP-4970-01A,BP,False,433.0,0.20435884537122762,-0.4042863223857543
repeated_stratified_kfold,456,2,0,TCGA-BP-4971-01A,BP,False,1487.0,0.05699129672694081,-0.21943424870531386
repeated_stratified_kfold,456,2,0,TCGA-BP-4982-01A,BP,False,1014.0,-0.7033565210554344,-1.4595509550479588
repeated_stratified_kfold,456,2,0,TCGA-BP-4986-01A,BP,False,785.0,0.5124257552599322,0.4354845294596951
repeated_stratified_kfold,456,2,0,TCGA-BP-4987-01A,BP,False,1124.0,-0.717415188051413,-1.4789952976680134
repeated_stratified_kfold,456,2,0,TCGA-BP-4995-01A,BP,False,1371.0,0.2545325451324301,-0.36372965904989596
repeated_stratified_kfold,456,2,0,TCGA-BP-5000-01A,BP,False,563.0,-0.7770402953775779,-1.194869052861577
repeated_stratified_kfold,456,2,0,TCGA-BP-5006-01A,BP,False,840.0,-0.003360664995071861,-0.8805556570781942
repeated_stratified_kfold,456,2,0,TCGA-BP-5007-01A,BP,False,1140.0,-0.5487890366392537,-1.191773626062987
repeated_stratified_kfold,456,2,0,TCGA-BP-5168-01A,BP,True,1463.0,0.5124257552599322,-0.23543611333414904
repeated_stratified_kfold,456,2,0,TCGA-BP-5170-01A,BP,False,2412.0,-0.22441198796150216,-0.7343555665804333
repeated_stratified_kfold,456,2,0,TCGA-BP-5175-01A,BP,False,932.0,-0.04020255215614357,-0.4013903322439426
repeated_stratified_kfold,456,2,0,TCGA-BP-5177-01A,BP,False,293.0,-0.5332057522460544,-1.221187215769706
repeated_stratified_kfold,456,2,0,TCGA-BP-5178-01A,BP,True,1912.0,2.3175951006932145,1.7477733597360985
repeated_stratified_kfold,456,2,0,TCGA-BP-5184-01A,BP,False,1133.0,-0.26125387512257386,-1.2905799442639263
repeated_stratified_kfold,456,2,0,TCGA-BP-5194-01A,BP,False,408.0,-0.8138821825386496,-1.8225952002674612
repeated_stratified_kfold,456,2,0,TCGA-BP-5200-01A,BP,False,1063.0,-0.5856309238003253,-1.3800036251520376
repeated_stratified_kfold,456,2,0,TCGA-CJ-4875-01A,CJ,True,3554.0,2.1702275520489276,1.67395762947477
repeated_stratified_kfold,456,2,0,TCGA-CJ-4899-01A,CJ,False,1528.0,-0.7033565210554344,-1.2884446863064378
repeated_stratified_kfold,456,2,0,TCGA-CJ-4900-01A,CJ,True,1714.0,2.266694546536164,1.9047922004002598
repeated_stratified_kfold,456,2,0,TCGA-CJ-4907-01A,CJ,False,1499.0,0.7201452656262317,-0.0813766749754935
repeated_stratified_kfold,456,2,0,TCGA-CJ-4918-01A,CJ,True,93.0,2.0597018905657123,1.8515710696147913
repeated_stratified_kfold,456,2,0,TCGA-CJ-6030-01A,CJ,True,2299.0,0.14400688364921502,-0.2558962512655951
repeated_stratified_kfold,456,2,0,TCGA-CJ-6031-01A,CJ,False,1906.0,-0.26125387512257386,-0.8290180029385694
repeated_stratified_kfold,456,2,0,TCGA-CJ-6032-01A,CJ,False,3639.0,0.13714815242513048,-0.6718447057613347
repeated_stratified_kfold,456,2,0,TCGA-CW-5580-01A,CW,True,1964.0,2.414062095180451,1.8728980762183804
repeated_stratified_kfold,456,2,0,TCGA-CW-5583-01A,CW,False,2489.0,-0.34899631644069584,-0.961659691414563
repeated_stratified_kfold,456,2,0,TCGA-CW-5591-01A,CW,False,2271.0,1.7649667932771387,1.0283627451872912
repeated_stratified_kfold,456,2,0,TCGA-CW-6087-01A,CW,True,41.0,1.9491762290824972,2.050779488764782
repeated_stratified_kfold,456,2,0,TCGA-CW-6090-01A,CW,False,2552.0,0.2545325451324301,-0.0741806960259539
repeated_stratified_kfold,456,2,0,TCGA-CZ-4853-01A,CZ,False,774.0,0.7703189653874343,-0.2944394276920483
repeated_stratified_kfold,456,2,0,TCGA-CZ-4854-01A,CZ,True,1404.0,0.2545325451324301,0.11977444196633275
repeated_stratified_kfold,456,2,0,TCGA-CZ-4856-01A,CZ,False,18.0,0.056264442331093054,-0.7061912972954386
repeated_stratified_kfold,456,2,0,TCGA-CZ-4858-01A,CZ,True,2105.0,-0.7698403596056839,-0.4147488589923637
repeated_stratified_kfold,456,2,0,TCGA-CZ-4864-01A,CZ,True,1315.0,0.9617283369646868,0.14546727712526003
repeated_stratified_kfold,456,2,0,TCGA-CZ-5464-01A,CZ,False,2128.0,2.243911326371071,1.6453722224034426
repeated_stratified_kfold,456,2,0,TCGA-CZ-5984-01A,CZ,False,2067.0,-0.37177953660578905,-0.9389571030578547
repeated_stratified_kfold,456,2,0,TCGA-DV-5565-01A,DV,False,1329.0,-0.07704443931721529,-0.5209693064471272
repeated_stratified_kfold,456,2,0,TCGA-EU-5906-01A,EU,False,206.0,-0.22441198796150216,-0.9549179435329171
repeated_stratified_kfold,456,2,0,TCGA-EU-5907-01A,EU,False,127.0,1.5675086703308811,0.8192045375290882
repeated_stratified_kfold,456,2,0,TCGA-MM-A564-01A,MM,False,607.0,0.29857436806539583,0.2961486212762952
repeated_stratified_kfold,456,2,1,TCGA-A3-3306-01A,A3,False,1120.0,0.06591385998994778,-0.8427079923041758
repeated_stratified_kfold,456,2,1,TCGA-A3-3308-01A,A3,False,16.0,1.490313157184185,1.3453211859990357
repeated_stratified_kfold,456,2,1,TCGA-A3-3317-01A,A3,False,1491.0,0.4903447361026427,0.5661974124522029
repeated_stratified_kfold,456,2,1,TCGA-A3-3319-01A,A3,False,1130.0,0.1671489599366206,0.4571024860055808
repeated_stratified_kfold,456,2,1,TCGA-A3-3322-01A,A3,False,1478.0,-0.47400667305897404,-0.9772901986112279
repeated_stratified_kfold,456,2,1,TCGA-A3-3328-01A,A3,False,1385.0,0.47085425977663914,0.9165181057423222
repeated_stratified_kfold,456,2,1,TCGA-A3-3329-01A,A3,False,1624.0,0.3358741265144087,-0.4233481995451475
repeated_stratified_kfold,456,2,1,TCGA-A3-3346-01A,A3,True,137.0,0.09965889330550537,0.4482699716323657
repeated_stratified_kfold,456,2,1,TCGA-A3-3349-01A,A3,False,1385.0,-0.8969158618600808,-1.511362108065002
repeated_stratified_kfold,456,2,1,TCGA-A3-3352-01A,A3,True,561.0,1.2383216796741396,0.3897818748276456
repeated_stratified_kfold,456,2,1,TCGA-A3-3357-01A,A3,False,2688.0,0.32161956952485465,-0.05885346984585704
repeated_stratified_kfold,456,2,1,TCGA-A3-3376-01A,A3,True,1696.0,-0.47400667305897404,-1.2302650328383695
repeated_stratified_kfold,456,2,1,TCGA-A3-3383-01A,A3,False,861.0,-0.4402616397434164,-1.155010066780896
repeated_stratified_kfold,456,2,1,TCGA-A3-A6NI-01A,A3,False,1018.0,-0.6089868063212045,-1.0141675090039421
repeated_stratified_kfold,456,2,1,TCGA-AK-3431-01A,AK,True,2241.0,0.4723759470882273,-0.20042705325458532
repeated_stratified_kfold,456,2,1,TCGA-AK-3443-01A,AK,False,1423.0,-0.25204599683962486,-0.2518587866220705
repeated_stratified_kfold,456,2,1,TCGA-AK-3454-01A,AK,False,874.0,0.6395794263544272,0.6465140675383432
repeated_stratified_kfold,456,2,1,TCGA-B0-4694-01A,B0,True,106.0,1.1708316130430243,0.7191310080426865
repeated_stratified_kfold,456,2,1,TCGA-B0-4697-01A,B0,True,578.0,1.4598388034955048,1.7580296569201332
repeated_stratified_kfold,456,2,1,TCGA-B0-4707-01A,B0,True,600.0,0.8671263132030057,0.7518964266068262
repeated_stratified_kfold,456,2,1,TCGA-B0-4714-01A,B0,True,99.0,2.4901585919766487,2.1353242576124716
repeated_stratified_kfold,456,2,1,TCGA-B0-4810-01A,B0,True,478.0,0.3272057801540839,0.20054846584365027
repeated_stratified_kfold,456,2,1,TCGA-B0-4815-01A,B0,True,1588.0,0.9346163798341209,0.8058644618062394
repeated_stratified_kfold,456,2,1,TCGA-B0-4843-01A,B0,True,320.0,0.66465611330966,0.13402098374362537
repeated_stratified_kfold,456,2,1,TCGA-B0-4844-01A,B0,True,313.0,1.7815128923499388,1.1245194950278061
repeated_stratified_kfold,456,2,1,TCGA-B0-4945-01A,B0,True,2145.0,0.4866305040777813,-0.14800504001177817
repeated_stratified_kfold,456,2,1,TCGA-B0-5096-01A,B0,True,68.0,1.321587990606397,1.8938683997311052
repeated_stratified_kfold,456,2,1,TCGA-B0-5100-01A,B0,True,1913.0,1.1708316130430243,1.6253969671564474
repeated_stratified_kfold,456,2,1,TCGA-B0-5694-01A,B0,True,480.0,1.1370865797274667,0.484540567311037
repeated_stratified_kfold,456,2,1,TCGA-B0-5711-01A,B0,False,3989.0,0.42844088010075676,-0.49156240230604853
repeated_stratified_kfold,456,2,1,TCGA-B2-5635-01A,B2,False,755.0,0.3021290931988511,-0.09209589507150662
repeated_stratified_kfold,456,2,1,TCGA-B2-5639-01A,B2,True,1003.0,1.3090824259321323,0.3663601200184672
repeated_stratified_kfold,456,2,1,TCGA-B4-5377-01A,B4,False,365.0,2.2022295364377724,1.1450965290793744
repeated_stratified_kfold,456,2,1,TCGA-B4-5836-01A,B4,False,141.0,0.014200037659974716,-1.0386217552793369
repeated_stratified_kfold,456,2,1,TCGA-B8-5162-01A,B8,False,36.0,0.32161956952485465,0.18733963251066843
repeated_stratified_kfold,456,2,1,TCGA-B8-5165-01A,B8,False,737.0,-0.743966939583435,-1.7675337610323534
repeated_stratified_kfold,456,2,1,TCGA-B8-5546-01A,B8,False,505.0,-0.7619357285978504,-0.718212525176679
repeated_stratified_kfold,456,2,1,TCGA-B8-5550-01A,B8,False,1476.0,1.1370865797274667,1.137960603570013
repeated_stratified_kfold,456,2,1,TCGA-B8-5552-01B,B8,False,1046.0,-0.6607006286511775,-1.4696778642105799
repeated_stratified_kfold,456,2,1,TCGA-B8-A54D-01A,B8,False,830.0,1.0695965130963514,0.8351841986913642
repeated_stratified_kfold,456,2,1,TCGA-B8-A54E-01A,B8,False,909.0,0.047945070975532335,-0.26133934601539754
repeated_stratified_kfold,456,2,1,TCGA-B8-A54J-01A,B8,False,528.0,0.2541295028937394,-0.7398470660239859
repeated_stratified_kfold,456,2,1,TCGA-B8-A7U6-01A,B8,False,495.0,-0.2220151955489286,-1.0335098814343127
repeated_stratified_kfold,456,2,1,TCGA-BP-4163-01A,BP,False,2839.0,0.9166475908197056,0.5307807258086903
repeated_stratified_kfold,456,2,1,TCGA-BP-4164-01A,BP,True,992.0,0.6129422909796871,-0.15638651467266718
repeated_stratified_kfold,456,2,1,TCGA-BP-4166-01A,BP,False,13.0,1.0695965130963514,0.3004421667820909
repeated_stratified_kfold,456,2,1,TCGA-BP-4174-01A,BP,False,1879.0,-0.11706586357739435,-0.617294968624934
repeated_stratified_kfold,456,2,1,TCGA-BP-4325-01A,BP,False,2964.0,0.11543513760664757,-0.70923408276292
repeated_stratified_kfold,456,2,1,TCGA-BP-4337-01A,BP,True,2.0,1.4565681238686274,1.6088547793422252
repeated_stratified_kfold,456,2,1,TCGA-BP-4340-01A,BP,True,562.0,0.3179053374999932,-0.9994582691214451
repeated_stratified_kfold,456,2,1,TCGA-BP-4342-01A,BP,True,2256.0,0.8952851358893341,0.20193400059389477
repeated_stratified_kfold,456,2,1,TCGA-BP-4345-01A,BP,False,1516.0,0.8333812798874481,0.5348046281396712
repeated_stratified_kfold,456,2,1,TCGA-BP-4758-01A,BP,False,2208.0,-0.8452020395301079,-1.3462063511880757
repeated_stratified_kfold,456,2,1,TCGA-BP-4762-01A,BP,True,1343.0,-0.7777119728989925,-1.4353459514401434
repeated_stratified_kfold,456,2,1,TCGA-BP-4770-01A,BP,True,329.0,2.3709547030155607,2.8009948284462576
repeated_stratified_kfold,456,2,1,TCGA-BP-4774-01A,BP,False,1885.0,-0.12078009560225575,-0.7221513301637335
repeated_stratified_kfold,456,2,1,TCGA-BP-4775-01A,BP,False,1843.0,-0.18827016223337098,-0.9804373857357931
repeated_stratified_kfold,456,2,1,TCGA-BP-4782-01A,BP,False,354.0,-0.18827016223337098,-0.862455968890454
repeated_stratified_kfold,456,2,1,TCGA-BP-4789-01A,BP,False,1489.0,-0.5752417730056469,-1.3561946547288386
repeated_stratified_kfold,456,2,1,TCGA-BP-4797-01A,BP,False,1107.0,-0.11147965294816498,-0.41674755734627655
repeated_stratified_kfold,456,2,1,TCGA-BP-4961-01A,BP,False,1935.0,-0.6089868063212045,-1.4914775195318954
repeated_stratified_kfold,456,2,1,TCGA-BP-4963-01A,BP,False,1834.0,-0.06906627327228268,-1.0251995050817393
repeated_stratified_kfold,456,2,1,TCGA-BP-4975-01A,BP,False,1433.0,-0.8452020395301079,-1.758987879105329
repeated_stratified_kfold,456,2,1,TCGA-BP-4991-01A,BP,False,1413.0,-0.37277157311230125,-1.0036737977384538
repeated_stratified_kfold,456,2,1,TCGA-BP-4998-01A,BP,False,932.0,-0.5414967396900893,-1.0009593050145922
repeated_stratified_kfold,456,2,1,TCGA-BP-5180-01A,BP,False,2263.0,-0.4065166064278588,-1.4147151663823072
repeated_stratified_kfold,456,2,1,TCGA-BP-5185-01A,BP,False,1132.0,-0.305281506481186,-0.9041434655478091
repeated_stratified_kfold,456,2,1,TCGA-BP-5187-01A,BP,False,406.0,-0.37277157311230125,-0.8548673776074205
repeated_stratified_kfold,456,2,1,TCGA-BP-5189-01A,BP,True,822.0,-0.17030137321895553,-0.7717278509867883
repeated_stratified_kfold,456,2,1,TCGA-BP-5191-01A,BP,False,967.0,1.4070468462519274,1.0326944548806423
repeated_stratified_kfold,456,2,1,TCGA-BP-5196-01A,BP,False,1018.0,-0.4065166064278588,0.2520258596982775
repeated_stratified_kfold,456,2,1,TCGA-BP-5199-01A,BP,False,1355.0,0.1866394362626242,0.013495694228238708
repeated_stratified_kfold,456,2,1,TCGA-BP-5202-01A,BP,False,29.0,1.2720667129896972,0.08703741993800662
repeated_stratified_kfold,456,2,1,TCGA-CJ-4637-01A,CJ,True,2227.0,1.6623090033888506,1.6998785821993427
repeated_stratified_kfold,456,2,1,TCGA-CJ-4641-01A,CJ,True,1661.0,1.7635441033355235,1.5014684021034042
repeated_stratified_kfold,456,2,1,TCGA-CJ-4868-01A,CJ,True,646.0,1.1741022926699018,1.256442078714803
repeated_stratified_kfold,456,2,1,TCGA-CJ-4869-01A,CJ,False,2554.0,0.39469584678519914,-0.21377838180929232
repeated_stratified_kfold,456,2,1,TCGA-CJ-4870-01A,CJ,False,1498.0,0.8491575241885904,-0.08225250701235765
repeated_stratified_kfold,456,2,1,TCGA-CJ-4873-01A,CJ,False,1776.0,1.760273423708646,1.9233492659581441
repeated_stratified_kfold,456,2,1,TCGA-CJ-4892-01A,CJ,False,1521.0,0.1491801709222052,-0.5951778041735473
repeated_stratified_kfold,456,2,1,TCGA-CJ-4897-01A,CJ,False,3341.0,1.5578032238153003,0.24334838825426108
repeated_stratified_kfold,456,2,1,TCGA-CJ-4904-01A,CJ,False,3302.0,1.9322692699133115,1.0059375590681596
repeated_stratified_kfold,456,2,1,TCGA-CJ-4912-01A,CJ,False,1657.0,0.28787453620929704,0.03541376573739319
repeated_stratified_kfold,456,2,1,TCGA-CJ-4920-01A,CJ,True,139.0,0.11543513760664757,0.25464601099433737
repeated_stratified_kfold,456,2,1,TCGA-CJ-4923-01A,CJ,True,572.0,2.033504369859984,1.8287685213317497
repeated_stratified_kfold,456,2,1,TCGA-CJ-5678-01A,CJ,True,574.0,1.8490029589810542,1.0463012105949738
repeated_stratified_kfold,456,2,1,TCGA-CJ-5682-01A,CJ,False,3736.0,1.7815128923499388,0.6885432547388455
repeated_stratified_kfold,456,2,1,TCGA-CJ-5683-01A,CJ,False,1889.0,0.4371092264610816,0.1493937851129734
repeated_stratified_kfold,456,2,1,TCGA-CW-5581-01A,CW,False,2799.0,-0.7102219062678774,-1.7398986028338503
repeated_stratified_kfold,456,2,1,TCGA-CW-5587-01A,CW,False,2226.0,0.9841376574508208,-0.08022450309870616
repeated_stratified_kfold,456,2,1,TCGA-CW-5590-01A,CW,True,1075.0,1.4778075925099203,0.5473589304312532
repeated_stratified_kfold,456,2,1,TCGA-CW-6088-01A,CW,False,3222.0,-0.17030137321895553,-1.2673673028287085
repeated_stratified_kfold,456,2,1,TCGA-CZ-4857-01A,CZ,True,1432.0,1.6465327590877084,1.5044009464994856
repeated_stratified_kfold,456,2,1,TCGA-CZ-4862-01A,CZ,False,3271.0,-0.6427318396367622,-0.9913641223902687
repeated_stratified_kfold,456,2,1,TCGA-CZ-5454-01A,CZ,True,722.0,1.8827479922966117,1.0482719755286687
repeated_stratified_kfold,456,2,1,TCGA-CZ-5456-01A,CZ,False,2422.0,0.15289440294706652,-0.5794308350957587
repeated_stratified_kfold,456,2,1,TCGA-CZ-5463-01A,CZ,False,662.0,0.7940500359426612,-0.3005093691270766
repeated_stratified_kfold,456,2,1,TCGA-CZ-5468-01A,CZ,True,59.0,2.5913936919233214,3.1345898514669255
repeated_stratified_kfold,456,2,1,TCGA-CZ-5470-01A,CZ,False,386.0,0.8098262802438034,-0.0029083360906729805
repeated_stratified_kfold,456,2,1,TCGA-CZ-5982-01A,CZ,False,2439.0,-0.05329002897114052,-1.203092791420875
repeated_stratified_kfold,456,2,1,TCGA-CZ-5987-01A,CZ,True,445.0,1.7815128923499388,1.0042474831384636
repeated_stratified_kfold,456,2,1,TCGA-DV-5566-01A,DV,False,1398.0,0.2166702375533204,-0.6537944211161508
repeated_stratified_kfold,456,2,1,TCGA-DV-5569-01A,DV,False,355.0,-1.065641028437869,-1.8618439083797078
repeated_stratified_kfold,456,2,1,TCGA-GK-A6C7-01A,GK,False,61.0,0.520375537393339,-0.019379162015855156
repeated_stratified_kfold,456,2,1,TCGA-MM-A84U-01A,MM,False,700.0,-0.08703506228669813,0.41058146914166116
repeated_stratified_kfold,456,2,1,TCGA-T7-A92I-01A,T7,False,356.0,-0.4582304287578319,-0.5887709905155321
repeated_stratified_kfold,456,2,2,TCGA-A3-3307-01A,A3,False,1436.0,1.050260893037356,0.056154913480192525
repeated_stratified_kfold,456,2,2,TCGA-A3-3311-01A,A3,True,1191.0,-0.25376349885589666,-0.8226070170107733
repeated_stratified_kfold,456,2,2,TCGA-A3-3313-01A,A3,True,735.0,-0.18792593733121307,-0.43477518585067376
repeated_stratified_kfold,456,2,2,TCGA-A3-3316-01A,A3,False,1493.0,0.2023010720475958,-0.44604161252699903
repeated_stratified_kfold,456,2,2,TCGA-A3-3324-01A,A3,False,1186.0,-0.45127618342994746,-0.958070906205253
repeated_stratified_kfold,456,2,2,TCGA-A3-3351-01A,A3,False,910.0,-0.2914806393875311,-0.7651340044635527
repeated_stratified_kfold,456,2,2,TCGA-A3-3362-01A,A3,False,1559.0,-0.021478920781102376,-0.7010917867500078
repeated_stratified_kfold,456,2,2,TCGA-A3-3363-01A,A3,False,319.0,-0.028130393288796796,-0.5412785912572724
repeated_stratified_kfold,456,2,2,TCGA-A3-3365-01A,A3,False,873.0,-0.6158700872416565,-1.0478812804048092
repeated_stratified_kfold,456,2,2,TCGA-A3-3387-01A,A3,False,617.0,-0.517113744954631,-1.0103519778018757
repeated_stratified_kfold,456,2,2,TCGA-A3-A8CQ-01A,A3,False,3.0,-0.05439770154344418,-0.8553715424812203
repeated_stratified_kfold,456,2,2,TCGA-AK-3425-01A,AK,False,3343.0,0.1083430895298631,-0.34347313543723784
repeated_stratified_kfold,456,2,2,TCGA-AK-3434-01A,AK,False,2087.0,0.24001821257923028,-0.6916921300537116
repeated_stratified_kfold,456,2,2,TCGA-AK-3440-01A,AK,False,2865.0,-0.22084471809355488,-0.12025457898963665
repeated_stratified_kfold,456,2,2,TCGA-AK-3456-01A,AK,False,1143.0,-0.09396795481348036,-0.609275851576454
repeated_stratified_kfold,456,2,2,TCGA-AK-3460-01A,AK,False,2508.0,-0.22084471809355488,-0.8371151957055786
repeated_stratified_kfold,456,2,2,TCGA-AK-3465-01A,AK,False,369.0,0.3406276676046574,-0.29996841034202537
repeated_stratified_kfold,456,2,2,TCGA-B0-4698-01A,B0,True,42.0,2.339077660517646,2.7116999798013306
repeated_stratified_kfold,456,2,2,TCGA-B0-4700-01A,B0,True,1980.0,1.8452959490825191,1.402569300795963
repeated_stratified_kfold,456,2,2,TCGA-B0-4712-01A,B0,True,1337.0,2.371996441279988,2.050171088380648
repeated_stratified_kfold,456,2,2,TCGA-B0-4718-01A,B0,False,1778.0,0.7539918661762799,0.4284830531266244
repeated_stratified_kfold,456,2,2,TCGA-B0-4813-01A,B0,True,18.0,1.1160984545620396,1.5563807645475225
repeated_stratified_kfold,456,2,2,TCGA-B0-4814-01A,B0,True,168.0,1.7794583875578356,0.8792516678155946
repeated_stratified_kfold,456,2,2,TCGA-B0-4816-01A,B0,True,1371.0,-0.06104917405113858,-0.7344037514214116
repeated_stratified_kfold,456,2,2,TCGA-B0-4817-01A,B0,True,1019.0,1.544042604472483,1.5751505594936206
repeated_stratified_kfold,456,2,2,TCGA-B0-4819-01A,B0,True,183.0,1.978824184870288,1.903371081844436
repeated_stratified_kfold,456,2,2,TCGA-B0-4822-01A,B0,True,1111.0,0.8935954680567735,0.36586075393081996
repeated_stratified_kfold,456,2,2,TCGA-B0-4824-01A,B0,True,1657.0,-0.3835855091668621,-1.0371905237829395
repeated_stratified_kfold,456,2,2,TCGA-B0-4834-01A,B0,True,2090.0,-0.517113744954631,-0.522290577466245
repeated_stratified_kfold,456,2,2,TCGA-B0-4842-01A,B0,True,1724.0,1.4142205941615176,1.2377558834630968
repeated_stratified_kfold,456,2,2,TCGA-B0-4845-01A,B0,True,1986.0,2.1744837567059374,1.8209857254439705
repeated_stratified_kfold,456,2,2,TCGA-B0-4846-01A,B0,True,1200.0,1.5819457029837847,0.9228100471470564
repeated_stratified_kfold,456,2,2,TCGA-B0-4847-01A,B0,True,793.0,1.8452959490825191,1.0864438224941835
repeated_stratified_kfold,456,2,2,TCGA-B0-5084-01A,B0,True,222.0,0.9564888684992907,1.532303567355199
repeated_stratified_kfold,456,2,2,TCGA-B0-5095-01A,B0,True,245.0,1.544042604472483,1.081237180795244
repeated_stratified_kfold,456,2,2,TCGA-B0-5108-01A,B0,False,1782.0,0.6552355238892545,0.2081868913597491
repeated_stratified_kfold,456,2,2,TCGA-B0-5115-01A,B0,False,1604.0,1.2856766761227085,0.39981661618334985
repeated_stratified_kfold,456,2,2,TCGA-B0-5120-01A,B0,False,1169.0,0.3735464483669992,-0.08334175160099311
repeated_stratified_kfold,456,2,2,TCGA-B0-5399-01A,B0,False,1411.0,-0.6158700872416565,-1.2680087192664735
repeated_stratified_kfold,456,2,2,TCGA-B0-5698-01A,B0,False,3631.0,0.40461211639093925,-0.4956709925285383
repeated_stratified_kfold,456,2,2,TCGA-B0-5699-01A,B0,False,3841.0,-0.38543862190526385,-1.2257678610342655
repeated_stratified_kfold,456,2,2,TCGA-B0-5706-01A,B0,False,3205.0,-0.19272429710050587,-0.16175252579751603
repeated_stratified_kfold,456,2,2,TCGA-B0-5712-01A,B0,False,2722.0,2.2421744309690226,1.02432390866303
repeated_stratified_kfold,456,2,2,TCGA-B2-3923-01A,B2,False,992.0,0.26813863357227935,0.06077592907083096
repeated_stratified_kfold,456,2,2,TCGA-B2-4098-01A,B2,True,51.0,0.3735464483669992,-0.05931078765617964
repeated_stratified_kfold,456,2,2,TCGA-B2-4102-01A,B2,False,952.0,-0.12208837580652948,-0.8444374616367059
repeated_stratified_kfold,456,2,2,TCGA-B2-5641-01A,B2,False,656.0,0.4704496779156228,0.17341973781404907
repeated_stratified_kfold,456,2,2,TCGA-B4-5844-01A,B4,False,7.0,0.46750443088473187,-0.44488879396124015
repeated_stratified_kfold,456,2,2,TCGA-B8-4146-01B,B8,False,511.0,-0.6469357552655965,-1.3918194311529182
repeated_stratified_kfold,456,2,2,TCGA-B8-4148-01A,B8,False,1520.0,0.07727742150592301,-0.7682138048405064
repeated_stratified_kfold,456,2,2,TCGA-B8-5163-01A,B8,False,822.0,1.0850327865380998,0.8135322660263853
repeated_stratified_kfold,456,2,2,TCGA-B8-A54I-01A,B8,False,150.0,-0.5500325257169728,-0.5912900063669563
repeated_stratified_kfold,456,2,2,TCGA-BP-4159-01A,BP,True,2601.0,0.17418065105454672,-0.48806026445104017
repeated_stratified_kfold,456,2,2,TCGA-BP-4176-01A,BP,False,1955.0,-0.023332033519504095,-0.2926962409347787
repeated_stratified_kfold,456,2,2,TCGA-BP-4331-01A,BP,True,2454.0,-0.4183574026676057,-0.8949448497606247
repeated_stratified_kfold,456,2,2,TCGA-BP-4349-01A,BP,False,372.0,0.241871325317632,-0.382191505481891
repeated_stratified_kfold,456,2,2,TCGA-BP-4353-01A,BP,True,375.0,-0.12208837580652948,-0.7988875827448172
repeated_stratified_kfold,456,2,2,TCGA-BP-4761-01A,BP,False,182.0,0.7539918661762799,0.7332274306785831
repeated_stratified_kfold,456,2,2,TCGA-BP-4776-01A,BP,False,411.0,-0.4183574026676057,-1.0213940306275862
repeated_stratified_kfold,456,2,2,TCGA-BP-4784-01A,BP,False,1854.0,0.20895254455529022,0.06796921568592751
repeated_stratified_kfold,456,2,2,TCGA-BP-4787-01A,BP,True,480.0,1.9459054041079462,1.6903845037638803
repeated_stratified_kfold,456,2,2,TCGA-BP-4965-01A,BP,False,1871.0,-0.6158700872416565,-1.3544615298049314
repeated_stratified_kfold,456,2,2,TCGA-BP-4967-01A,BP,False,205.0,1.379448700660774,1.211588514075029
repeated_stratified_kfold,456,2,2,TCGA-BP-4968-01A,BP,False,1746.0,-0.8133827718157074,-1.1171435939478123
repeated_stratified_kfold,456,2,2,TCGA-BP-4969-01A,BP,False,1794.0,0.07727742150592301,-0.4292515789418001
repeated_stratified_kfold,456,2,2,TCGA-BP-4972-01A,BP,False,1502.0,0.4266571712912637,-0.33456250193823
repeated_stratified_kfold,456,2,2,TCGA-BP-4973-01A,BP,False,1384.0,0.4248040585528619,-0.4674815584513201
repeated_stratified_kfold,456,2,2,TCGA-BP-4985-01A,BP,True,952.0,1.247773577611407,1.2967490102209056
repeated_stratified_kfold,456,2,2,TCGA-BP-4988-01A,BP,True,828.0,0.24001821257923028,0.007609701478124897
repeated_stratified_kfold,456,2,2,TCGA-BP-4999-01A,BP,False,1266.0,-0.28668227961823844,-1.1181387114609647
repeated_stratified_kfold,456,2,2,TCGA-BP-5169-01A,BP,False,193.0,0.17418065105454672,0.119790966004227
repeated_stratified_kfold,456,2,2,TCGA-BP-5174-01A,BP,False,2257.0,-0.5152606322162294,-1.0420419259104357
repeated_stratified_kfold,456,2,2,TCGA-BP-5181-01A,BP,False,1495.0,-0.08731648230578597,-1.0163946625367009
repeated_stratified_kfold,456,2,2,TCGA-BP-5183-01A,BP,False,1291.0,0.7539918661762799,0.028899470004637773
repeated_stratified_kfold,456,2,2,TCGA-BP-5195-01A,BP,False,749.0,0.3387745548662557,0.04211124890337081
repeated_stratified_kfold,456,2,2,TCGA-CJ-4635-01A,CJ,False,1416.0,-0.5500325257169728,-1.1462043259996686
repeated_stratified_kfold,456,2,2,TCGA-CJ-4639-01A,CJ,False,3229.0,0.07247906173663032,-0.737260694109637
repeated_stratified_kfold,456,2,2,TCGA-CJ-4642-01B,CJ,False,3205.0,-0.12688673557582225,-0.43384314545340746
repeated_stratified_kfold,456,2,2,TCGA-CJ-4643-01A,CJ,False,1793.0,0.6650171154587827,-0.22933409333443766
repeated_stratified_kfold,456,2,2,TCGA-CJ-4872-01A,CJ,False,1435.0,-0.45127618342994746,-0.8228910081283104
repeated_stratified_kfold,456,2,2,TCGA-CJ-4878-01A,CJ,False,2186.0,1.348383032636834,0.583285292615406
repeated_stratified_kfold,456,2,2,TCGA-CJ-4881-01A,CJ,False,2014.0,0.22729137397881116,0.30539018132138673
repeated_stratified_kfold,456,2,2,TCGA-CJ-4889-01A,CJ,False,1946.0,0.07727742150592301,-0.34618090262125706
repeated_stratified_kfold,456,2,2,TCGA-CJ-4893-01A,CJ,False,750.0,0.5052215714163664,-0.2254176113113543
repeated_stratified_kfold,456,2,2,TCGA-CJ-4894-01A,CJ,True,841.0,0.7869106469386218,0.16681716552421277
repeated_stratified_kfold,456,2,2,TCGA-CJ-4895-01A,CJ,True,1200.0,1.9111335106072027,1.7082750861802967
repeated_stratified_kfold,456,2,2,TCGA-CJ-4902-01A,CJ,False,1520.0,0.8856669892256471,0.16814428831751427
repeated_stratified_kfold,456,2,2,TCGA-CJ-4905-01A,CJ,False,1496.0,0.044358640743581215,-0.9288117818683924
repeated_stratified_kfold,456,2,2,TCGA-CJ-5679-01A,CJ,True,679.0,1.2806923583737486,0.8323115289504215
repeated_stratified_kfold,456,2,2,TCGA-CJ-5680-01A,CJ,True,768.0,2.143418088681997,1.0264919724917125
repeated_stratified_kfold,456,2,2,TCGA-CJ-5684-01A,CJ,False,2231.0,0.8856669892256471,-0.09638814243676164
repeated_stratified_kfold,456,2,2,TCGA-CJ-6033-01A,CJ,True,224.0,1.7813115002962374,1.3400731781784323
repeated_stratified_kfold,456,2,2,TCGA-CZ-4860-01A,CZ,True,206.0,1.8452959490825191,2.3754754900097734
repeated_stratified_kfold,456,2,2,TCGA-CZ-4863-01A,CZ,False,1928.0,0.6900074173899982,-0.2727694281967684
repeated_stratified_kfold,456,2,2,TCGA-CZ-4866-01A,CZ,False,3267.0,0.6039779137033917,0.5079872987075451
repeated_stratified_kfold,456,2,2,TCGA-CZ-5451-01A,CZ,False,1929.0,0.7619203450074064,-0.4657141500712172
repeated_stratified_kfold,456,2,2,TCGA-CZ-5452-01A,CZ,False,1789.0,0.5973264411956973,-0.3147066345317991
repeated_stratified_kfold,456,2,2,TCGA-CZ-5459-01A,CZ,False,1683.0,0.9515045507503307,0.6274590122636177
repeated_stratified_kfold,456,2,2,TCGA-CZ-5462-01A,CZ,True,311.0,2.6024279066163807,1.9773953373328883
repeated_stratified_kfold,456,2,2,TCGA-CZ-5467-01A,CZ,True,73.0,1.842164744071961,1.3359152086772828
repeated_stratified_kfold,456,2,2,TCGA-CZ-5988-01A,CZ,False,693.0,-0.879220333340391,-1.2428137132527879
repeated_stratified_kfold,456,2,2,TCGA-DV-5573-01A,DV,False,1130.0,-0.7804639910533655,-1.3840892113801457
repeated_stratified_kfold,456,2,2,TCGA-DV-5574-01A,DV,False,2016.0,-0.9121391141027326,-1.2058270752464795
repeated_stratified_kfold,456,2,2,TCGA-DV-5576-01A,DV,True,727.0,-0.18607282459281138,-0.7524668478024394
repeated_stratified_kfold,456,2,2,TCGA-EU-5904-01A,EU,False,551.0,-0.4494230706915458,-1.5728929065839263
repeated_stratified_kfold,456,2,2,TCGA-MW-A4EC-01A,MW,False,498.0,0.3735464483669992,-0.25002071780311563
repeated_stratified_kfold,456,2,3,TCGA-A3-3325-01A,A3,True,1170.0,-0.2750518000089341,-1.0758585849776177
repeated_stratified_kfold,456,2,3,TCGA-A3-3359-01A,A3,False,2504.0,0.7563138725469285,-0.061034752909230106
repeated_stratified_kfold,456,2,3,TCGA-A3-3382-01A,A3,False,574.0,0.319206619733741,0.013237433424542144
repeated_stratified_kfold,456,2,3,TCGA-A3-A6NJ-01A,A3,False,468.0,-0.11759556825112305,-0.8832548136387774
repeated_stratified_kfold,456,2,3,TCGA-AK-3433-01A,AK,False,3409.0,-0.0730768454861338,-0.27977073639308814
repeated_stratified_kfold,456,2,3,TCGA-AK-3436-01A,AK,False,3331.0,1.2662687666166765,0.6497681225748666
repeated_stratified_kfold,456,2,3,TCGA-AK-3445-01A,AK,False,2392.0,1.3707311984085528,1.1414790828956514
repeated_stratified_kfold,456,2,3,TCGA-AK-3453-01A,AK,False,2531.0,0.2764869308330868,-0.451955149074093
repeated_stratified_kfold,456,2,3,TCGA-AS-3778-01A,AS,False,43.0,-0.869310219751609,-1.5205994424855398
repeated_stratified_kfold,456,2,3,TCGA-B0-4699-01A,B0,True,110.0,2.4547856061020266,2.777448351005596
repeated_stratified_kfold,456,2,3,TCGA-B0-4701-01A,B0,True,238.0,2.157808928644851,1.3780761824787708
repeated_stratified_kfold,456,2,3,TCGA-B0-4703-01A,B0,True,182.0,1.6507889205678192,1.8252363681345434
repeated_stratified_kfold,456,2,3,TCGA-B0-4811-01A,B0,True,1417.0,0.6366472681381896,-0.011292966577842234
repeated_stratified_kfold,456,2,3,TCGA-B0-4823-01A,B0,True,454.0,0.9833777947402601,0.2615582657275803
repeated_stratified_kfold,456,2,3,TCGA-B0-4827-01A,B0,True,885.0,1.63305656306213,1.4938323998097176
repeated_stratified_kfold,456,2,3,TCGA-B0-4828-01A,B0,True,307.0,2.6295674942616367,2.0117197457060274
repeated_stratified_kfold,456,2,3,TCGA-B0-4849-01A,B0,True,69.0,0.7415164010339557,-0.013854098172033313
repeated_stratified_kfold,456,2,3,TCGA-B0-5077-01A,B0,True,1317.0,0.5988576407891175,0.06627826327150227
repeated_stratified_kfold,456,2,3,TCGA-B0-5085-01A,B0,True,770.0,1.5981001854302082,0.6621307393999969
repeated_stratified_kfold,456,2,3,TCGA-B0-5094-01A,B0,True,333.0,2.035309074518962,1.9786293195420768
repeated_stratified_kfold,456,2,3,TCGA-B0-5098-01A,B0,True,1584.0,-0.2574210787788113,-0.18704764415675346
repeated_stratified_kfold,456,2,3,TCGA-B0-5102-01A,B0,True,2764.0,0.476662851491552,-0.09248587635555461
repeated_stratified_kfold,456,2,3,TCGA-B0-5113-01A,B0,False,1175.0,1.3534055420067537,0.601288971957568
repeated_stratified_kfold,456,2,3,TCGA-B0-5117-01A,B0,False,1608.0,-0.6945283315919989,-0.7043495007471374
repeated_stratified_kfold,456,2,3,TCGA-B0-5400-01A,B0,False,1733.0,1.0038417656875331,0.509926738061725
repeated_stratified_kfold,456,2,3,TCGA-B0-5692-01A,B0,False,3944.0,1.2485364091109874,0.3331627201761234
repeated_stratified_kfold,456,2,3,TCGA-B0-5697-01A,B0,False,2630.0,-0.3449645552727782,-0.7582762925078756
repeated_stratified_kfold,456,2,3,TCGA-B0-5700-01A,B0,False,1790.0,0.5988576407891175,-0.23213006633029792
repeated_stratified_kfold,456,2,3,TCGA-B0-5701-01A,B0,False,2461.0,1.2309056878808646,0.6314790465894293
repeated_stratified_kfold,456,2,3,TCGA-B0-5713-01A,B0,False,2782.0,1.563143807798286,0.5191230743257487
repeated_stratified_kfold,456,2,3,TCGA-B2-3924-01A,B2,False,1092.0,0.4590321302614292,-0.29551658965940086
repeated_stratified_kfold,456,2,3,TCGA-B2-4099-01A,B2,False,972.0,0.8085959065806498,-0.10801759849105613
repeated_stratified_kfold,456,2,3,TCGA-B2-5633-01A,B2,False,963.0,-0.13522628948124585,-0.6151425380099143
repeated_stratified_kfold,456,2,3,TCGA-B4-5832-01A,B4,False,155.0,1.2309056878808646,0.6531580876453984
repeated_stratified_kfold,456,2,3,TCGA-B4-5838-01A,B4,False,166.0,-4.564748669767595,-0.8434197773273941
repeated_stratified_kfold,456,2,3,TCGA-B8-4622-01A,B8,False,1525.0,1.8605271863593515,0.9035402077597083
repeated_stratified_kfold,456,2,3,TCGA-B8-5545-01A,B8,False,1525.0,-0.6246155763281547,-1.1943808625954961
repeated_stratified_kfold,456,2,3,TCGA-B8-5549-01A,B8,False,194.0,-0.24009542237701206,-0.9462199274514922
repeated_stratified_kfold,456,2,3,TCGA-BP-4158-01A,BP,False,3377.0,0.319206619733741,-0.13225084608257026
repeated_stratified_kfold,456,2,3,TCGA-BP-4160-01A,BP,False,2881.0,1.3008184431447087,0.5338807750211143
repeated_stratified_kfold,456,2,3,TCGA-BP-4161-01A,BP,False,2746.0,0.4939885078933513,-0.17940816774561125
repeated_stratified_kfold,456,2,3,TCGA-BP-4177-01A,BP,False,1670.0,0.1793811092060527,-0.28958051426516385
repeated_stratified_kfold,456,2,3,TCGA-BP-4330-01A,BP,False,1888.0,1.038798143319455,0.1846097896197651
repeated_stratified_kfold,456,2,3,TCGA-BP-4344-01A,BP,False,1666.0,0.511619229123474,-0.11111731302577305
repeated_stratified_kfold,456,2,3,TCGA-BP-4347-01A,BP,False,1367.0,1.5455130865681632,0.7949407489355271
repeated_stratified_kfold,456,2,3,TCGA-BP-4763-01A,BP,True,1270.0,0.6514447396511623,0.18154836945733638
repeated_stratified_kfold,456,2,3,TCGA-BP-4768-01A,BP,False,400.0,0.40675009622770786,-0.22228622279501364
repeated_stratified_kfold,456,2,3,TCGA-BP-4781-01A,BP,False,2080.0,0.6338140184210395,0.30665104913488556
repeated_stratified_kfold,456,2,3,TCGA-BP-4798-01A,BP,True,334.0,-3.7957083618653096,0.5566481745614509
repeated_stratified_kfold,456,2,3,TCGA-BP-4799-01A,BP,True,1133.0,1.4056875760404748,0.9066895024272654
repeated_stratified_kfold,456,2,3,TCGA-BP-4804-01A,BP,False,1459.0,-0.030357156585479668,-0.5941768647441342
repeated_stratified_kfold,456,2,3,TCGA-BP-4807-01A,BP,False,211.0,-0.6246155763281547,-1.3560587032613574
repeated_stratified_kfold,456,2,3,TCGA-BP-4962-01A,BP,False,1785.0,0.29381258723488607,-0.29356871059717404
repeated_stratified_kfold,456,2,3,TCGA-BP-4974-01A,BP,True,211.0,1.8954835639912735,1.1675232706995573
repeated_stratified_kfold,456,2,3,TCGA-BP-4976-01A,BP,False,1632.0,0.5988576407891175,-0.25824807931960503
repeated_stratified_kfold,456,2,3,TCGA-BP-4977-01A,BP,False,454.0,-0.1002699118493238,-0.6743553312042312
repeated_stratified_kfold,456,2,3,TCGA-BP-4981-01A,BP,True,1097.0,1.563143807798286,0.8384640128227785
repeated_stratified_kfold,456,2,3,TCGA-BP-4989-01A,BP,False,118.0,0.9862110444574101,0.5199735240833665
repeated_stratified_kfold,456,2,3,TCGA-BP-4992-01A,BP,False,501.0,0.21433748683797474,-0.03454878644004439
repeated_stratified_kfold,456,2,3,TCGA-BP-4994-01A,BP,False,1308.0,-0.20513904474509,-0.8746631717082285
repeated_stratified_kfold,456,2,3,TCGA-BP-5004-01A,BP,False,1126.0,-0.24009542237701206,-0.9280122479471777
repeated_stratified_kfold,456,2,3,TCGA-BP-5008-01A,BP,False,1071.0,-0.48479006580046646,-1.1283077391766427
repeated_stratified_kfold,456,2,3,TCGA-BP-5009-01A,BP,True,1092.0,-0.2750518000089341,-0.7206735289546802
repeated_stratified_kfold,456,2,3,TCGA-BP-5173-01A,BP,True,62.0,0.5289448855252733,-0.19408063282881272
repeated_stratified_kfold,456,2,3,TCGA-BP-5190-01A,BP,False,1011.0,0.03955559867836446,-0.9558554815142657
repeated_stratified_kfold,456,2,3,TCGA-BP-5192-01A,BP,False,714.0,-0.030357156585479668,-0.9657333502531718
repeated_stratified_kfold,456,2,3,TCGA-CJ-4636-01A,CJ,False,1924.0,0.7415164010339557,0.14972001314556843
repeated_stratified_kfold,456,2,3,TCGA-CJ-4644-01A,CJ,True,336.0,1.5285941312702538,0.9933255236543332
repeated_stratified_kfold,456,2,3,TCGA-CJ-4871-01A,CJ,False,2423.0,2.070265452150884,1.4823352147678268
repeated_stratified_kfold,456,2,3,TCGA-CJ-4876-01A,CJ,False,1955.0,0.258856209602964,-0.6771788906140321
repeated_stratified_kfold,456,2,3,TCGA-CJ-4882-01A,CJ,False,1883.0,0.9512546668254881,0.6328706108573967
repeated_stratified_kfold,456,2,3,TCGA-CJ-4884-01A,CJ,False,1759.0,1.45827467490252,0.7017434648331788
repeated_stratified_kfold,456,2,3,TCGA-CJ-4885-01A,CJ,False,3451.0,2.105221829782806,1.1542854789578865
repeated_stratified_kfold,456,2,3,TCGA-CJ-4886-01A,CJ,False,1952.0,-0.641941232729954,-1.3022613053239238
repeated_stratified_kfold,456,2,3,TCGA-CJ-4888-01A,CJ,True,1567.0,1.9304399416231957,1.6684007723013072
repeated_stratified_kfold,456,2,3,TCGA-CJ-4891-01A,CJ,True,819.0,0.9339290104236889,0.7034868919884676
repeated_stratified_kfold,456,2,3,TCGA-CJ-4901-01A,CJ,False,1450.0,0.6016908905062675,0.4547409527517829
repeated_stratified_kfold,456,2,3,TCGA-CJ-4903-01A,CJ,False,1560.0,-0.3449645552727782,-0.946781320815879
repeated_stratified_kfold,456,2,3,TCGA-CJ-4908-01A,CJ,False,1531.0,-0.764441086855843,-1.3764455163849092
repeated_stratified_kfold,456,2,3,TCGA-CJ-4916-01A,CJ,False,1373.0,1.3534055420067537,0.5925394864306914
repeated_stratified_kfold,456,2,3,TCGA-CJ-5671-01A,CJ,False,3987.0,-0.31000817764085614,-0.5745425988227387
repeated_stratified_kfold,456,2,3,TCGA-CJ-5675-01A,CJ,False,3936.0,0.7132891188179508,-0.38234021675662466
repeated_stratified_kfold,456,2,3,TCGA-CJ-5676-01A,CJ,False,4067.0,0.6016908905062675,-0.004441374241030138
repeated_stratified_kfold,456,2,3,TCGA-CJ-5681-01A,CJ,True,552.0,1.3887686207425656,1.3693361488844638
repeated_stratified_kfold,456,2,3,TCGA-CJ-6027-01A,CJ,True,3615.0,0.5988576407891175,0.4543499715629375
repeated_stratified_kfold,456,2,3,TCGA-CW-5584-01A,CW,True,164.0,1.5455130865681632,0.5374356055891172
repeated_stratified_kfold,456,2,3,TCGA-CW-5585-01A,CW,False,2609.0,1.6507889205678192,0.481285820913162
repeated_stratified_kfold,456,2,3,TCGA-CW-5588-01A,CW,False,2017.0,0.6164883620192402,0.45270830639575005
repeated_stratified_kfold,456,2,3,TCGA-CW-5589-01A,CW,False,2378.0,-0.2750518000089341,-1.0655423744627626
repeated_stratified_kfold,456,2,3,TCGA-CW-6093-01A,CW,False,3146.0,0.4590321302614292,-0.38392099415596925
repeated_stratified_kfold,456,2,3,TCGA-CW-6097-01A,CW,True,571.0,0.07734522602743665,-0.2841603444706024
repeated_stratified_kfold,456,2,3,TCGA-CZ-5453-01A,CZ,True,2419.0,0.6084199859221846,-0.2921150423029327
repeated_stratified_kfold,456,2,3,TCGA-CZ-5455-01A,CZ,True,561.0,2.070265452150884,1.142579212005374
repeated_stratified_kfold,456,2,3,TCGA-CZ-5458-01A,CZ,False,2789.0,0.4618653799785791,-0.37921879274196296
repeated_stratified_kfold,456,2,3,TCGA-CZ-5460-01A,CZ,False,2873.0,1.7906144310955074,0.8646669086509897
repeated_stratified_kfold,456,2,3,TCGA-CZ-5461-01A,CZ,True,330.0,1.6857452981997412,0.7802570721598254
repeated_stratified_kfold,456,2,3,TCGA-CZ-5469-01A,CZ,True,946.0,-0.30044583250778895,-0.5140273854535994
repeated_stratified_kfold,456,2,3,TCGA-CZ-5985-01A,CZ,False,1997.0,0.29381258723488607,-0.4381872425970055
repeated_stratified_kfold,456,2,3,TCGA-CZ-5989-01A,CZ,False,1905.0,0.3637253424987302,-0.5089044133936137
repeated_stratified_kfold,456,2,3,TCGA-DV-A4VX-01A,DV,True,1626.0,1.9304399416231957,1.3943888992151128
repeated_stratified_kfold,456,2,3,TCGA-DV-A4VZ-01A,DV,False,365.0,-0.24009542237701206,-0.333845920893176
repeated_stratified_kfold,456,2,3,TCGA-DV-A4W0-01A,DV,False,2470.0,-0.17018266711316793,-0.9264793607557915
repeated_stratified_kfold,456,2,3,TCGA-EU-5905-01A,EU,False,119.0,0.23196820806809754,0.07481893557986802
repeated_stratified_kfold,456,2,3,TCGA-G6-A5PC-01A,G6,True,242.0,1.738332397061786,0.8346906357804973
repeated_stratified_kfold,456,2,3,TCGA-G6-A8L6-01A,G6,True,313.0,1.7906144310955074,1.039567595320412
repeated_stratified_kfold,456,2,3,TCGA-G6-A8L7-01A,G6,False,2133.0,0.7213574949150063,1.2773588730958978
repeated_stratified_kfold,456,2,4,TCGA-3Z-A93Z-01A,3Z,False,385.0,0.2854962755123136,-0.4023410361679115
repeated_stratified_kfold,456,2,4,TCGA-6D-AA2E-01A,6D,False,362.0,0.23432346567326776,0.27625400388046617
repeated_stratified_kfold,456,2,4,TCGA-A3-3320-01A,A3,False,1508.0,-0.2552516470854169,-1.4928442421789163
repeated_stratified_kfold,456,2,4,TCGA-A3-3323-01A,A3,False,1106.0,-0.20407883724637108,0.0519687651905405
repeated_stratified_kfold,456,2,4,TCGA-A3-3343-01A,A3,False,945.0,0.7824075183599315,-0.38460896652717275
repeated_stratified_kfold,456,2,4,TCGA-A3-3367-01A,A3,False,2270.0,0.37729160915456694,-0.6175561785037628
repeated_stratified_kfold,456,2,4,TCGA-A3-3373-01A,A3,False,1621.0,-0.19405475799058133,-1.330009551057479
repeated_stratified_kfold,456,2,4,TCGA-A3-3378-01A,A3,False,630.0,0.01011027458555346,-0.0698247075319598
repeated_stratified_kfold,456,2,4,TCGA-A3-3380-01A,A3,False,567.0,-0.1734803926989533,-0.7655331492317864
repeated_stratified_kfold,456,2,4,TCGA-A3-A8OV-01A,A3,False,340.0,0.46908694279682034,-0.318320272358521
repeated_stratified_kfold,456,2,4,TCGA-A3-A8OW-01A,A3,False,323.0,0.21059039264828594,-1.1676245419839364
repeated_stratified_kfold,456,2,4,TCGA-AK-3428-01A,AK,False,3728.0,0.9755515063337307,-0.016927515481140465
repeated_stratified_kfold,456,2,4,TCGA-AK-3444-01A,AK,False,1471.0,0.6015048002422813,-0.7589508758070582
repeated_stratified_kfold,456,2,4,TCGA-AK-3451-01A,AK,False,2868.0,-0.16614426261002005,-1.2457716255965692
repeated_stratified_kfold,456,2,4,TCGA-AK-3458-01A,AK,False,1168.0,-0.35707105998346006,-1.0183611428350046
repeated_stratified_kfold,456,2,4,TCGA-AS-3777-01A,AS,False,1238.0,0.10190560822780684,-0.10764307772026976
repeated_stratified_kfold,456,2,4,TCGA-B0-4688-01A,B0,True,101.0,1.5186191447796986,2.6610929622887083
repeated_stratified_kfold,456,2,4,TCGA-B0-4690-01A,B0,True,43.0,2.0999895911806368,2.5264246205779664
repeated_stratified_kfold,456,2,4,TCGA-B0-4693-01A,B0,True,77.0,1.2609615865162804,0.4351353216781245
repeated_stratified_kfold,456,2,4,TCGA-B0-4706-01A,B0,True,65.0,0.9449530617863129,0.8816030181788495
repeated_stratified_kfold,456,2,4,TCGA-B0-4710-01A,B0,False,1755.0,1.3527569201585339,0.9418362957981377
repeated_stratified_kfold,456,2,4,TCGA-B0-4713-01A,B0,True,202.0,1.3833553647059518,0.7775474846843251
repeated_stratified_kfold,456,2,4,TCGA-B0-4818-01A,B0,True,510.0,0.42525026304670777,-0.8570538914752541
repeated_stratified_kfold,456,2,4,TCGA-B0-4821-01A,B0,True,1230.0,1.1385678083266093,1.1397964665206894
repeated_stratified_kfold,456,2,4,TCGA-B0-4833-01A,B0,True,2386.0,0.6627016893371168,-0.0542446534487917
repeated_stratified_kfold,456,2,4,TCGA-B0-4836-01A,B0,True,1238.0,1.9775958129909657,1.641010703496088
repeated_stratified_kfold,456,2,4,TCGA-B0-4839-01A,B0,True,1639.0,0.6015048002422813,-0.1900224008500604
repeated_stratified_kfold,456,2,4,TCGA-B0-4841-01A,B0,True,204.0,2.038792702085801,1.5356387630003054
repeated_stratified_kfold,456,2,4,TCGA-B0-4848-01A,B0,True,883.0,0.7307639499543883,0.07700281003909071
repeated_stratified_kfold,456,2,4,TCGA-B0-5075-01A,B0,True,637.0,1.4139538092533694,0.2776762345649293
repeated_stratified_kfold,456,2,4,TCGA-B0-5080-01A,B0,True,342.0,2.038792702085801,2.213670439951178
repeated_stratified_kfold,456,2,4,TCGA-B0-5081-01A,B0,True,362.0,1.4751506983482052,1.112323610013035
repeated_stratified_kfold,456,2,4,TCGA-B0-5083-01A,B0,True,1045.0,0.10190560822780684,-0.19105357231670134
repeated_stratified_kfold,456,2,4,TCGA-B0-5088-01A,B0,True,563.0,-0.20407883724637108,-0.9282619376394771
repeated_stratified_kfold,456,2,4,TCGA-B0-5099-01A,B0,True,485.0,1.7505366992749654,0.6160814879703553
repeated_stratified_kfold,456,2,4,TCGA-B0-5107-01A,B0,True,927.0,2.079415225889009,2.065170524381334
repeated_stratified_kfold,456,2,4,TCGA-B0-5116-01A,B0,False,1274.0,0.6695670608595528,-0.2731654168697211
repeated_stratified_kfold,456,2,4,TCGA-B0-5119-01A,B0,False,1552.0,0.02013435384134322,-1.212787858580507
repeated_stratified_kfold,456,2,4,TCGA-B0-5402-01A,B0,False,1290.0,2.069391146633219,0.9220630894294126
repeated_stratified_kfold,456,2,4,TCGA-B0-5693-01A,B0,False,4074.0,-0.4082438698225059,-1.347323413021334
repeated_stratified_kfold,456,2,4,TCGA-B0-5705-01A,B0,False,4537.0,0.14252813203101442,-1.207664581485144
repeated_stratified_kfold,456,2,4,TCGA-B0-5707-01A,B0,False,3744.0,-0.6530314262018482,-0.8007907760342822
repeated_stratified_kfold,456,2,4,TCGA-B0-5710-01A,B0,False,2430.0,-0.08168505905669993,-1.02516999866012
repeated_stratified_kfold,456,2,4,TCGA-B2-5636-01A,B2,False,919.0,0.5914807209864915,0.7471916568302512
repeated_stratified_kfold,456,2,4,TCGA-B2-A4SR-01A,B2,False,507.0,0.23163551650641126,-0.8214590168663738
repeated_stratified_kfold,456,2,4,TCGA-B4-5843-01A,B4,False,11.0,-0.4488663936257134,-1.2148280942353529
repeated_stratified_kfold,456,2,4,TCGA-B8-4151-01A,B8,False,1299.0,0.6183942510205069,-0.9196073242143267
repeated_stratified_kfold,456,2,4,TCGA-B8-4154-01A,B8,False,1380.0,0.38731568841035674,-0.8778232089013751
repeated_stratified_kfold,456,2,4,TCGA-B8-4620-01A,B8,False,777.0,1.199764697421445,1.3190237675181569
repeated_stratified_kfold,456,2,4,TCGA-B8-4621-01A,B8,False,788.0,0.10190560822780684,-0.1871558602029414
repeated_stratified_kfold,456,2,4,TCGA-B8-5159-01A,B8,False,722.0,0.02013435384134322,-1.2929711671235844
repeated_stratified_kfold,456,2,4,TCGA-B8-5551-01A,B8,False,16.0,0.14252813203101442,0.29736590338841684
repeated_stratified_kfold,456,2,4,TCGA-B8-A54F-01A,B8,False,519.0,-0.3470469807276703,-0.5939752613122651
repeated_stratified_kfold,456,2,4,TCGA-B8-A54K-01A,B8,False,469.0,0.04070871913297125,0.22958357112948535
repeated_stratified_kfold,456,2,4,TCGA-BP-4162-01A,BP,False,3074.0,0.14252813203101442,-0.8930408329518347
repeated_stratified_kfold,456,2,4,TCGA-BP-4165-01A,BP,False,3037.0,0.1119296874835966,-0.73270963319337
repeated_stratified_kfold,456,2,4,TCGA-BP-4167-01A,BP,False,2718.0,0.8837561726914773,0.3224547395252496
repeated_stratified_kfold,456,2,4,TCGA-BP-4170-01A,BP,True,2343.0,0.3567172438629389,-0.7564194135856888
repeated_stratified_kfold,456,2,4,TCGA-BP-4332-01A,BP,False,1133.0,0.17999194810086805,-0.6853336050585962
repeated_stratified_kfold,456,2,4,TCGA-BP-4341-01A,BP,True,1589.0,1.1285437290708196,0.4016730521109515
repeated_stratified_kfold,456,2,4,TCGA-BP-4346-01A,BP,True,1493.0,0.8225592835966418,0.1636496725064709
repeated_stratified_kfold,456,2,4,TCGA-BP-4351-01A,BP,False,970.0,0.6183942510205069,0.35994376882862855
repeated_stratified_kfold,456,2,4,TCGA-BP-4756-01A,BP,False,374.0,0.05073279838876101,-0.2708031305037616
repeated_stratified_kfold,456,2,4,TCGA-BP-4759-01A,BP,False,2372.0,-0.29587417088862444,-1.2534363899994367
repeated_stratified_kfold,456,2,4,TCGA-BP-4760-01A,BP,False,2361.0,0.2854962755123136,0.33776725658182194
repeated_stratified_kfold,456,2,4,TCGA-BP-4766-01A,BP,False,1462.0,-0.530637648012177,-1.5904351436145525
repeated_stratified_kfold,456,2,4,TCGA-BP-4769-01A,BP,False,1876.0,0.10190560822780684,0.5950173395257454
repeated_stratified_kfold,456,2,4,TCGA-BP-4777-01A,BP,False,1731.0,-0.4182679490782956,-1.2542819980503488
repeated_stratified_kfold,456,2,4,TCGA-BP-4790-01A,BP,True,1111.0,0.4996853873442382,0.019437589205100303
repeated_stratified_kfold,456,2,4,TCGA-BP-4795-01A,BP,False,620.0,0.4179141329577745,0.6460094303549553
repeated_stratified_kfold,456,2,4,TCGA-BP-4803-01A,BP,False,204.0,1.4957250636398332,0.6924020128449082
repeated_stratified_kfold,456,2,4,TCGA-BP-4959-01A,BP,False,2660.0,-0.3264726154360423,-1.2912510341987855
repeated_stratified_kfold,456,2,4,TCGA-BP-4960-01A,BP,False,2172.0,-0.2273411517048556,-1.1646301603107325
repeated_stratified_kfold,456,2,4,TCGA-BP-4964-01A,BP,False,1862.0,-0.19405475799058133,-0.9435302936284993
repeated_stratified_kfold,456,2,4,TCGA-BP-4983-01A,BP,False,1413.0,1.1079693637791916,1.0219309442254279
repeated_stratified_kfold,456,2,4,TCGA-BP-4993-01A,BP,False,177.0,-0.051086614509282126,-0.825613224159827
repeated_stratified_kfold,456,2,4,TCGA-BP-5001-01A,BP,False,1177.0,-0.530637648012177,-1.3523125841418886
repeated_stratified_kfold,456,2,4,TCGA-BP-5010-01A,BP,True,878.0,1.0061499508811484,1.1588966009267978
repeated_stratified_kfold,456,2,4,TCGA-BP-5176-01A,BP,True,1590.0,0.5403079111474457,-0.33241360818701793
repeated_stratified_kfold,456,2,4,TCGA-BP-5182-01A,BP,False,1165.0,-0.11228350360411771,-0.5090540611485457
repeated_stratified_kfold,456,2,4,TCGA-BP-5186-01A,BP,False,693.0,-0.3164485361802525,-1.3366193669925774
repeated_stratified_kfold,456,2,4,TCGA-BP-5198-01A,BP,False,603.0,1.2815359518079086,0.48827137403670107
repeated_stratified_kfold,456,2,4,TCGA-BP-5201-01A,BP,False,951.0,2.038792702085801,1.00985465457039
repeated_stratified_kfold,456,2,4,TCGA-CJ-4634-01A,CJ,False,3498.0,-0.010464090706074571,-0.8533292485015455
repeated_stratified_kfold,456,2,4,TCGA-CJ-4638-01A,CJ,True,431.0,1.4980447794880707,0.7817515415623426
repeated_stratified_kfold,456,2,4,TCGA-CJ-4640-01A,CJ,False,3480.0,0.5777717272172993,-0.1859642128272796
repeated_stratified_kfold,456,2,4,TCGA-CJ-4874-01A,CJ,False,2283.0,0.38731568841035674,-0.8579453978782525
repeated_stratified_kfold,456,2,4,TCGA-CJ-4887-01A,CJ,True,932.0,1.5798160338745342,0.47430881296585925
repeated_stratified_kfold,456,2,4,TCGA-CJ-4890-01A,CJ,False,3519.0,2.314178703012561,2.1047970295849234
repeated_stratified_kfold,456,2,4,TCGA-CJ-5672-01A,CJ,True,1972.0,0.7444729437235805,-0.12468236337612248
repeated_stratified_kfold,456,2,4,TCGA-CJ-5677-01A,CJ,True,782.0,1.742832335867413,1.786776547123108
repeated_stratified_kfold,456,2,4,TCGA-CJ-5686-01A,CJ,False,2038.0,-0.04106253525349236,-1.1524791482023187
repeated_stratified_kfold,456,2,4,TCGA-CJ-6028-01A,CJ,True,1625.0,1.8858004793487122,1.6169499485607963
repeated_stratified_kfold,456,2,4,TCGA-CZ-4859-01A,CZ,False,1787.0,-0.04106253525349236,-1.3636481999061056
repeated_stratified_kfold,456,2,4,TCGA-CZ-4861-01A,CZ,True,446.0,0.29283240560124685,-0.1145211429239874
repeated_stratified_kfold,456,2,4,TCGA-CZ-4865-01A,CZ,True,166.0,0.29552035476810334,0.03563017690944337
repeated_stratified_kfold,456,2,4,TCGA-CZ-5457-01A,CZ,False,2754.0,0.9755515063337307,-0.25668480489867374
repeated_stratified_kfold,456,2,4,TCGA-CZ-5465-01A,CZ,True,2564.0,1.3833553647059518,0.16706276740121218
repeated_stratified_kfold,456,2,4,TCGA-CZ-5466-01A,CZ,False,685.0,1.1285437290708196,0.2616036850875483
repeated_stratified_kfold,456,2,4,TCGA-CZ-5986-01A,CZ,False,373.0,0.04070871913297125,-1.0079045363496995
repeated_stratified_kfold,456,2,4,TCGA-DV-5567-01A,DV,False,2004.0,-0.6224329816544305,-0.7182696438707639
repeated_stratified_kfold,456,2,4,TCGA-DV-5568-01A,DV,False,370.0,-1.0302368400266515,-1.4756614452446382
repeated_stratified_kfold,456,2,4,TCGA-DV-5575-01A,DV,False,1729.0,-0.2552516470854169,-1.36579230487355
repeated_stratified_kfold,456,2,4,TCGA-G6-A8L8-01A,G6,True,1091.0,0.05073279838876101,-0.9891781032509167
repeated_stratified_kfold,456,2,4,TCGA-MM-A563-01A,MM,False,591.0,1.9617250747879944,-0.12239178187079935
repeated_stratified_kfold,789,3,0,TCGA-A3-3308-01A,A3,False,16.0,1.6213882183976485,1.3562365910631602
repeated_stratified_kfold,789,3,0,TCGA-A3-3343-01A,A3,False,945.0,0.9565556117641708,0.01852550430391242
repeated_stratified_kfold,789,3,0,TCGA-A3-3378-01A,A3,False,630.0,-0.06036812736786364,-0.3040903817909233
repeated_stratified_kfold,789,3,0,TCGA-A3-A6NI-01A,A3,False,1018.0,-0.537961687546153,-1.0800985046793534
repeated_stratified_kfold,789,3,0,TCGA-AK-3434-01A,AK,False,2087.0,0.380487466642865,-0.25890292921981706
repeated_stratified_kfold,789,3,0,TCGA-AK-3440-01A,AK,False,2865.0,-0.13384405970298507,-0.16099640414393734
repeated_stratified_kfold,789,3,0,TCGA-AK-3443-01A,AK,False,1423.0,-0.2925352379328937,-0.6567745359911831
repeated_stratified_kfold,789,3,0,TCGA-AK-3444-01A,AK,False,1471.0,0.7210368679032839,-0.06358179170306355
repeated_stratified_kfold,789,3,0,TCGA-AK-3453-01A,AK,False,2531.0,0.23170399416532883,-0.4503297479004149
repeated_stratified_kfold,789,3,0,TCGA-AK-3455-01A,AK,True,683.0,1.4009604213922842,0.6613009165203342
repeated_stratified_kfold,789,3,0,TCGA-AK-3461-01A,AK,False,2217.0,0.380487466642865,-0.1750677754498869
repeated_stratified_kfold,789,3,0,TCGA-AS-3778-01A,AS,False,43.0,-0.9788172815568816,-1.5785359131906933
repeated_stratified_kfold,789,3,0,TCGA-B0-4688-01A,B0,True,101.0,1.3010990002153295,1.4962594388215424
repeated_stratified_kfold,789,3,0,TCGA-B0-4703-01A,B0,True,182.0,1.4847888310531332,1.5456165514102973
repeated_stratified_kfold,789,3,0,TCGA-B0-4817-01A,B0,True,1019.0,1.7216944111479582,1.297211554869686
repeated_stratified_kfold,789,3,0,TCGA-B0-4846-01A,B0,True,1200.0,1.5215267972206938,0.7061987450373165
repeated_stratified_kfold,789,3,0,TCGA-B0-5084-01A,B0,True,222.0,0.8235054400370403,0.7996582646554785
repeated_stratified_kfold,789,3,0,TCGA-B0-5088-01A,B0,True,563.0,-0.3175338905407887,-0.889023173671326
repeated_stratified_kfold,789,3,0,TCGA-B0-5096-01A,B0,True,68.0,1.4376983875598448,1.531540514138706
repeated_stratified_kfold,789,3,0,TCGA-B0-5097-01A,B0,False,665.0,0.9601048273815556,0.6569354054791018
repeated_stratified_kfold,789,3,0,TCGA-B0-5106-01A,B0,True,1598.0,0.08658373730237923,-0.36882308455469953
repeated_stratified_kfold,789,3,0,TCGA-B0-5108-01A,B0,False,1782.0,0.7297693246238187,0.222983814049731
repeated_stratified_kfold,789,3,0,TCGA-B0-5110-01A,B0,False,2009.0,0.3903951723952374,-0.2986178443585112
repeated_stratified_kfold,789,3,0,TCGA-B0-5115-01A,B0,False,1604.0,1.1908851017126474,0.40258691177216044
repeated_stratified_kfold,789,3,0,TCGA-B0-5117-01A,B0,False,1608.0,-0.795127450719078,-0.7747810891026436
repeated_stratified_kfold,789,3,0,TCGA-B0-5400-01A,B0,False,1733.0,0.9601048273815556,0.5933955555979883
repeated_stratified_kfold,789,3,0,TCGA-B0-5699-01A,B0,False,3841.0,-0.3175338905407887,-1.0562991362429859
repeated_stratified_kfold,789,3,0,TCGA-B0-5700-01A,B0,False,1790.0,0.5641772974806686,-0.18661983584846786
repeated_stratified_kfold,789,3,0,TCGA-B0-5703-01A,B0,False,2246.0,0.41722543281042573,-0.21153787925815426
repeated_stratified_kfold,789,3,0,TCGA-B0-5711-01A,B0,False,3989.0,0.5828174599535758,-0.3017583588557391
repeated_stratified_kfold,789,3,0,TCGA-B0-5812-01A,B0,False,3834.0,-0.3175338905407887,-0.9652264446805381
repeated_stratified_kfold,789,3,0,TCGA-B2-5633-01A,B2,False,963.0,-0.20731999203810653,-0.6870154548265024
repeated_stratified_kfold,789,3,0,TCGA-B4-5838-01A,B4,False,166.0,2.096568602963775,-0.012411362162907558
repeated_stratified_kfold,789,3,0,TCGA-B4-5843-01A,B4,False,11.0,-0.6114376198812744,-1.310943286258402
repeated_stratified_kfold,789,3,0,TCGA-B8-5159-01A,B8,False,722.0,0.023015510719630258,-0.7480820292356335
repeated_stratified_kfold,789,3,0,TCGA-B8-5163-01A,B8,False,822.0,1.1070566920517984,0.7439942350570438
repeated_stratified_kfold,789,3,0,TCGA-B8-A54G-01A,B8,False,53.0,-0.4277477890434708,-0.9878428315951617
repeated_stratified_kfold,789,3,0,TCGA-B8-A54I-01A,B8,False,150.0,-0.5012237213785923,-0.7886253607789755
repeated_stratified_kfold,789,3,0,TCGA-BP-4160-01A,BP,False,2881.0,1.207362884802108,0.5213917173844435
repeated_stratified_kfold,789,3,0,TCGA-BP-4165-01A,BP,False,3037.0,0.1332294092223124,-0.537565711034872
repeated_stratified_kfold,789,3,0,TCGA-BP-4166-01A,BP,False,13.0,1.2808388171372296,0.5396532272200704
repeated_stratified_kfold,789,3,0,TCGA-BP-4169-01A,BP,True,701.0,0.8929873851814217,0.35980522958818373
repeated_stratified_kfold,789,3,0,TCGA-BP-4331-01A,BP,True,2454.0,-0.3542718567083494,-1.0255712375272479
repeated_stratified_kfold,789,3,0,TCGA-BP-4335-01A,BP,True,475.0,2.045766029318916,1.4642836734540041
repeated_stratified_kfold,789,3,0,TCGA-BP-4337-01A,BP,True,2.0,1.5846502522300878,1.1829752022978859
repeated_stratified_kfold,789,3,0,TCGA-BP-4353-01A,BP,True,375.0,-0.023630161200302927,-0.5873276739967785
repeated_stratified_kfold,789,3,0,TCGA-BP-4756-01A,BP,False,374.0,0.05975347688719097,-0.35314448263379317
repeated_stratified_kfold,789,3,0,TCGA-BP-4759-01A,BP,False,2372.0,-0.4277477890434708,-0.8793097099013716
repeated_stratified_kfold,789,3,0,TCGA-BP-4760-01A,BP,False,2361.0,0.27027356814018283,0.21131122439382766
repeated_stratified_kfold,789,3,0,TCGA-BP-4765-01A,BP,False,2184.0,-0.6849135522163958,-1.340643657973564
repeated_stratified_kfold,789,3,0,TCGA-BP-4795-01A,BP,False,620.0,0.5006090708979196,0.5005803234621217
repeated_stratified_kfold,789,3,0,TCGA-BP-4807-01A,BP,False,211.0,-0.7216515183839566,-1.3831831610060767
repeated_stratified_kfold,789,3,0,TCGA-BP-4961-01A,BP,False,1935.0,-0.537961687546153,-1.1212282855801492
repeated_stratified_kfold,789,3,0,TCGA-BP-4963-01A,BP,False,1834.0,0.0498457711348185,-0.5810089006190233
repeated_stratified_kfold,789,3,0,TCGA-BP-4969-01A,BP,False,1794.0,0.09649144305475169,-0.4965572838336085
repeated_stratified_kfold,789,3,0,TCGA-BP-4973-01A,BP,False,1384.0,0.4726035614508937,-0.35632482684403954
repeated_stratified_kfold,789,3,0,TCGA-BP-4976-01A,BP,False,1632.0,0.5641772974806686,-0.24911429150723974
repeated_stratified_kfold,789,3,0,TCGA-BP-4983-01A,BP,False,1413.0,1.2540085567220414,1.0809715094926156
repeated_stratified_kfold,789,3,0,TCGA-BP-4988-01A,BP,True,828.0,0.380487466642865,0.09446997660158396
repeated_stratified_kfold,789,3,0,TCGA-BP-4998-01A,BP,False,932.0,-0.4644857552110315,-0.926451358351845
repeated_stratified_kfold,789,3,0,TCGA-BP-5004-01A,BP,False,1126.0,-0.3175338905407887,-1.0104151345694432
repeated_stratified_kfold,789,3,0,TCGA-BP-5008-01A,BP,False,1071.0,-0.5746996537137137,-1.1065139955999874
repeated_stratified_kfold,789,3,0,TCGA-BP-5173-01A,BP,True,62.0,0.4907013651455472,-0.047796136211621265
repeated_stratified_kfold,789,3,0,TCGA-BP-5189-01A,BP,True,822.0,-0.06036812736786364,-0.5638654894761004
repeated_stratified_kfold,789,3,0,TCGA-BP-5196-01A,BP,False,1018.0,-0.3175338905407887,-0.3038519477233404
repeated_stratified_kfold,789,3,0,TCGA-BP-5198-01A,BP,False,603.0,1.3910527156399117,0.8786152123098766
repeated_stratified_kfold,789,3,0,TCGA-BP-5200-01A,BP,False,1063.0,-0.32927320410045446,-1.2086584431982716
repeated_stratified_kfold,789,3,0,TCGA-BP-5201-01A,BP,False,951.0,1.9256444250638618,1.1440557062474457
repeated_stratified_kfold,789,3,0,TCGA-BP-5202-01A,BP,False,29.0,1.5012666141425939,0.547355019760767
repeated_stratified_kfold,789,3,0,TCGA-CJ-4644-01A,CJ,True,336.0,1.4212206044703841,0.6584556065815016
repeated_stratified_kfold,789,3,0,TCGA-CJ-4873-01A,CJ,False,1776.0,1.915291947738134,1.6676218968685594
repeated_stratified_kfold,789,3,0,TCGA-CJ-4874-01A,CJ,False,2283.0,0.4638711047303589,-0.3590645624047355
repeated_stratified_kfold,789,3,0,TCGA-CJ-4887-01A,CJ,True,932.0,1.374574932550451,0.4979947807062236
repeated_stratified_kfold,789,3,0,TCGA-CJ-4892-01A,CJ,False,1521.0,0.1699673753898731,-0.4375000544607884
repeated_stratified_kfold,789,3,0,TCGA-CJ-4905-01A,CJ,False,1496.0,0.05975347688719097,-0.5569311600854595
repeated_stratified_kfold,789,3,0,TCGA-CJ-4912-01A,CJ,False,1657.0,0.2952722207480778,-0.05091963872688121
repeated_stratified_kfold,789,3,0,TCGA-CJ-4920-01A,CJ,True,139.0,0.1332294092223124,-0.15692022588075577
repeated_stratified_kfold,789,3,0,TCGA-CJ-5672-01A,CJ,True,1972.0,0.8213430606535935,0.18446041569432536
repeated_stratified_kfold,789,3,0,TCGA-CJ-5675-01A,CJ,False,3936.0,0.6259139162561242,-0.33555584411598754
repeated_stratified_kfold,789,3,0,TCGA-CJ-5680-01A,CJ,True,768.0,2.045766029318916,1.3583351159236159
repeated_stratified_kfold,789,3,0,TCGA-CJ-5684-01A,CJ,False,2231.0,0.9869350877967438,0.14919582292950107
repeated_stratified_kfold,789,3,0,TCGA-CJ-6027-01A,CJ,True,3615.0,0.5641772974806686,0.20972671212153238
repeated_stratified_kfold,789,3,0,TCGA-CJ-6028-01A,CJ,True,1625.0,1.7419545942260581,1.2284489225781727
repeated_stratified_kfold,789,3,0,TCGA-CJ-6031-01A,CJ,False,1906.0,-0.280795924373228,-0.7370197772341015
repeated_stratified_kfold,789,3,0,TCGA-CJ-6032-01A,CJ,False,3639.0,0.4153938250031324,-0.6345007769554376
repeated_stratified_kfold,789,3,0,TCGA-CJ-6033-01A,CJ,True,224.0,1.6416484014757484,0.9617507588601631
repeated_stratified_kfold,789,3,0,TCGA-CW-5590-01A,CW,True,1075.0,1.4847888310531332,0.828034966101176
repeated_stratified_kfold,789,3,0,TCGA-CW-6090-01A,CW,False,2552.0,0.23353560197262213,-0.06924067738296147
repeated_stratified_kfold,789,3,0,TCGA-CZ-4853-01A,CZ,False,774.0,0.7478671283184721,-0.05965669597432727
repeated_stratified_kfold,789,3,0,TCGA-CZ-4854-01A,CZ,True,1404.0,0.23353560197262213,-0.13948802326622856
repeated_stratified_kfold,789,3,0,TCGA-CZ-4860-01A,CZ,True,206.0,1.8154305265611796,1.6064580933171966
repeated_stratified_kfold,789,3,0,TCGA-CZ-4864-01A,CZ,True,1315.0,1.2137213749370956,0.3360554295291224
repeated_stratified_kfold,789,3,0,TCGA-CZ-4866-01A,CZ,False,3267.0,0.6842989017357232,0.21805007316901737
repeated_stratified_kfold,789,3,0,TCGA-CZ-5464-01A,CZ,False,2128.0,2.146072222069226,1.4881733610498875
repeated_stratified_kfold,789,3,0,TCGA-CZ-5467-01A,CZ,True,73.0,1.952029913905695,1.4159910808130038
repeated_stratified_kfold,789,3,0,TCGA-CZ-5468-01A,CZ,True,59.0,2.697141714582637,2.505174904780864
repeated_stratified_kfold,789,3,0,TCGA-CZ-5469-01A,CZ,True,946.0,-0.4394871026031365,-0.7085683319898984
repeated_stratified_kfold,789,3,0,TCGA-CZ-5984-01A,CZ,False,2067.0,-0.3910098228759101,-1.013900578783686
repeated_stratified_kfold,789,3,0,TCGA-CZ-5987-01A,CZ,True,445.0,1.8154305265611796,1.086924308641879
repeated_stratified_kfold,789,3,0,TCGA-DV-5566-01A,DV,False,1398.0,0.2434433077249946,-0.42488427095990355
repeated_stratified_kfold,789,3,0,TCGA-DV-5568-01A,DV,False,370.0,-1.3094589770649279,-1.7364876918809284
repeated_stratified_kfold,789,3,0,TCGA-DV-A4VZ-01A,DV,False,365.0,-0.3175338905407887,-0.2654011660547535
repeated_stratified_kfold,789,3,0,TCGA-EU-5904-01A,EU,False,551.0,-0.4913160156262198,-1.2518727723330083
repeated_stratified_kfold,789,3,0,TCGA-G6-A8L6-01A,G6,True,313.0,1.631740695723376,0.9693796495072399
repeated_stratified_kfold,789,3,0,TCGA-GK-A6C7-01A,GK,False,61.0,0.574085003233041,-0.04725497910814408
repeated_stratified_kfold,789,3,0,TCGA-T7-A92I-01A,T7,False,356.0,-0.4913160156262198,-0.6943777198412306
repeated_stratified_kfold,789,3,1,TCGA-3Z-A93Z-01A,3Z,False,385.0,0.22023316375043078,-0.20725172024720878
repeated_stratified_kfold,789,3,1,TCGA-A3-3313-01A,A3,True,735.0,-0.12390292444110067,-0.4919716311745112
repeated_stratified_kfold,789,3,1,TCGA-A3-3324-01A,A3,False,1186.0,-0.39921179499432585,-0.7990461651593015
repeated_stratified_kfold,789,3,1,TCGA-A3-3325-01A,A3,True,1170.0,-0.36479818617517273,-1.0555827951527776
repeated_stratified_kfold,789,3,1,TCGA-A3-3328-01A,A3,False,1385.0,0.5643692519419623,0.5082731377730578
repeated_stratified_kfold,789,3,1,TCGA-A3-3359-01A,A3,False,2504.0,0.7489637890995836,0.04905843026136897
repeated_stratified_kfold,789,3,1,TCGA-A3-3373-01A,A3,False,1621.0,-0.21461725783670443,-0.8802422980519744
repeated_stratified_kfold,789,3,1,TCGA-A3-3382-01A,A3,False,574.0,0.22023316375043078,-0.08485286753470012
repeated_stratified_kfold,789,3,1,TCGA-A3-3385-01A,A3,False,1993.0,-0.48992612838992966,-1.1482109960106917
repeated_stratified_kfold,789,3,1,TCGA-A3-A6NL-01A,A3,False,689.0,-0.3866853019324702,-0.8614688679458244
repeated_stratified_kfold,789,3,1,TCGA-A3-A6NN-01A,A3,False,3.0,0.5299556431228091,-0.03361438650832638
repeated_stratified_kfold,789,3,1,TCGA-A3-A8CQ-01A,A3,False,3.0,-0.04254921374093873,-0.6376158205778765
repeated_stratified_kfold,789,3,1,TCGA-A3-A8OV-01A,A3,False,340.0,0.4267148166653497,-0.15974823962604823
repeated_stratified_kfold,789,3,1,TCGA-AK-3426-01A,AK,True,885.0,0.07894303899207211,-0.07853148505493784
repeated_stratified_kfold,789,3,1,TCGA-AK-3429-01A,AK,False,3328.0,-0.05595786006765591,-0.7137154323835766
repeated_stratified_kfold,789,3,1,TCGA-AK-3433-01A,AK,False,3409.0,-0.26243951298257484,-0.3861406492924775
repeated_stratified_kfold,789,3,1,TCGA-AK-3445-01A,AK,False,2392.0,1.1801785212049727,0.7898649104933286
repeated_stratified_kfold,789,3,1,TCGA-AK-3460-01A,AK,False,2508.0,-0.1583165332602538,-0.671526579875081
repeated_stratified_kfold,789,3,1,TCGA-AK-3465-01A,AK,False,369.0,0.370414092088899,0.06932527482810052
repeated_stratified_kfold,789,3,1,TCGA-B0-4706-01A,B0,True,65.0,0.9048696506517476,0.34396606875845986
repeated_stratified_kfold,789,3,1,TCGA-B0-4818-01A,B0,True,510.0,0.42583266340048814,-0.36809529245649175
repeated_stratified_kfold,789,3,1,TCGA-B0-4821-01A,B0,True,1230.0,1.2271186230859816,1.0249966983659908
repeated_stratified_kfold,789,3,1,TCGA-B0-4823-01A,B0,True,454.0,0.8740917313143406,0.3385163775312205
repeated_stratified_kfold,789,3,1,TCGA-B0-4839-01A,B0,True,1639.0,0.6801365714612774,0.2445194544220019
repeated_stratified_kfold,789,3,1,TCGA-B0-4842-01A,B0,True,1724.0,1.3991866671817474,0.9895789356294828
repeated_stratified_kfold,789,3,1,TCGA-B0-4847-01A,B0,True,793.0,1.8688483947663133,1.239670291142459
repeated_stratified_kfold,789,3,1,TCGA-B0-4848-01A,B0,True,883.0,0.6639743889176757,0.08037629552433773
repeated_stratified_kfold,789,3,1,TCGA-B0-4852-01A,B0,True,1121.0,0.7699687515920195,-0.02652885466840954
repeated_stratified_kfold,789,3,1,TCGA-B0-5077-01A,B0,True,1317.0,0.49554203430365595,-0.06765633366111273
repeated_stratified_kfold,789,3,1,TCGA-B0-5083-01A,B0,True,1045.0,0.013751510835511918,-0.17051451134153833
repeated_stratified_kfold,789,3,1,TCGA-B0-5085-01A,B0,True,770.0,1.5024274936392068,0.7686321798589926
repeated_stratified_kfold,789,3,1,TCGA-B0-5094-01A,B0,True,333.0,1.9376756124046197,1.5648769673324716
repeated_stratified_kfold,789,3,1,TCGA-B0-5100-01A,B0,True,1913.0,1.2834193476624323,1.1114990958253834
repeated_stratified_kfold,789,3,1,TCGA-B0-5402-01A,B0,False,1290.0,2.0065028300429257,1.1541265461853254
repeated_stratified_kfold,789,3,1,TCGA-B0-5697-01A,B0,False,2630.0,-0.433625403813479,-0.8090196219441661
repeated_stratified_kfold,789,3,1,TCGA-B0-5701-01A,B0,False,2461.0,1.0425240859283602,0.4771035354559307
repeated_stratified_kfold,789,3,1,TCGA-B0-5705-01A,B0,False,4537.0,0.16393243917398018,-0.5811162437943781
repeated_stratified_kfold,789,3,1,TCGA-B0-5712-01A,B0,False,2722.0,2.2255109760197005,1.4157091416316372
repeated_stratified_kfold,789,3,1,TCGA-B0-5713-01A,B0,False,2782.0,1.4680138848200537,0.6908647543468831
repeated_stratified_kfold,789,3,1,TCGA-B2-5636-01A,B2,False,919.0,0.5643692519419623,0.4197730951100885
repeated_stratified_kfold,789,3,1,TCGA-B4-5378-01A,B4,False,175.0,-0.02066209798364122,-0.2353271479391898
repeated_stratified_kfold,789,3,1,TCGA-B4-5832-01A,B4,False,155.0,1.0425240859283602,0.5666181457594843
repeated_stratified_kfold,789,3,1,TCGA-B4-5836-01A,B4,False,141.0,0.026278003897367567,-0.522486824717903
repeated_stratified_kfold,789,3,1,TCGA-B8-4154-01A,B8,False,1380.0,0.4392413097272053,-0.2887471339738418
repeated_stratified_kfold,789,3,1,TCGA-B8-5164-01A,B8,False,26.0,1.0425240859283602,0.2878882549842891
repeated_stratified_kfold,789,3,1,TCGA-B8-5165-01A,B8,False,737.0,-0.6745206655475511,-1.2775149002239612
repeated_stratified_kfold,789,3,1,TCGA-B8-A54F-01A,B8,False,519.0,-0.3866853019324702,-0.714535382013719
repeated_stratified_kfold,789,3,1,TCGA-B8-A54H-01A,B8,False,256.0,0.46024627221964126,-0.23820071016618763
repeated_stratified_kfold,789,3,1,TCGA-B8-A54J-01A,B8,False,528.0,0.069170082147101,-0.6788077136318732
repeated_stratified_kfold,789,3,1,TCGA-B8-A8YJ-01A,B8,False,431.0,-0.00813560492178558,-0.3375701206857943
repeated_stratified_kfold,789,3,1,TCGA-BP-4161-01A,BP,False,2746.0,0.39230120784619654,-0.1421060640712124
repeated_stratified_kfold,789,3,1,TCGA-BP-4167-01A,BP,False,2718.0,0.8360424330134413,0.40741318602839666
repeated_stratified_kfold,789,3,1,TCGA-BP-4170-01A,BP,True,2343.0,0.40482770090805215,-0.22860297193724238
repeated_stratified_kfold,789,3,1,TCGA-BP-4173-01A,BP,False,1893.0,-0.3782068325018899,-0.934306291530284
repeated_stratified_kfold,789,3,1,TCGA-BP-4327-01A,BP,True,109.0,0.6667279251345601,-0.027002188777343894
repeated_stratified_kfold,789,3,1,TCGA-BP-4334-01A,BP,True,645.0,0.7328016065559819,0.6236574241280566
repeated_stratified_kfold,789,3,1,TCGA-BP-4341-01A,BP,True,1589.0,1.1113513035666664,0.49822864210034995
repeated_stratified_kfold,789,3,1,TCGA-BP-4342-01A,BP,True,2256.0,0.7230286497110109,0.23123601943294186
repeated_stratified_kfold,789,3,1,TCGA-BP-4344-01A,BP,False,1666.0,0.5080685273655117,-0.008234530635539417
repeated_stratified_kfold,789,3,1,TCGA-BP-4345-01A,BP,False,1516.0,0.9392832594709007,0.48524662987296957
repeated_stratified_kfold,789,3,1,TCGA-BP-4355-01A,BP,True,953.0,0.9173961437136033,0.3069740068640728
repeated_stratified_kfold,789,3,1,TCGA-BP-4770-01A,BP,True,329.0,2.397579020115466,2.236103705258929
repeated_stratified_kfold,789,3,1,TCGA-BP-4775-01A,BP,False,1843.0,-0.18020364901755132,-0.8403995387595418
repeated_stratified_kfold,789,3,1,TCGA-BP-4787-01A,BP,True,480.0,1.9157884966473222,1.4523320282163577
repeated_stratified_kfold,789,3,1,TCGA-BP-4790-01A,BP,True,1111.0,0.4611284254845027,-0.04673445023635081
repeated_stratified_kfold,789,3,1,TCGA-BP-4801-01A,BP,False,1124.0,-0.19273014207940697,-0.7927776170792857
repeated_stratified_kfold,789,3,1,TCGA-BP-4803-01A,BP,False,204.0,1.5243146093965043,0.8522755511960391
repeated_stratified_kfold,789,3,1,TCGA-BP-4962-01A,BP,False,1785.0,0.000342864508794713,-0.7212461623783766
repeated_stratified_kfold,789,3,1,TCGA-BP-4968-01A,BP,False,1746.0,-0.7777614920050104,-1.3088946648822486
repeated_stratified_kfold,789,3,1,TCGA-BP-4982-01A,BP,False,1014.0,-0.7089342743667042,-1.3515816268924346
repeated_stratified_kfold,789,3,1,TCGA-BP-4986-01A,BP,False,785.0,0.4267148166653497,0.11565860178538051
repeated_stratified_kfold,789,3,1,TCGA-BP-4989-01A,BP,False,118.0,0.8016288241942882,0.37380712134181865
repeated_stratified_kfold,789,3,1,TCGA-BP-4991-01A,BP,False,1413.0,-0.2959709685368664,-0.8376144197157114
repeated_stratified_kfold,789,3,1,TCGA-BP-4994-01A,BP,False,1308.0,-0.2959709685368664,-0.9144204292784492
repeated_stratified_kfold,789,3,1,TCGA-BP-4995-01A,BP,False,1371.0,0.18581955493127766,-0.4898509824778219
repeated_stratified_kfold,789,3,1,TCGA-BP-4999-01A,BP,False,1266.0,-0.2271437508985601,-0.8512389116804457
repeated_stratified_kfold,789,3,1,TCGA-BP-5006-01A,BP,False,840.0,-0.055075706802794375,-0.7001018427711148
repeated_stratified_kfold,789,3,1,TCGA-BP-5170-01A,BP,False,2412.0,-0.26155735971771327,-0.616021474624269
repeated_stratified_kfold,789,3,1,TCGA-BP-5174-01A,BP,False,2257.0,-0.5243397372090828,-1.1302344626754646
repeated_stratified_kfold,789,3,1,TCGA-BP-5192-01A,BP,False,714.0,-0.12390292444110067,-0.8612829601031773
repeated_stratified_kfold,789,3,1,TCGA-CJ-4638-01A,CJ,True,431.0,1.4684115819983312,0.7872787860339696
repeated_stratified_kfold,789,3,1,TCGA-CJ-4640-01A,CJ,False,3480.0,0.49190634482190987,-0.10589239909751885
repeated_stratified_kfold,789,3,1,TCGA-CJ-4870-01A,CJ,False,1498.0,0.8829825348944501,0.24010938110781005
repeated_stratified_kfold,789,3,1,TCGA-CJ-4881-01A,CJ,False,2014.0,0.2165974742686847,-0.03933248429447217
repeated_stratified_kfold,789,3,1,TCGA-CJ-4899-01A,CJ,False,1528.0,-0.7089342743667042,-1.2915455107757605
repeated_stratified_kfold,789,3,1,TCGA-CJ-4900-01A,CJ,True,1714.0,2.2599245848388536,1.7737246851360158
repeated_stratified_kfold,789,3,1,TCGA-CJ-4923-01A,CJ,True,572.0,2.053442931923935,1.5991037019379133
repeated_stratified_kfold,789,3,1,TCGA-CJ-5676-01A,CJ,False,4067.0,0.4230791271836036,-0.13105756059378576
repeated_stratified_kfold,789,3,1,TCGA-CJ-5678-01A,CJ,True,574.0,1.9376756124046197,1.2390045183055196
repeated_stratified_kfold,789,3,1,TCGA-CJ-5681-01A,CJ,True,552.0,1.399584364360025,1.1357763284177573
repeated_stratified_kfold,789,3,1,TCGA-CJ-6030-01A,CJ,True,2299.0,0.08257872847381824,-0.25303102856899173
repeated_stratified_kfold,789,3,1,TCGA-CW-5587-01A,CW,False,2226.0,1.0206369701710627,0.2617026403095421
repeated_stratified_kfold,789,3,1,TCGA-CW-5588-01A,CW,False,2017.0,0.611309353822971,0.24092564476534856
repeated_stratified_kfold,789,3,1,TCGA-CW-6087-01A,CW,True,41.0,1.9032620035854666,1.8646809611035644
repeated_stratified_kfold,789,3,1,TCGA-CW-6093-01A,CW,False,3146.0,0.35788759902704337,-0.2999636822234764
repeated_stratified_kfold,789,3,1,TCGA-CW-6097-01A,CW,True,571.0,-0.09312500510369359,-0.44667302333840325
repeated_stratified_kfold,789,3,1,TCGA-CZ-5455-01A,CZ,True,561.0,1.9720892212237728,1.32136971183777
repeated_stratified_kfold,789,3,1,TCGA-CZ-5457-01A,CZ,False,2754.0,0.9392832594709007,0.35554954293459634
repeated_stratified_kfold,789,3,1,TCGA-CZ-5460-01A,CZ,False,2873.0,1.6967803506705477,0.9382569774576885
repeated_stratified_kfold,789,3,1,TCGA-CZ-5989-01A,CZ,False,1905.0,0.069170082147101,-0.6940235982758636
repeated_stratified_kfold,789,3,1,TCGA-DV-5565-01A,DV,False,1329.0,-0.12390292444110067,-0.5839270396951646
repeated_stratified_kfold,789,3,1,TCGA-DV-5567-01A,DV,False,2004.0,-0.6964077813048485,-0.8230124418523861
repeated_stratified_kfold,789,3,1,TCGA-DV-5569-01A,DV,False,355.0,-1.0749574783155331,-1.596862675789265
repeated_stratified_kfold,789,3,1,TCGA-EU-5905-01A,EU,False,119.0,0.23275965681228641,-0.04466939795239683
repeated_stratified_kfold,789,3,1,TCGA-EU-5906-01A,EU,False,206.0,-0.26155735971771327,-0.9550992813837549
repeated_stratified_kfold,789,3,1,TCGA-MW-A4EC-01A,MW,False,498.0,0.40482770090805215,-0.18495308166210717
repeated_stratified_kfold,789,3,2,TCGA-6D-AA2E-01A,6D,False,362.0,0.2939806257215569,1.3148987967490668
repeated_stratified_kfold,789,3,2,TCGA-A3-3306-01A,A3,False,1120.0,0.17258169211266705,-0.454399358347316
repeated_stratified_kfold,789,3,2,TCGA-A3-3311-01A,A3,True,1191.0,-0.20074104784595986,-0.44452300833176783
repeated_stratified_kfold,789,3,2,TCGA-A3-3323-01A,A3,False,1106.0,-0.3500701438294106,-0.28898526662097496
repeated_stratified_kfold,789,3,2,TCGA-A3-3331-01A,A3,False,1257.0,0.9659615576470854,0.530966205685552
repeated_stratified_kfold,789,3,2,TCGA-A3-3347-01A,A3,True,1610.0,1.4429018649132246,2.0170490258288676
repeated_stratified_kfold,789,3,2,TCGA-A3-3358-01A,A3,False,1307.0,-0.11667438823293269,-0.33033250353478616
repeated_stratified_kfold,789,3,2,TCGA-A3-3372-01A,A3,False,735.0,0.910847917349845,0.2506583422478205
repeated_stratified_kfold,789,3,2,TCGA-A3-A8OW-01A,A3,False,323.0,-0.09712348053844766,-1.3996360096057059
repeated_stratified_kfold,789,3,2,TCGA-AK-3425-01A,AK,False,3343.0,0.20991396610852975,0.12612288336906025
repeated_stratified_kfold,789,3,2,TCGA-AK-3428-01A,AK,False,3728.0,0.8361833693581197,0.06487372316138745
repeated_stratified_kfold,789,3,2,TCGA-AK-3431-01A,AK,True,2241.0,0.33842370419129825,-0.578696618578842
repeated_stratified_kfold,789,3,2,TCGA-AK-3451-01A,AK,False,2868.0,-0.26829479136380663,-1.2911964021264908
repeated_stratified_kfold,789,3,2,TCGA-AK-3454-01A,AK,False,874.0,0.8072303500423329,0.9366613327612703
repeated_stratified_kfold,789,3,2,TCGA-AK-3458-01A,AK,False,1168.0,-0.5367315138087241,-1.389657229127771
repeated_stratified_kfold,789,3,2,TCGA-B0-4690-01A,B0,True,43.0,1.9479710649962776,2.86206496377205
repeated_stratified_kfold,789,3,2,TCGA-B0-4691-01A,B0,True,139.0,1.5746483250376506,1.5013413489501242
repeated_stratified_kfold,789,3,2,TCGA-B0-4698-01A,B0,True,42.0,2.3212938049549043,3.617578357836202
repeated_stratified_kfold,789,3,2,TCGA-B0-4707-01A,B0,True,600.0,0.8735156433539824,1.170033935251083
repeated_stratified_kfold,789,3,2,TCGA-B0-4710-01A,B0,False,1755.0,1.405569590917362,1.2999598649756738
repeated_stratified_kfold,789,3,2,TCGA-B0-4712-01A,B0,True,1337.0,2.3586260789507674,2.92562858876545
repeated_stratified_kfold,789,3,2,TCGA-B0-4714-01A,B0,True,99.0,2.5452874489300807,2.2411403329072295
repeated_stratified_kfold,789,3,2,TCGA-B0-4811-01A,B0,True,1417.0,0.313531533416042,-0.16618850801949414
repeated_stratified_kfold,789,3,2,TCGA-B0-4815-01A,B0,True,1588.0,0.9481801913457077,1.0848855702046187
repeated_stratified_kfold,789,3,2,TCGA-B0-4816-01A,B0,True,1371.0,-0.23096251736794393,-0.8633256525356776
repeated_stratified_kfold,789,3,2,TCGA-B0-4836-01A,B0,True,1238.0,1.7986419690128268,1.4257184519150903
repeated_stratified_kfold,789,3,2,TCGA-B0-4841-01A,B0,True,204.0,1.8733065170045522,1.460290475959668
repeated_stratified_kfold,789,3,2,TCGA-B0-4843-01A,B0,True,320.0,0.6495219993788062,0.24971346646017673
repeated_stratified_kfold,789,3,2,TCGA-B0-4844-01A,B0,True,313.0,1.7613096950169642,0.867800899787001
repeated_stratified_kfold,789,3,2,TCGA-B0-5080-01A,B0,True,342.0,1.8733065170045522,2.0975616013043474
repeated_stratified_kfold,789,3,2,TCGA-B0-5095-01A,B0,True,245.0,1.545496575279511,1.389988732073102
repeated_stratified_kfold,789,3,2,TCGA-B0-5099-01A,B0,True,485.0,1.890889152863577,1.437854039348634
repeated_stratified_kfold,789,3,2,TCGA-B0-5102-01A,B0,True,2764.0,0.5179742696967331,0.652951832340928
repeated_stratified_kfold,789,3,2,TCGA-B0-5109-01A,B0,True,587.0,1.0975092873291585,1.5947434148343325
repeated_stratified_kfold,789,3,2,TCGA-B0-5116-01A,B0,False,1274.0,0.46286062939949274,-0.1783455839475961
repeated_stratified_kfold,789,3,2,TCGA-B0-5121-01A,B0,False,1485.0,-0.23807332184182256,-0.8606858374633632
repeated_stratified_kfold,789,3,2,TCGA-B0-5690-01A,B0,False,3392.0,-0.2660034842163834,-0.7243679159394625
repeated_stratified_kfold,789,3,2,TCGA-B0-5691-01A,B0,False,3431.0,0.21931607772983155,-0.6252469099603821
repeated_stratified_kfold,789,3,2,TCGA-B0-5693-01A,B0,False,4074.0,-0.48999712819155966,-1.2877301827321974
repeated_stratified_kfold,789,3,2,TCGA-B0-5698-01A,B0,False,3631.0,0.545904432071294,-0.3380783187229362
repeated_stratified_kfold,789,3,2,TCGA-B0-5707-01A,B0,False,3744.0,-0.7886553201584612,-0.5066959971216183
repeated_stratified_kfold,789,3,2,TCGA-B2-4099-01A,B2,False,972.0,0.7698980760464702,-0.04485859951170462
repeated_stratified_kfold,789,3,2,TCGA-B2-5639-01A,B2,True,1003.0,1.2386578590748865,0.20271857008016253
repeated_stratified_kfold,789,3,2,TCGA-B2-5641-01A,B2,False,656.0,0.6205689800630194,0.19935888745273672
repeated_stratified_kfold,789,3,2,TCGA-B4-5834-01A,B4,False,38.0,-0.12607649985423447,-1.0332009967974864
repeated_stratified_kfold,789,3,2,TCGA-B4-5844-01A,B4,False,7.0,0.30109143019543555,-1.1494035066408785
repeated_stratified_kfold,789,3,2,TCGA-B8-4143-01A,B8,True,709.0,2.0693699986051675,3.4434808640382797
repeated_stratified_kfold,789,3,2,TCGA-B8-4148-01A,B8,False,1520.0,0.10731925574224348,-0.46624689697719923
repeated_stratified_kfold,789,3,2,TCGA-B8-4153-01B,B8,False,762.0,1.2841706573084721,0.0821292549556022
repeated_stratified_kfold,789,3,2,TCGA-B8-4620-01A,B8,False,777.0,1.2189082209380484,2.0251902143320506
repeated_stratified_kfold,789,3,2,TCGA-B8-4621-01A,B8,False,788.0,0.02325259612921629,0.16074867698994993
repeated_stratified_kfold,789,3,2,TCGA-B8-5158-01A,B8,False,1218.0,0.6121897253829436,0.13078496172530069
repeated_stratified_kfold,789,3,2,TCGA-B8-5162-01A,B8,False,36.0,0.2543570445782711,0.3461351644154403
repeated_stratified_kfold,789,3,2,TCGA-B8-5549-01A,B8,False,194.0,-0.3500701438294106,-0.7239764672045812
repeated_stratified_kfold,789,3,2,TCGA-B8-5550-01A,B8,False,1476.0,1.172173835320884,0.7964447430044328
repeated_stratified_kfold,789,3,2,TCGA-B8-A54D-01A,B8,False,830.0,1.0975092873291585,1.199050197552116
repeated_stratified_kfold,789,3,2,TCGA-B8-A7U6-01A,B8,False,495.0,-0.22867121022052078,-1.0198779958502975
repeated_stratified_kfold,789,3,2,TCGA-BP-4159-01A,BP,True,2601.0,0.28457851410025514,-0.2258556920592174
repeated_stratified_kfold,789,3,2,TCGA-BP-4164-01A,BP,True,992.0,0.5095950150166573,-0.5176350404275087
repeated_stratified_kfold,789,3,2,TCGA-BP-4177-01A,BP,False,1670.0,0.09791714412094167,-0.4175971472572456
repeated_stratified_kfold,789,3,2,TCGA-BP-4325-01A,BP,False,2964.0,0.14465152973810616,-0.9613265239357245
repeated_stratified_kfold,789,3,2,TCGA-BP-4329-01A,BP,True,845.0,1.3215029313043347,0.40560612787394307
repeated_stratified_kfold,789,3,2,TCGA-BP-4330-01A,BP,False,1888.0,0.8455854809794214,0.26276970910600567
repeated_stratified_kfold,789,3,2,TCGA-BP-4347-01A,BP,False,1367.0,1.2841706573084721,1.1569612117010084
repeated_stratified_kfold,789,3,2,TCGA-BP-4352-01A,BP,True,344.0,2.368028190572069,3.8772403212484785
repeated_stratified_kfold,789,3,2,TCGA-BP-4354-01A,BP,True,1034.0,1.0146642150997103,1.40053210598451
repeated_stratified_kfold,789,3,2,TCGA-BP-4766-01A,BP,False,1462.0,-0.6393262241750104,-1.317453485818856
repeated_stratified_kfold,789,3,2,TCGA-BP-4769-01A,BP,False,1876.0,0.02325259612921629,0.22924375231036836
repeated_stratified_kfold,789,3,2,TCGA-BP-4776-01A,BP,False,411.0,-0.38740241782527335,-1.0499132673037133
repeated_stratified_kfold,789,3,2,TCGA-BP-4781-01A,BP,False,2080.0,0.5832367060671567,0.711344845604672
repeated_stratified_kfold,789,3,2,TCGA-BP-4798-01A,BP,True,334.0,-4.269844261004908,0.8032942111206767
repeated_stratified_kfold,789,3,2,TCGA-BP-4960-01A,BP,False,2172.0,-0.342959339355532,-1.2987154708096837
repeated_stratified_kfold,789,3,2,TCGA-BP-4967-01A,BP,False,205.0,1.3588352053001973,1.4083074139426517
repeated_stratified_kfold,789,3,2,TCGA-BP-4974-01A,BP,True,211.0,1.6866451470252388,1.3738522600917182
repeated_stratified_kfold,789,3,2,TCGA-BP-4987-01A,BP,False,1124.0,-0.7139907721667358,-1.8553391015244676
repeated_stratified_kfold,789,3,2,TCGA-BP-5009-01A,BP,True,1092.0,-0.38740241782527335,-0.6229427473362487
repeated_stratified_kfold,789,3,2,TCGA-BP-5010-01A,BP,True,878.0,0.8735156433539824,0.8681141967487309
repeated_stratified_kfold,789,3,2,TCGA-BP-5169-01A,BP,False,193.0,0.28457851410025514,0.37898642737330285
repeated_stratified_kfold,789,3,2,TCGA-BP-5178-01A,BP,True,1912.0,2.171964708971454,1.3969000973545678
repeated_stratified_kfold,789,3,2,TCGA-BP-5181-01A,BP,False,1495.0,-0.07934211423707,-1.5861418256271425
repeated_stratified_kfold,789,3,2,TCGA-BP-5183-01A,BP,False,1291.0,0.6495219993788062,-0.3810208828878084
repeated_stratified_kfold,789,3,2,TCGA-BP-5194-01A,BP,False,408.0,-0.8727219797714884,-2.43722155994007
repeated_stratified_kfold,789,3,2,TCGA-CJ-4642-01B,CJ,False,3205.0,-0.3056270653596694,-0.5970656972877366
repeated_stratified_kfold,789,3,2,TCGA-CJ-4869-01A,CJ,False,2554.0,0.3508638074119047,-0.4371513602123442
repeated_stratified_kfold,789,3,2,TCGA-CJ-4876-01A,CJ,False,1955.0,0.06769567459895758,-0.6447169231550574
repeated_stratified_kfold,789,3,2,TCGA-CJ-4885-01A,CJ,False,3451.0,1.910638791000415,1.401886750215608
repeated_stratified_kfold,789,3,2,TCGA-CJ-4889-01A,CJ,False,1946.0,0.10731925574224348,-0.020567053377807454
repeated_stratified_kfold,789,3,2,TCGA-CJ-4890-01A,CJ,False,3519.0,2.2092969829673166,2.0827039384160027
repeated_stratified_kfold,789,3,2,TCGA-CJ-4897-01A,CJ,False,3341.0,1.5548986869008128,0.5032009953776917
repeated_stratified_kfold,789,3,2,TCGA-CJ-4901-01A,CJ,False,1450.0,0.27619925942017926,0.706936394064039
repeated_stratified_kfold,789,3,2,TCGA-CJ-4916-01A,CJ,False,1373.0,1.1815759469421856,0.665664060794428
repeated_stratified_kfold,789,3,2,TCGA-CJ-5671-01A,CJ,False,3987.0,-0.424734691821136,-0.4109099444832032
repeated_stratified_kfold,789,3,2,TCGA-CW-5585-01A,CW,False,2609.0,1.4253192290542,-0.05386460862700754
repeated_stratified_kfold,789,3,2,TCGA-CZ-5451-01A,CZ,False,1929.0,0.7023443325286234,-0.7551150704763185
repeated_stratified_kfold,789,3,2,TCGA-CZ-5452-01A,CZ,False,1789.0,0.5156829625493099,-0.6229574358421877
repeated_stratified_kfold,789,3,2,TCGA-CZ-5454-01A,CZ,True,722.0,1.8733065170045522,1.4254895469402276
repeated_stratified_kfold,789,3,2,TCGA-CZ-5456-01A,CZ,False,2422.0,0.06769567459895758,-0.47680341313069924
repeated_stratified_kfold,789,3,2,TCGA-CZ-5982-01A,CZ,False,2439.0,-0.0420098402412073,-1.5871056470796157
repeated_stratified_kfold,789,3,2,TCGA-CZ-5985-01A,CZ,False,1997.0,0.10502794859482027,-0.5944259262424434
repeated_stratified_kfold,789,3,2,TCGA-CZ-5988-01A,CZ,False,693.0,-0.910054253767351,-1.293393409786362
repeated_stratified_kfold,789,3,2,TCGA-DV-5573-01A,DV,False,1130.0,-0.798057431779763,-1.481672149100859
repeated_stratified_kfold,789,3,2,TCGA-DV-5574-01A,DV,False,2016.0,-0.9473865277632137,-1.3402987939583
repeated_stratified_kfold,789,3,2,TCGA-DV-A4VX-01A,DV,True,1626.0,1.7239774210211014,1.1064560621576263
repeated_stratified_kfold,789,3,2,TCGA-EU-5907-01A,EU,False,127.0,1.545496575279511,1.064672918354425
repeated_stratified_kfold,789,3,2,TCGA-G6-A8L7-01A,G6,False,2133.0,0.779300187667772,1.9182544288585903
repeated_stratified_kfold,789,3,2,TCGA-MM-A84U-01A,MM,False,700.0,-0.07934211423707,0.40472949076523995
repeated_stratified_kfold,789,3,3,TCGA-A3-3307-01A,A3,False,1436.0,1.2214930779346993,0.14917739624657889
repeated_stratified_kfold,789,3,3,TCGA-A3-3316-01A,A3,False,1493.0,0.27706486915911593,-0.4382757632646239
repeated_stratified_kfold,789,3,3,TCGA-A3-3317-01A,A3,False,1491.0,0.5873267173666858,0.16459255849009613
repeated_stratified_kfold,789,3,3,TCGA-A3-3322-01A,A3,False,1478.0,-0.34862542721739215,-0.8308741173685759
repeated_stratified_kfold,789,3,3,TCGA-A3-3326-01A,A3,False,1137.0,-0.47273016650042005,-1.4546661447909408
repeated_stratified_kfold,789,3,3,TCGA-A3-3329-01A,A3,False,1624.0,0.39600300848077563,-0.36341109716374653
repeated_stratified_kfold,789,3,3,TCGA-A3-3335-01A,A3,False,1886.0,-0.21935408797299594,-0.9977378824370269
repeated_stratified_kfold,789,3,3,TCGA-A3-3346-01A,A3,True,137.0,0.1788197147354767,0.3626656298069577
repeated_stratified_kfold,789,3,3,TCGA-A3-3362-01A,A3,False,1559.0,-0.021270906851110057,-0.8632227152683574
repeated_stratified_kfold,789,3,3,TCGA-A3-3367-01A,A3,False,2270.0,0.30292445401850465,-0.5727597418941839
repeated_stratified_kfold,789,3,3,TCGA-A3-3374-01A,A3,False,1314.0,-0.300506570237923,-0.14974842802223576
repeated_stratified_kfold,789,3,3,TCGA-A3-3376-01A,A3,True,1696.0,-0.34862542721739215,-1.0635435131823183
repeated_stratified_kfold,789,3,3,TCGA-A3-3380-01A,A3,False,567.0,-0.2555468727551211,-0.7079162714671512
repeated_stratified_kfold,789,3,3,TCGA-A3-3383-01A,A3,False,861.0,-0.3175992423966351,-1.1999516530021452
repeated_stratified_kfold,789,3,3,TCGA-AK-3427-01A,AK,False,3583.0,0.08574116027320572,0.16304185365867851
repeated_stratified_kfold,789,3,3,TCGA-AK-3450-01A,AK,False,1508.0,0.7543837136678146,-0.1660639244191212
repeated_stratified_kfold,789,3,3,TCGA-AK-3456-01A,AK,False,1143.0,-0.002170794227697004,-0.3356409679367457
repeated_stratified_kfold,789,3,3,TCGA-AS-3777-01A,AS,False,1238.0,0.023688790631691742,0.2190774199410499
repeated_stratified_kfold,789,3,3,TCGA-B0-4694-01A,B0,True,106.0,1.4076501868592413,0.7454341977440577
repeated_stratified_kfold,789,3,3,TCGA-B0-4697-01A,B0,True,578.0,1.8004091529962647,1.919480869150805
repeated_stratified_kfold,789,3,3,TCGA-B0-4699-01A,B0,True,110.0,2.621023470997991,3.343458302500097
repeated_stratified_kfold,789,3,3,TCGA-B0-4718-01A,B0,False,1778.0,0.9422574145478865,0.2934411687860903
repeated_stratified_kfold,789,3,3,TCGA-B0-4813-01A,B0,True,18.0,1.2835454475762134,1.4098115425544109
repeated_stratified_kfold,789,3,3,TCGA-B0-4822-01A,B0,True,1111.0,0.9286147503950127,0.3115467433809396
repeated_stratified_kfold,789,3,3,TCGA-B0-4824-01A,B0,True,1657.0,-0.36255893987943694,-1.208204438504144
repeated_stratified_kfold,789,3,3,TCGA-B0-4827-01A,B0,True,885.0,1.6108999679424953,1.1414853469460404
repeated_stratified_kfold,789,3,3,TCGA-B0-4833-01A,B0,True,2386.0,0.6613051592055437,0.13478175917036062
repeated_stratified_kfold,789,3,3,TCGA-B0-4834-01A,B0,True,2090.0,-0.4106777968589061,-0.3008308792405302
repeated_stratified_kfold,789,3,3,TCGA-B0-4837-01A,B0,True,1378.0,0.023688790631691742,0.09636320229498874
repeated_stratified_kfold,789,3,3,TCGA-B0-4838-01A,B0,True,834.0,0.25796475653570283,-0.6297893143176063
repeated_stratified_kfold,789,3,3,TCGA-B0-4845-01A,B0,True,1986.0,2.4969187317149633,1.94969953208657
repeated_stratified_kfold,789,3,3,TCGA-B0-4945-01A,B0,True,2145.0,0.4441218654602448,-0.37345766506522016
repeated_stratified_kfold,789,3,3,TCGA-B0-5107-01A,B0,True,927.0,2.3899066645906473,2.0533088102245545
repeated_stratified_kfold,789,3,3,TCGA-B0-5113-01A,B0,False,1175.0,1.3626904893764396,0.5297825179846376
repeated_stratified_kfold,789,3,3,TCGA-B0-5119-01A,B0,False,1552.0,0.00975527796964693,-1.2054520887189506
repeated_stratified_kfold,789,3,3,TCGA-B0-5120-01A,B0,False,1169.0,0.3510433109979738,-0.02832681499915901
repeated_stratified_kfold,789,3,3,TCGA-B0-5692-01A,B0,False,3944.0,1.2696119349141686,0.15023366122400694
repeated_stratified_kfold,789,3,3,TCGA-B0-5696-01A,B0,False,2609.0,1.3145716323969703,0.18862443293539333
repeated_stratified_kfold,789,3,3,TCGA-B0-5702-01A,B0,False,2172.0,0.2718982691977477,-0.1323942689459403
repeated_stratified_kfold,789,3,3,TCGA-B0-5710-01A,B0,False,2430.0,-0.1624683182928502,-1.0682010936031634
repeated_stratified_kfold,789,3,3,TCGA-B2-3923-01A,B2,False,992.0,0.33911723880062994,0.3094997643167845
repeated_stratified_kfold,789,3,3,TCGA-B2-3924-01A,B2,False,1092.0,0.3339506388392617,-0.504583641425946
repeated_stratified_kfold,789,3,3,TCGA-B2-4098-01A,B2,True,51.0,0.3510433109979738,-0.2683549356864583
repeated_stratified_kfold,789,3,3,TCGA-B2-4102-01A,B2,False,952.0,-0.03836357900982223,-0.92961400224256
repeated_stratified_kfold,789,3,3,TCGA-B4-5377-01A,B4,False,365.0,2.4829852190529182,1.3456508097392141
repeated_stratified_kfold,789,3,3,TCGA-B8-4146-01B,B8,False,511.0,-0.6107684184454929,-1.4898818054993785
repeated_stratified_kfold,789,3,3,TCGA-B8-4151-01A,B8,False,1299.0,0.8042191626028137,-0.5479879801767668
repeated_stratified_kfold,789,3,3,TCGA-B8-4619-01A,B8,False,523.0,-0.1314421334720932,-0.06791307976066197
repeated_stratified_kfold,789,3,3,TCGA-B8-5545-01A,B8,False,1525.0,-0.6278610906042049,-1.2562818521365127
repeated_stratified_kfold,789,3,3,TCGA-B8-5546-01A,B8,False,505.0,-0.7038469729077638,-0.8269064418399801
repeated_stratified_kfold,789,3,3,TCGA-BP-4163-01A,BP,False,2839.0,1.0834548259896266,0.7526053384930416
repeated_stratified_kfold,789,3,3,TCGA-BP-4174-01A,BP,False,1879.0,0.028855390593060026,-0.6205148846308115
repeated_stratified_kfold,789,3,3,TCGA-BP-4176-01A,BP,False,1955.0,0.05471497545244873,-0.2753086822272216
repeated_stratified_kfold,789,3,3,TCGA-BP-4326-01A,BP,True,1625.0,-0.23845420059640898,-0.5119572504050862
repeated_stratified_kfold,789,3,3,TCGA-BP-4332-01A,BP,False,1133.0,0.2907075333119896,-0.6623654629991755
repeated_stratified_kfold,789,3,3,TCGA-BP-4338-01A,BP,False,2859.0,-0.596834905783448,-0.8135276260916859
repeated_stratified_kfold,789,3,3,TCGA-BP-4340-01A,BP,True,562.0,0.28899094135645986,-0.9241335310738559
repeated_stratified_kfold,789,3,3,TCGA-BP-4349-01A,BP,False,372.0,0.22693857171494586,-0.6012786756779085
repeated_stratified_kfold,789,3,3,TCGA-BP-4761-01A,BP,False,182.0,0.9422574145478865,0.5018976020273989
repeated_stratified_kfold,789,3,3,TCGA-BP-4762-01A,BP,True,1343.0,-0.6278610906042049,-1.4383611513770092
repeated_stratified_kfold,789,3,3,TCGA-BP-4777-01A,BP,False,1731.0,-0.5037563513211771,-1.5114127443515422
repeated_stratified_kfold,789,3,3,TCGA-BP-4782-01A,BP,False,354.0,-0.176401830954895,-1.0080823199855242
repeated_stratified_kfold,789,3,3,TCGA-BP-4797-01A,BP,False,1107.0,0.22865516367047567,-0.17394655793837277
repeated_stratified_kfold,789,3,3,TCGA-BP-4804-01A,BP,False,1459.0,-0.10041594865133621,-0.7892676006815373
repeated_stratified_kfold,789,3,3,TCGA-BP-4970-01A,BP,False,433.0,0.5389170118780455,0.02017775194949556
repeated_stratified_kfold,789,3,3,TCGA-BP-4972-01A,BP,False,1502.0,0.5560096840367579,-0.3183769933051922
repeated_stratified_kfold,789,3,3,TCGA-BP-4975-01A,BP,False,1433.0,-0.689913460245719,-1.5459929432646924
repeated_stratified_kfold,789,3,3,TCGA-BP-4981-01A,BP,True,1097.0,1.5488475983009815,1.1358335048908428
repeated_stratified_kfold,789,3,3,TCGA-BP-4985-01A,BP,True,952.0,1.4076501868592413,1.413474750271808
repeated_stratified_kfold,789,3,3,TCGA-BP-5000-01A,BP,False,563.0,-0.689913460245719,-1.3483927309145352
repeated_stratified_kfold,789,3,3,TCGA-BP-5001-01A,BP,False,1177.0,-0.5487160488039788,-1.138692691860776
repeated_stratified_kfold,789,3,3,TCGA-BP-5180-01A,BP,False,2263.0,-0.28657305757587814,-1.2580923442640861
repeated_stratified_kfold,789,3,3,TCGA-BP-5182-01A,BP,False,1165.0,-0.19349450311360716,-0.8229873904103824
repeated_stratified_kfold,789,3,3,TCGA-BP-5186-01A,BP,False,693.0,-0.33153275505867996,-1.5344615097249616
repeated_stratified_kfold,789,3,3,TCGA-BP-5190-01A,BP,False,1011.0,-0.03836357900982223,-1.2616985756391998
repeated_stratified_kfold,789,3,3,TCGA-CJ-4637-01A,CJ,True,2227.0,1.9865662619208067,1.7595433541234657
repeated_stratified_kfold,789,3,3,TCGA-CJ-4643-01A,CJ,False,1793.0,0.635445574346155,-0.2364120352065276
repeated_stratified_kfold,789,3,3,TCGA-CJ-4871-01A,CJ,False,2423.0,2.279735437969664,1.837642247208972
repeated_stratified_kfold,789,3,3,TCGA-CJ-4872-01A,CJ,False,1435.0,-0.34862542721739215,-1.2097328598857202
repeated_stratified_kfold,789,3,3,TCGA-CJ-4875-01A,CJ,True,3554.0,2.4038401772526923,1.6305774880184163
repeated_stratified_kfold,789,3,3,TCGA-CJ-4882-01A,CJ,False,1883.0,0.9422574145478865,0.6999844268565298
repeated_stratified_kfold,789,3,3,TCGA-CJ-4891-01A,CJ,True,819.0,0.9903762715273557,0.5420588772818264
repeated_stratified_kfold,789,3,3,TCGA-CJ-4893-01A,CJ,False,750.0,0.47514805028100177,-0.5444191386183621
repeated_stratified_kfold,789,3,3,TCGA-CJ-4895-01A,CJ,True,1200.0,2.2487092531489075,1.729028749726741
repeated_stratified_kfold,789,3,3,TCGA-CJ-4903-01A,CJ,False,1560.0,-0.3796516120381491,-1.0478831960178294
repeated_stratified_kfold,789,3,3,TCGA-CJ-4904-01A,CJ,False,3302.0,2.2347757404868624,1.391055276474343
repeated_stratified_kfold,789,3,3,TCGA-CJ-4907-01A,CJ,False,1499.0,0.9732835993686434,0.04407966490111015
repeated_stratified_kfold,789,3,3,TCGA-CJ-5677-01A,CJ,True,782.0,2.0486186315623205,1.6420125531353198
repeated_stratified_kfold,789,3,3,TCGA-CJ-5679-01A,CJ,True,679.0,1.4386763716799984,1.4401603036457213
repeated_stratified_kfold,789,3,3,TCGA-CJ-5683-01A,CJ,False,1889.0,0.4890815629430466,0.08789685482649401
repeated_stratified_kfold,789,3,3,TCGA-CJ-5686-01A,CJ,False,2038.0,-0.05229709167186705,-1.1005561634212189
repeated_stratified_kfold,789,3,3,TCGA-CW-5580-01A,CW,True,1964.0,2.6381161431567035,2.042101671026228
repeated_stratified_kfold,789,3,3,TCGA-CW-5581-01A,CW,False,2799.0,-0.5658087209626911,-1.64892214910401
repeated_stratified_kfold,789,3,3,TCGA-CW-5583-01A,CW,False,2489.0,-0.300506570237923,-1.1164290227265752
repeated_stratified_kfold,789,3,3,TCGA-CW-5584-01A,CW,True,164.0,1.469702556500755,0.1956644854325924
repeated_stratified_kfold,789,3,3,TCGA-CW-5589-01A,CW,False,2378.0,-0.3175992423966351,-1.2859234151261898
repeated_stratified_kfold,789,3,3,TCGA-CW-5591-01A,CW,False,2271.0,2.0625521442243655,1.515527464434803
repeated_stratified_kfold,789,3,3,TCGA-CW-6088-01A,CW,False,3222.0,-0.06938976383057921,-1.2080988708783642
repeated_stratified_kfold,789,3,3,TCGA-CZ-4861-01A,CZ,True,446.0,0.46322197808365784,-0.3452080509285224
repeated_stratified_kfold,789,3,3,TCGA-CZ-4865-01A,CZ,True,166.0,0.28899094135645986,-0.663308530020529
repeated_stratified_kfold,789,3,3,TCGA-CZ-5462-01A,CZ,True,311.0,2.900259134384804,2.1316386010270367
repeated_stratified_kfold,789,3,3,TCGA-CZ-5463-01A,CZ,False,662.0,0.8665623807534987,-0.21096640133150196
repeated_stratified_kfold,789,3,3,TCGA-CZ-5465-01A,CZ,True,2564.0,1.5798737831217384,0.3414508472122584
repeated_stratified_kfold,789,3,3,TCGA-DV-5575-01A,DV,False,1729.0,-0.26948038541716596,-1.3204974414588198
repeated_stratified_kfold,789,3,3,TCGA-G6-A8L8-01A,G6,True,1091.0,0.04078146279040392,-0.7646903767413608
repeated_stratified_kfold,789,3,3,TCGA-MM-A563-01A,MM,False,591.0,2.1439115633472965,-0.11230156285289572
repeated_stratified_kfold,789,3,4,TCGA-A3-3319-01A,A3,False,1130.0,0.24422966483232939,0.8426007129441284
repeated_stratified_kfold,789,3,4,TCGA-A3-3320-01A,A3,False,1508.0,-0.2756410705090795,-1.0088525840068059
repeated_stratified_kfold,789,3,4,TCGA-A3-3349-01A,A3,False,1385.0,-0.8276464890672779,-1.201723966539456
repeated_stratified_kfold,789,3,4,TCGA-A3-3351-01A,A3,False,910.0,-0.3023616398898616,-0.694779139073702
repeated_stratified_kfold,789,3,4,TCGA-A3-3352-01A,A3,True,561.0,1.17230880927203,0.6078448547635327
repeated_stratified_kfold,789,3,4,TCGA-A3-3357-01A,A3,False,2688.0,0.31097771406369223,0.09069487875477256
repeated_stratified_kfold,789,3,4,TCGA-A3-3363-01A,A3,False,319.0,-0.05702589830844003,-0.5369024263942801
repeated_stratified_kfold,789,3,4,TCGA-A3-3365-01A,A3,False,873.0,-0.4917775599119351,-0.18229543059332437
repeated_stratified_kfold,789,3,4,TCGA-A3-3370-01A,A3,False,2274.0,-0.3983089412997903,-0.8793190612296057
repeated_stratified_kfold,789,3,4,TCGA-A3-3387-01A,A3,False,617.0,-0.399776656818902,-0.8217683373756375
repeated_stratified_kfold,789,3,4,TCGA-A3-A6NJ-01A,A3,False,468.0,-0.12230623202069107,-1.3139511817747136
repeated_stratified_kfold,789,3,4,TCGA-AK-3436-01A,AK,False,3331.0,1.1978347455395637,-0.40387316879104534
repeated_stratified_kfold,789,3,4,TCGA-AK-3447-01A,AK,False,1217.0,0.9549840357149237,0.6350421230156298
repeated_stratified_kfold,789,3,4,TCGA-B0-4693-01A,B0,True,77.0,1.143109557093464,0.23035312725179136
repeated_stratified_kfold,789,3,4,TCGA-B0-4696-01A,B0,True,866.0,0.6816373261091869,0.9401171094366323
repeated_stratified_kfold,789,3,4,TCGA-B0-4700-01A,B0,True,1980.0,1.8111740994931176,1.3855617680962042
repeated_stratified_kfold,789,3,4,TCGA-B0-4701-01A,B0,True,238.0,2.0273105888959733,1.804439796495022
repeated_stratified_kfold,789,3,4,TCGA-B0-4713-01A,B0,True,202.0,1.2657774278841747,1.0285831481998582
repeated_stratified_kfold,789,3,4,TCGA-B0-4810-01A,B0,True,478.0,0.3443006814347324,0.4533378116732487
repeated_stratified_kfold,789,3,4,TCGA-B0-4814-01A,B0,True,168.0,1.7498401640977623,0.945609274409805
repeated_stratified_kfold,789,3,4,TCGA-B0-4819-01A,B0,True,183.0,1.843308782709907,2.256081053786442
repeated_stratified_kfold,789,3,4,TCGA-B0-4828-01A,B0,True,307.0,2.393846485748994,1.9421295081710699
repeated_stratified_kfold,789,3,4,TCGA-B0-4849-01A,B0,True,69.0,0.46696855222544315,-0.6040461267336104
repeated_stratified_kfold,789,3,4,TCGA-B0-5075-01A,B0,True,637.0,1.2964443955818523,0.2083396860385952
repeated_stratified_kfold,789,3,4,TCGA-B0-5081-01A,B0,True,362.0,1.357778330977208,1.0154056109295662
repeated_stratified_kfold,789,3,4,TCGA-B0-5092-01A,B0,True,459.0,1.6286400088261632,1.9275050466319767
repeated_stratified_kfold,789,3,4,TCGA-B0-5098-01A,B0,True,1584.0,-0.24497410281140183,0.899725399190922
repeated_stratified_kfold,789,3,4,TCGA-B0-5399-01A,B0,False,1411.0,-0.4917775599119351,-1.1470310385423486
repeated_stratified_kfold,789,3,4,TCGA-B0-5694-01A,B0,True,480.0,1.0803079061789969,-0.06809549506942303
repeated_stratified_kfold,789,3,4,TCGA-B0-5695-01A,B0,False,2150.0,0.0003616387700196895,-0.8993491540207192
repeated_stratified_kfold,789,3,4,TCGA-B0-5706-01A,B0,False,3205.0,-0.21036073679682843,0.11850688514433472
repeated_stratified_kfold,789,3,4,TCGA-B0-5709-01A,B0,False,3974.0,0.8364398801166871,-0.24085161386417553
repeated_stratified_kfold,789,3,4,TCGA-B2-4101-01A,B2,False,648.0,0.004308037086915337,-0.801357285427442
repeated_stratified_kfold,789,3,4,TCGA-B2-5635-01A,B2,False,755.0,0.36689753562304017,0.1874117754629585
repeated_stratified_kfold,789,3,4,TCGA-B2-A4SR-01A,B2,False,507.0,0.28031074636601455,-0.5402532636303709
repeated_stratified_kfold,789,3,4,TCGA-B4-5835-01A,B4,False,16.0,0.09236254186305275,-0.7941091994988508
repeated_stratified_kfold,789,3,4,TCGA-B8-4622-01A,B8,False,1525.0,1.7191731964000845,0.6004319202924462
repeated_stratified_kfold,789,3,4,TCGA-B8-5551-01A,B8,False,16.0,0.12302950956073043,0.2392804998772302
repeated_stratified_kfold,789,3,4,TCGA-B8-5552-01B,B8,False,1046.0,-0.612977715183534,-1.679190970404137
repeated_stratified_kfold,789,3,4,TCGA-B8-5553-01A,B8,False,435.0,0.1843634449560858,-1.0704650016998218
repeated_stratified_kfold,789,3,4,TCGA-B8-A54E-01A,B8,False,909.0,0.031028606467697378,-0.39233470072012855
repeated_stratified_kfold,789,3,4,TCGA-B8-A54K-01A,B8,False,469.0,-0.031773044446769795,0.33772543053983184
repeated_stratified_kfold,789,3,4,TCGA-BP-4158-01A,BP,False,3377.0,0.2135626971346517,-0.04417615227229188
repeated_stratified_kfold,789,3,4,TCGA-BP-4162-01A,BP,False,3074.0,0.12302950956073043,-0.9011233496536907
repeated_stratified_kfold,789,3,4,TCGA-BP-4343-01A,BP,True,1912.0,0.865639132295253,-0.2147905150144821
repeated_stratified_kfold,789,3,4,TCGA-BP-4346-01A,BP,True,1493.0,0.6509703584115092,0.1602559340338623
repeated_stratified_kfold,789,3,4,TCGA-BP-4351-01A,BP,False,970.0,0.4991032354422326,0.6516804940201142
repeated_stratified_kfold,789,3,4,TCGA-BP-4758-01A,BP,False,2208.0,-0.6757793660980013,-1.0288171829467667
repeated_stratified_kfold,789,3,4,TCGA-BP-4763-01A,BP,True,1270.0,0.5523670573282181,-0.6082775097605708
repeated_stratified_kfold,789,3,4,TCGA-BP-4768-01A,BP,False,400.0,0.3376982834444742,0.07969437770949606
repeated_stratified_kfold,789,3,4,TCGA-BP-4771-01A,BP,True,162.0,1.872508034888473,2.3500252291615285
repeated_stratified_kfold,789,3,4,TCGA-BP-4774-01A,BP,False,1885.0,-0.12230623202069107,-0.583893095217217
repeated_stratified_kfold,789,3,4,TCGA-BP-4784-01A,BP,False,1854.0,0.1843634449560858,0.07052483249196106
repeated_stratified_kfold,789,3,4,TCGA-BP-4789-01A,BP,False,1489.0,-0.43044362451657975,-1.0046147759473194
repeated_stratified_kfold,789,3,4,TCGA-BP-4799-01A,BP,True,1133.0,1.0496409384813192,0.742969703571575
repeated_stratified_kfold,789,3,4,TCGA-BP-4959-01A,BP,False,2660.0,-0.399776656818902,-1.0142587807296226
repeated_stratified_kfold,789,3,4,TCGA-BP-4964-01A,BP,False,1862.0,-0.21430713511372415,-0.9940424430092538
repeated_stratified_kfold,789,3,4,TCGA-BP-4965-01A,BP,False,1871.0,-0.4917775599119351,-1.1429151985204071
repeated_stratified_kfold,789,3,4,TCGA-BP-4971-01A,BP,False,1487.0,0.12963190755098852,0.5254020493516951
repeated_stratified_kfold,789,3,4,TCGA-BP-4977-01A,BP,False,454.0,-0.15444091523748055,-0.4040689913968687
repeated_stratified_kfold,789,3,4,TCGA-BP-4992-01A,BP,False,501.0,0.12156179404161864,0.8192971336091806
repeated_stratified_kfold,789,3,4,TCGA-BP-4993-01A,BP,False,177.0,-0.12377394753980286,-0.859688893411488
repeated_stratified_kfold,789,3,4,TCGA-BP-5007-01A,BP,False,1140.0,-0.21036073679682843,-0.843964966971168
repeated_stratified_kfold,789,3,4,TCGA-BP-5168-01A,BP,True,1463.0,0.3975645033207178,-0.36852289491810175
repeated_stratified_kfold,789,3,4,TCGA-BP-5175-01A,BP,False,932.0,-0.062440012144447485,0.5014438943282256
repeated_stratified_kfold,789,3,4,TCGA-BP-5176-01A,BP,True,1590.0,0.5217000896305404,-0.49886884022778927
repeated_stratified_kfold,789,3,4,TCGA-BP-5177-01A,BP,False,293.0,-0.45964287669514564,-1.3692099126451778
repeated_stratified_kfold,789,3,4,TCGA-BP-5184-01A,BP,False,1133.0,-0.24644181833051365,-2.089162629855335
repeated_stratified_kfold,789,3,4,TCGA-BP-5185-01A,BP,False,1132.0,-0.18510788293515823,-0.6190566623787466
repeated_stratified_kfold,789,3,4,TCGA-BP-5187-01A,BP,False,406.0,-0.24644181833051365,-0.6559136123024232
repeated_stratified_kfold,789,3,4,TCGA-BP-5191-01A,BP,False,967.0,1.3256436477604185,0.6673014625088893
repeated_stratified_kfold,789,3,4,TCGA-BP-5195-01A,BP,False,749.0,0.3975645033207178,0.13946883030056467
repeated_stratified_kfold,789,3,4,TCGA-BP-5199-01A,BP,False,1355.0,0.18830984327298145,0.011601390069008621
repeated_stratified_kfold,789,3,4,TCGA-CJ-4634-01A,CJ,False,3498.0,-0.030305328927658,-1.0659705495773482
repeated_stratified_kfold,789,3,4,TCGA-CJ-4635-01A,CJ,False,1416.0,-0.43044362451657975,-1.4616642316152175
repeated_stratified_kfold,789,3,4,TCGA-CJ-4636-01A,CJ,False,1924.0,0.46696855222544315,0.6102625413078833
repeated_stratified_kfold,789,3,4,TCGA-CJ-4639-01A,CJ,False,3229.0,-0.055558182789328225,-1.2060754820961317
repeated_stratified_kfold,789,3,4,TCGA-CJ-4641-01A,CJ,True,1661.0,1.6899739442215187,1.3012164200608314
repeated_stratified_kfold,789,3,4,TCGA-CJ-4868-01A,CJ,True,646.0,1.2591686809349192,1.765754700667378
repeated_stratified_kfold,789,3,4,TCGA-CJ-4878-01A,CJ,False,2186.0,1.1124425893957863,0.46083749018848574
repeated_stratified_kfold,789,3,4,TCGA-CJ-4884-01A,CJ,False,1759.0,1.143109557093464,-0.02247488072218795
repeated_stratified_kfold,789,3,4,TCGA-CJ-4886-01A,CJ,False,1952.0,-0.5823107474858564,-1.9579588034247335
repeated_stratified_kfold,789,3,4,TCGA-CJ-4888-01A,CJ,True,1567.0,1.78050713179544,2.1834290441665676
repeated_stratified_kfold,789,3,4,TCGA-CJ-4894-01A,CJ,True,841.0,0.6816373261091869,-0.23880310295906787
repeated_stratified_kfold,789,3,4,TCGA-CJ-4902-01A,CJ,False,1520.0,0.77363822920222,0.2954530990366244
repeated_stratified_kfold,789,3,4,TCGA-CJ-4908-01A,CJ,False,1531.0,-0.7371133014933566,-1.21855873652773
repeated_stratified_kfold,789,3,4,TCGA-CJ-4918-01A,CJ,True,93.0,1.9338419702838283,1.704209967287839
repeated_stratified_kfold,789,3,4,TCGA-CJ-5682-01A,CJ,False,3736.0,1.8111740994931176,0.45106723898691015
repeated_stratified_kfold,789,3,4,TCGA-CZ-4856-01A,CZ,False,18.0,0.031028606467697378,-1.3128864094461055
repeated_stratified_kfold,789,3,4,TCGA-CZ-4857-01A,CZ,True,1432.0,1.6885062287024069,1.7324306958446714
repeated_stratified_kfold,789,3,4,TCGA-CZ-4858-01A,CZ,True,2105.0,-0.3943625429828946,0.8105510810262253
repeated_stratified_kfold,789,3,4,TCGA-CZ-4859-01A,CZ,False,1787.0,-0.06097229662533568,-1.592211915546377
repeated_stratified_kfold,789,3,4,TCGA-CZ-4862-01A,CZ,False,3271.0,-0.4917775599119351,-0.8278811735061259
repeated_stratified_kfold,789,3,4,TCGA-CZ-4863-01A,CZ,False,1928.0,0.4991032354422326,-0.31951850386482783
repeated_stratified_kfold,789,3,4,TCGA-CZ-5453-01A,CZ,True,2419.0,0.46431255255208065,-0.40308922708121975
repeated_stratified_kfold,789,3,4,TCGA-CZ-5458-01A,CZ,False,2789.0,0.22163281064402163,-0.996225236531037
repeated_stratified_kfold,789,3,4,TCGA-CZ-5459-01A,CZ,False,1683.0,0.8349721645975754,0.4854245444660148
repeated_stratified_kfold,789,3,4,TCGA-CZ-5461-01A,CZ,True,330.0,1.5658383579116961,0.602630110491112
repeated_stratified_kfold,789,3,4,TCGA-CZ-5466-01A,CZ,False,685.0,0.9576400353882861,-0.21568026999020518
repeated_stratified_kfold,789,3,4,TCGA-CZ-5470-01A,CZ,False,386.0,0.6497820742572585,-0.2761968479919675
repeated_stratified_kfold,789,3,4,TCGA-CZ-5986-01A,CZ,False,373.0,-0.031773044446769795,-1.0435141958633696
repeated_stratified_kfold,789,3,4,TCGA-DV-5576-01A,DV,True,727.0,-0.18364016741604644,-0.6554457487161744
repeated_stratified_kfold,789,3,4,TCGA-DV-A4W0-01A,DV,False,2470.0,-0.2157748506328359,-0.9690654833886734
repeated_stratified_kfold,789,3,4,TCGA-G6-A5PC-01A,G6,True,242.0,1.6593069765238408,0.6655148631431846
repeated_stratified_kfold,789,3,4,TCGA-MM-A564-01A,MM,False,607.0,0.49497952024975833,0.33796081620383056
repeated_stratified_kfold,1011,4,0,TCGA-A3-3307-01A,A3,False,1436.0,1.1664973317980007,0.013749802747342499
repeated_stratified_kfold,1011,4,0,TCGA-A3-3320-01A,A3,False,1508.0,-0.30626822244115093,-1.2134085604102252
repeated_stratified_kfold,1011,4,0,TCGA-A3-3322-01A,A3,False,1478.0,-0.37813185420493717,-1.0045632005401441
repeated_stratified_kfold,1011,4,0,TCGA-A3-3324-01A,A3,False,1186.0,-0.37813185420493717,-0.988761778111209
repeated_stratified_kfold,1011,4,0,TCGA-A3-3335-01A,A3,False,1886.0,-0.27884007735187477,-0.704457248312064
repeated_stratified_kfold,1011,4,0,TCGA-A3-3358-01A,A3,False,1307.0,-0.12938201532399252,-0.7017828084490009
repeated_stratified_kfold,1011,4,0,TCGA-A3-3380-01A,A3,False,567.0,-0.2720001299346422,-0.78874261435981
repeated_stratified_kfold,1011,4,0,TCGA-A3-3385-01A,A3,False,1993.0,-0.5185316709817409,-1.3252523963835847
repeated_stratified_kfold,1011,4,0,TCGA-A3-A6NI-01A,A3,False,1018.0,-0.5196408198986638,-1.1128585573722132
repeated_stratified_kfold,1011,4,0,TCGA-A3-A6NN-01A,A3,False,3.0,0.577053664227718,-0.20693626733343234
repeated_stratified_kfold,1011,4,0,TCGA-AK-3425-01A,AK,False,3343.0,0.22328124999340127,0.07902081146974649
repeated_stratified_kfold,1011,4,0,TCGA-AK-3445-01A,AK,False,2392.0,1.2726290560682956,0.7288595241801455
repeated_stratified_kfold,1011,4,0,TCGA-AK-3460-01A,AK,False,2508.0,-0.13049116424091547,-0.8783702079892985
repeated_stratified_kfold,1011,4,0,TCGA-AS-3778-01A,AS,False,43.0,-0.9441677169798439,-1.7069975993568143
repeated_stratified_kfold,1011,4,0,TCGA-B0-4691-01A,B0,True,139.0,1.7587480995658435,1.6319408353642273
repeated_stratified_kfold,1011,4,0,TCGA-B0-4701-01A,B0,True,238.0,2.1843841455639468,1.653433752667695
repeated_stratified_kfold,1011,4,0,TCGA-B0-4703-01A,B0,True,182.0,1.6172391338721168,1.8987220386590296
repeated_stratified_kfold,1011,4,0,TCGA-B0-4706-01A,B0,True,65.0,0.9896111246808423,0.5221048432433556
repeated_stratified_kfold,1011,4,0,TCGA-B0-4707-01A,B0,True,600.0,1.0603656075277057,0.7928843582413768
repeated_stratified_kfold,1011,4,0,TCGA-B0-4810-01A,B0,True,478.0,0.4943297447527989,0.31123672414497283
repeated_stratified_kfold,1011,4,0,TCGA-B0-4833-01A,B0,True,2386.0,0.7550490202617993,0.15623659137996992
repeated_stratified_kfold,1011,4,0,TCGA-B0-4842-01A,B0,True,1724.0,1.450624412102377,1.0801117487487137
repeated_stratified_kfold,1011,4,0,TCGA-B0-4844-01A,B0,True,313.0,1.935634306683002,1.0850037900103557
repeated_stratified_kfold,1011,4,0,TCGA-B0-4845-01A,B0,True,1986.0,2.289406720917319,1.7437306479032775
repeated_stratified_kfold,1011,4,0,TCGA-B0-4847-01A,B0,True,793.0,1.935634306683002,1.1724613472909984
repeated_stratified_kfold,1011,4,0,TCGA-B0-5083-01A,B0,True,1045.0,0.0463950428762429,-0.30349669148875
repeated_stratified_kfold,1011,4,0,TCGA-B0-5088-01A,B0,True,563.0,-0.30737737135807386,-0.8793635963059445
repeated_stratified_kfold,1011,4,0,TCGA-B0-5106-01A,B0,True,1598.0,0.08177228429967456,-0.384558229006444
repeated_stratified_kfold,1011,4,0,TCGA-B0-5107-01A,B0,True,927.0,2.149006904140515,2.077254423708512
repeated_stratified_kfold,1011,4,0,TCGA-B0-5109-01A,B0,True,587.0,1.2726290560682956,1.3887186204140254
repeated_stratified_kfold,1011,4,0,TCGA-B0-5119-01A,B0,False,1552.0,0.012126950369734173,-1.1531529523049024
repeated_stratified_kfold,1011,4,0,TCGA-B0-5399-01A,B0,False,1411.0,-0.5550180613220955,-1.2347490786696107
repeated_stratified_kfold,1011,4,0,TCGA-B0-5699-01A,B0,False,3841.0,-0.30737737135807386,-1.5164325072265483
repeated_stratified_kfold,1011,4,0,TCGA-B0-5706-01A,B0,False,3205.0,-0.13733111165814815,-0.20775634297318246
repeated_stratified_kfold,1011,4,0,TCGA-B0-5710-01A,B0,False,2430.0,-0.16586840566434713,-0.9098059436872958
repeated_stratified_kfold,1011,4,0,TCGA-B0-5711-01A,B0,False,3989.0,0.6004614690230938,-0.4938232312313834
repeated_stratified_kfold,1011,4,0,TCGA-B2-3923-01A,B2,False,992.0,0.3579502682698953,0.24554518902307776
repeated_stratified_kfold,1011,4,0,TCGA-B2-5633-01A,B2,False,963.0,-0.2012456470877788,-0.6196307880780428
repeated_stratified_kfold,1011,4,0,TCGA-B2-5635-01A,B2,False,755.0,0.4355446985339913,-0.12897152890458602
repeated_stratified_kfold,1011,4,0,TCGA-B4-5832-01A,B4,False,155.0,1.131120090374569,0.33072164536568927
repeated_stratified_kfold,1011,4,0,TCGA-B4-5836-01A,B4,False,141.0,0.012126950369734173,-0.6929096782646453
repeated_stratified_kfold,1011,4,0,TCGA-B8-4146-01B,B8,False,511.0,-0.6954178780988992,-1.5911642897429137
repeated_stratified_kfold,1011,4,0,TCGA-B8-4148-01A,B8,False,1520.0,0.08288143321659752,-0.7999861970143067
repeated_stratified_kfold,1011,4,0,TCGA-B8-4151-01A,B8,False,1299.0,0.6723251007868802,-0.6497448252174416
repeated_stratified_kfold,1011,4,0,TCGA-B8-4153-01B,B8,False,762.0,1.449515263185454,0.31369848280731527
repeated_stratified_kfold,1011,4,0,TCGA-B8-4619-01A,B8,False,523.0,-0.13049116424091547,-0.07599138438846831
repeated_stratified_kfold,1011,4,0,TCGA-B8-4622-01A,B8,False,1525.0,1.829502582412707,0.9526556397334417
repeated_stratified_kfold,1011,4,0,TCGA-B8-5164-01A,B8,False,26.0,1.131120090374569,-0.05154580628023547
repeated_stratified_kfold,1011,4,0,TCGA-B8-5549-01A,B8,False,194.0,-0.30737737135807386,-0.905521939328105
repeated_stratified_kfold,1011,4,0,TCGA-B8-5550-01A,B8,False,1476.0,1.343383538915159,0.8927879763220025
repeated_stratified_kfold,1011,4,0,TCGA-B8-A54F-01A,B8,False,519.0,-0.4123999467114459,-0.5577159479499476
repeated_stratified_kfold,1011,4,0,TCGA-B8-A54G-01A,B8,False,53.0,-0.41350909562836885,-1.3567145311218995
repeated_stratified_kfold,1011,4,0,TCGA-B8-A54K-01A,B8,False,469.0,-0.02435943997062045,-0.03943868985284005
repeated_stratified_kfold,1011,4,0,TCGA-B8-A7U6-01A,B8,False,495.0,-0.23551373959428754,-1.198404020309256
repeated_stratified_kfold,1011,4,0,TCGA-BP-4159-01A,BP,True,2601.0,0.2940357328402646,-0.42190567976104787
repeated_stratified_kfold,1011,4,0,TCGA-BP-4162-01A,BP,False,3074.0,0.15363591606346086,-0.6251357830816325
repeated_stratified_kfold,1011,4,0,TCGA-BP-4164-01A,BP,True,992.0,0.6723251007868802,-0.1376176199389556
repeated_stratified_kfold,1011,4,0,TCGA-BP-4165-01A,BP,False,3037.0,0.11825867464002919,-0.5992724229181
repeated_stratified_kfold,1011,4,0,TCGA-BP-4166-01A,BP,False,13.0,1.2726290560682956,0.43689801317133126
repeated_stratified_kfold,1011,4,0,TCGA-BP-4167-01A,BP,False,2718.0,0.918856641833979,0.3089914537949554
repeated_stratified_kfold,1011,4,0,TCGA-BP-4177-01A,BP,False,1670.0,0.11714952572310625,-0.4636397721340946
repeated_stratified_kfold,1011,4,0,TCGA-BP-4341-01A,BP,True,1589.0,1.2018745732214322,0.408666579503694
repeated_stratified_kfold,1011,4,0,TCGA-BP-4346-01A,BP,True,1493.0,0.8481021589871156,0.1848171138185496
repeated_stratified_kfold,1011,4,0,TCGA-BP-4771-01A,BP,True,162.0,2.0063887895298653,1.7509472136027866
repeated_stratified_kfold,1011,4,0,TCGA-BP-4774-01A,BP,False,1885.0,-0.12938201532399252,-0.8791691394541998
repeated_stratified_kfold,1011,4,0,TCGA-BP-4777-01A,BP,False,1731.0,-0.5550180613220955,-1.4687807388601606
repeated_stratified_kfold,1011,4,0,TCGA-BP-4782-01A,BP,False,354.0,-0.20013649817085585,-0.750890785024031
repeated_stratified_kfold,1011,4,0,TCGA-BP-4804-01A,BP,False,1459.0,-0.09511392281748379,-0.5957475041175919
repeated_stratified_kfold,1011,4,0,TCGA-BP-4807-01A,BP,False,211.0,-0.6965270270158223,-1.5999082925500252
repeated_stratified_kfold,1011,4,0,TCGA-BP-4959-01A,BP,False,2660.0,-0.44888633705180053,-1.1956569798116115
repeated_stratified_kfold,1011,4,0,TCGA-BP-5008-01A,BP,False,1071.0,-0.5550180613220955,-1.1433068727743683
repeated_stratified_kfold,1011,4,0,TCGA-BP-5174-01A,BP,False,2257.0,-0.5539089124051726,-1.217547219812774
repeated_stratified_kfold,1011,4,0,TCGA-BP-5176-01A,BP,True,1590.0,0.6135400545680726,-0.12073496620987534
repeated_stratified_kfold,1011,4,0,TCGA-BP-5198-01A,BP,False,603.0,1.3787607803385908,0.5541329224990766
repeated_stratified_kfold,1011,4,0,TCGA-CJ-4636-01A,CJ,False,1924.0,0.6358387104465255,0.20158791124422004
repeated_stratified_kfold,1011,4,0,TCGA-CJ-4637-01A,CJ,True,2227.0,1.6891027656359032,1.592189331886941
repeated_stratified_kfold,1011,4,0,TCGA-CJ-4638-01A,CJ,True,431.0,1.4768393170953131,0.9331253947456591
repeated_stratified_kfold,1011,4,0,TCGA-CJ-4639-01A,CJ,False,3229.0,0.040664244375933134,-0.9080659915703445
repeated_stratified_kfold,1011,4,0,TCGA-CJ-4640-01A,CJ,False,3480.0,0.5650842275996621,-0.21778032924824298
repeated_stratified_kfold,1011,4,0,TCGA-CJ-4643-01A,CJ,False,1793.0,0.6774545899977032,-0.21366691215188943
repeated_stratified_kfold,1011,4,0,TCGA-CJ-4871-01A,CJ,False,2423.0,2.041766030953297,1.7185981821018785
repeated_stratified_kfold,1011,4,0,TCGA-CJ-4872-01A,CJ,False,1435.0,-0.37813185420493717,-0.8036113276804682
repeated_stratified_kfold,1011,4,0,TCGA-CJ-4878-01A,CJ,False,2186.0,1.3798699292555137,0.5530557755801765
repeated_stratified_kfold,1011,4,0,TCGA-CJ-4884-01A,CJ,False,1759.0,1.4152471706789453,0.4053470846451128
repeated_stratified_kfold,1011,4,0,TCGA-CJ-4885-01A,CJ,False,3451.0,2.0771432723767287,1.14835414099934
repeated_stratified_kfold,1011,4,0,TCGA-CJ-4890-01A,CJ,False,3519.0,2.360161203764182,1.865048257958906
repeated_stratified_kfold,1011,4,0,TCGA-CJ-4903-01A,CJ,False,1560.0,-0.41350909562836885,-0.9580482058024542
repeated_stratified_kfold,1011,4,0,TCGA-CJ-4905-01A,CJ,False,1496.0,0.04750419179316585,-0.757010533160281
repeated_stratified_kfold,1011,4,0,TCGA-CJ-5672-01A,CJ,True,1972.0,0.789317112768308,0.06748238168242715
repeated_stratified_kfold,1011,4,0,TCGA-CJ-5675-01A,CJ,False,3936.0,0.7470999239276436,-0.42771328255061974
repeated_stratified_kfold,1011,4,0,TCGA-CJ-5677-01A,CJ,True,782.0,1.7598572484827666,1.5312692975390463
repeated_stratified_kfold,1011,4,0,TCGA-CJ-5684-01A,CJ,False,2231.0,0.9896111246808423,-0.1358121623498041
repeated_stratified_kfold,1011,4,0,TCGA-CJ-6030-01A,CJ,True,2299.0,0.11714952572310625,-0.08420500758781235
repeated_stratified_kfold,1011,4,0,TCGA-CJ-6031-01A,CJ,False,1906.0,-0.2720001299346422,-0.8740539509483
repeated_stratified_kfold,1011,4,0,TCGA-CJ-6033-01A,CJ,True,224.0,1.7598572484827666,1.2027083651905661
repeated_stratified_kfold,1011,4,0,TCGA-CW-5584-01A,CW,True,164.0,1.449515263185454,0.342556249251608
repeated_stratified_kfold,1011,4,0,TCGA-CW-5587-01A,CW,False,2226.0,1.0614747564446285,-0.04808975478030325
repeated_stratified_kfold,1011,4,0,TCGA-CZ-4856-01A,CZ,False,18.0,0.04750419179316585,-0.9230866556760122
repeated_stratified_kfold,1011,4,0,TCGA-CZ-4860-01A,CZ,True,206.0,1.935634306683002,1.9386686077526942
repeated_stratified_kfold,1011,4,0,TCGA-CZ-4864-01A,CZ,True,1315.0,1.3131357867025504,0.48356211860529574
repeated_stratified_kfold,1011,4,0,TCGA-CZ-5452-01A,CZ,False,1789.0,0.711722682504212,-0.5071276032073357
repeated_stratified_kfold,1011,4,0,TCGA-CZ-5461-01A,CZ,True,330.0,1.6526163752955485,0.8820429062096579
repeated_stratified_kfold,1011,4,0,TCGA-CZ-5462-01A,CZ,True,311.0,2.7493108594219304,2.3068707269601356
repeated_stratified_kfold,1011,4,0,TCGA-CZ-5465-01A,CZ,True,2564.0,1.556756136372672,0.35016240980344204
repeated_stratified_kfold,1011,4,0,TCGA-CZ-5466-01A,CZ,False,685.0,1.2018745732214322,0.2898446159929263
repeated_stratified_kfold,1011,4,0,TCGA-MM-A84U-01A,MM,False,700.0,-0.09400477390056085,-0.17767100700466276
repeated_stratified_kfold,1011,4,1,TCGA-A3-3308-01A,A3,False,16.0,1.5176821784668206,1.0940991534965652
repeated_stratified_kfold,1011,4,1,TCGA-A3-3311-01A,A3,True,1191.0,-0.06989857415395798,-0.6011416239145629
repeated_stratified_kfold,1011,4,1,TCGA-A3-3319-01A,A3,False,1130.0,0.3836975819467359,0.07514855948706245
repeated_stratified_kfold,1011,4,1,TCGA-A3-3326-01A,A3,False,1137.0,-0.4188186942314149,-1.0984293610735927
repeated_stratified_kfold,1011,4,1,TCGA-A3-3329-01A,A3,False,1624.0,0.5581576419854645,-0.1936942802353132
repeated_stratified_kfold,1011,4,1,TCGA-A3-3346-01A,A3,True,137.0,0.3139135579312446,0.11275360643871113
repeated_stratified_kfold,1011,4,1,TCGA-A3-3351-01A,A3,False,910.0,-0.3240531190935668,-1.1033927804919008
repeated_stratified_kfold,1011,4,1,TCGA-A3-3357-01A,A3,False,2688.0,0.3737871210613469,-0.40195831704434104
repeated_stratified_kfold,1011,4,1,TCGA-A3-3370-01A,A3,False,2274.0,-0.43305688662095715,-1.0500861679678168
repeated_stratified_kfold,1011,4,1,TCGA-A3-3373-01A,A3,False,1621.0,-0.22370481457448305,-0.9468396172537112
repeated_stratified_kfold,1011,4,1,TCGA-A3-3376-01A,A3,True,1696.0,-0.2792506462004321,-0.9568057432882244
repeated_stratified_kfold,1011,4,1,TCGA-A3-3382-01A,A3,False,574.0,0.3488055699389903,-0.0489695488045615
repeated_stratified_kfold,1011,4,1,TCGA-A3-A6NJ-01A,A3,False,468.0,-0.11902877855124597,-0.8164933777839638
repeated_stratified_kfold,1011,4,1,TCGA-A3-A8OV-01A,A3,False,340.0,0.5581576419854645,-0.10046135567241599
repeated_stratified_kfold,1011,4,1,TCGA-A3-A8OW-01A,A3,False,323.0,0.1711319025542809,-0.7596835056541231
repeated_stratified_kfold,1011,4,1,TCGA-AK-3433-01A,AK,False,3409.0,-0.16383125144438065,-0.20984640120824027
repeated_stratified_kfold,1011,4,1,TCGA-AK-3447-01A,AK,False,1217.0,1.1065193732240064,0.8542760694430626
repeated_stratified_kfold,1011,4,1,TCGA-AK-3455-01A,AK,True,683.0,1.3083301064203463,0.639758032644821
repeated_stratified_kfold,1011,4,1,TCGA-AK-3461-01A,AK,False,2217.0,0.4534816059622273,-0.1165624001526101
repeated_stratified_kfold,1011,4,1,TCGA-B0-4690-01A,B0,True,43.0,2.1522409898536536,1.8610554179788776
repeated_stratified_kfold,1011,4,1,TCGA-B0-4693-01A,B0,True,77.0,1.3432221184280921,0.5926868393421633
repeated_stratified_kfold,1011,4,1,TCGA-B0-4699-01A,B0,True,110.0,2.4662690979233646,2.5147972419350464
repeated_stratified_kfold,1011,4,1,TCGA-B0-4700-01A,B0,True,1980.0,1.9777809298149251,1.420163120655341
repeated_stratified_kfold,1011,4,1,TCGA-B0-4714-01A,B0,True,99.0,2.7105131819775847,1.971304393103869
repeated_stratified_kfold,1011,4,1,TCGA-B0-4718-01A,B0,False,1778.0,0.8689721427091948,0.4001847208789059
repeated_stratified_kfold,1011,4,1,TCGA-B0-4816-01A,B0,True,1371.0,-0.079809035039347,-0.7775918391737832
repeated_stratified_kfold,1011,4,1,TCGA-B0-4817-01A,B0,True,1019.0,1.7063804308950912,1.2151148329024721
repeated_stratified_kfold,1011,4,1,TCGA-B0-4839-01A,B0,True,1639.0,0.6834874976269049,0.18410858878623393
repeated_stratified_kfold,1011,4,1,TCGA-B0-4846-01A,B0,True,1200.0,1.6986448337529596,0.8592815109253688
repeated_stratified_kfold,1011,4,1,TCGA-B0-4849-01A,B0,True,69.0,0.6596200706627207,-0.08040216593230248
repeated_stratified_kfold,1011,4,1,TCGA-B0-5077-01A,B0,True,1317.0,0.6279416660009558,0.009260712800370385
repeated_stratified_kfold,1011,4,1,TCGA-B0-5096-01A,B0,True,68.0,1.3432221184280921,1.3056869780882638
repeated_stratified_kfold,1011,4,1,TCGA-B0-5102-01A,B0,True,2764.0,0.4741354255804307,-0.14282210132762263
repeated_stratified_kfold,1011,4,1,TCGA-B0-5115-01A,B0,False,1604.0,1.3846167256832485,0.568952142924093
repeated_stratified_kfold,1011,4,1,TCGA-B0-5121-01A,B0,False,1485.0,-0.10479058616170367,-0.8096320353617822
repeated_stratified_kfold,1011,4,1,TCGA-B0-5400-01A,B0,False,1733.0,0.8896259623273981,0.4412317105566068
repeated_stratified_kfold,1011,4,1,TCGA-B0-5402-01A,B0,False,1290.0,2.117348977845908,1.2391420294841473
repeated_stratified_kfold,1011,4,1,TCGA-B0-5690-01A,B0,False,3392.0,-0.2585968265822287,-0.9631531884528823
repeated_stratified_kfold,1011,4,1,TCGA-B0-5691-01A,B0,False,3431.0,0.19499932951846521,-0.36725944045006065
repeated_stratified_kfold,1011,4,1,TCGA-B0-5695-01A,B0,False,2150.0,0.020539269479736777,-0.6231515444660728
repeated_stratified_kfold,1011,4,1,TCGA-B0-5696-01A,B0,False,2609.0,1.287676286802143,0.44832326712891124
repeated_stratified_kfold,1011,4,1,TCGA-B2-3924-01A,B2,False,1092.0,0.48837361796997303,-0.16791370747168155
repeated_stratified_kfold,1011,4,1,TCGA-B2-4098-01A,B2,True,51.0,0.4043514015649393,0.1854791897874527
repeated_stratified_kfold,1011,4,1,TCGA-B2-4099-01A,B2,False,972.0,0.8372937380474299,0.10029145846544563
repeated_stratified_kfold,1011,4,1,TCGA-B2-4102-01A,B2,False,952.0,0.06966947387702477,-0.6096077658610694
repeated_stratified_kfold,1011,4,1,TCGA-B2-A4SR-01A,B2,False,507.0,0.33889510905360126,-0.49526995136039237
repeated_stratified_kfold,1011,4,1,TCGA-B4-5378-01A,B4,False,175.0,0.10456148588477045,-0.269542338014923
repeated_stratified_kfold,1011,4,1,TCGA-B8-4620-01A,B8,False,777.0,1.2734380944126007,0.8247756338293667
repeated_stratified_kfold,1011,4,1,TCGA-B8-5165-01A,B8,False,737.0,-0.5583867422623976,-1.239966274535353
repeated_stratified_kfold,1011,4,1,TCGA-B8-A54D-01A,B8,False,830.0,1.287676286802143,0.6387695423020022
repeated_stratified_kfold,1011,4,1,TCGA-B8-A54E-01A,B8,False,909.0,0.05543128148748246,-0.13829191946008879
repeated_stratified_kfold,1011,4,1,TCGA-BP-4161-01A,BP,False,2746.0,0.5232656299777186,-0.06654875426321827
repeated_stratified_kfold,1011,4,1,TCGA-BP-4325-01A,BP,False,2964.0,0.12521530550297386,-0.5614612555552804
repeated_stratified_kfold,1011,4,1,TCGA-BP-4335-01A,BP,True,475.0,2.1031107854563658,1.4903338132317234
repeated_stratified_kfold,1011,4,1,TCGA-BP-4338-01A,BP,False,2859.0,-0.5583867422623976,-0.8183378178928893
repeated_stratified_kfold,1011,4,1,TCGA-BP-4345-01A,BP,False,1516.0,1.0434322027479233,0.5257388504659731
repeated_stratified_kfold,1011,4,1,TCGA-BP-4761-01A,BP,False,182.0,0.8689721427091948,0.6338455079573052
repeated_stratified_kfold,1011,4,1,TCGA-BP-4769-01A,BP,False,1876.0,0.13945349789251613,-0.09738654451141682
repeated_stratified_kfold,1011,4,1,TCGA-BP-4770-01A,BP,True,329.0,2.382246881518331,2.253687674598861
repeated_stratified_kfold,1011,4,1,TCGA-BP-4787-01A,BP,True,480.0,1.8937587134098914,1.4653871586344294
repeated_stratified_kfold,1011,4,1,TCGA-BP-4963-01A,BP,False,1834.0,0.13945349789251613,-0.5425116957174637
repeated_stratified_kfold,1011,4,1,TCGA-BP-4964-01A,BP,False,1862.0,-0.22370481457448305,-0.8123574266501419
repeated_stratified_kfold,1011,4,1,TCGA-BP-4975-01A,BP,False,1433.0,-0.6630627782856346,-1.3637136647561916
repeated_stratified_kfold,1011,4,1,TCGA-BP-4977-01A,BP,False,454.0,-0.06989857415395798,-0.6778187534031456
repeated_stratified_kfold,1011,4,1,TCGA-BP-4981-01A,BP,True,1097.0,1.4478981544513292,0.7313121459542892
repeated_stratified_kfold,1011,4,1,TCGA-BP-4982-01A,BP,False,1014.0,-0.5932787542701433,-1.3468210584234235
repeated_stratified_kfold,1011,4,1,TCGA-BP-4995-01A,BP,False,1371.0,0.3139135579312446,-0.3230995800321922
repeated_stratified_kfold,1011,4,1,TCGA-BP-4999-01A,BP,False,1266.0,-0.10479058616170367,-0.8100826201693369
repeated_stratified_kfold,1011,4,1,TCGA-BP-5009-01A,BP,True,1092.0,-0.24435863419268644,-0.7353857149630842
repeated_stratified_kfold,1011,4,1,TCGA-BP-5168-01A,BP,True,1463.0,0.5581576419854645,-0.16702226919429886
repeated_stratified_kfold,1011,4,1,TCGA-BP-5170-01A,BP,False,2412.0,-0.13968259816944936,-0.6527576466273841
repeated_stratified_kfold,1011,4,1,TCGA-BP-5178-01A,BP,True,1912.0,2.3615930619001277,1.7411146270251558
repeated_stratified_kfold,1011,4,1,TCGA-BP-5183-01A,BP,False,1291.0,0.8689721427091948,0.0668957575494814
repeated_stratified_kfold,1011,4,1,TCGA-BP-5187-01A,BP,False,406.0,-0.17457461017719506,-0.7292583665780424
repeated_stratified_kfold,1011,4,1,TCGA-BP-5194-01A,BP,False,408.0,-0.6979547902933804,-1.494164012212841
repeated_stratified_kfold,1011,4,1,TCGA-BP-5195-01A,BP,False,749.0,0.5581576419854645,-0.004009621909671912
repeated_stratified_kfold,1011,4,1,TCGA-BP-5196-01A,BP,False,1018.0,-0.20946662218494072,-0.3239555855280358
repeated_stratified_kfold,1011,4,1,TCGA-BP-5202-01A,BP,False,29.0,1.4970283588486173,0.5929111780896471
repeated_stratified_kfold,1011,4,1,TCGA-CJ-4644-01A,CJ,True,336.0,1.5099465813246888,0.8689738295139439
repeated_stratified_kfold,1011,4,1,TCGA-CJ-4870-01A,CJ,False,1498.0,0.8547339503196524,0.1097519511673446
repeated_stratified_kfold,1011,4,1,TCGA-CJ-4873-01A,CJ,False,1776.0,1.796818274528786,1.4712278410367086
repeated_stratified_kfold,1011,4,1,TCGA-CJ-4881-01A,CJ,False,2014.0,0.3106999505852637,-0.10682430669827836
repeated_stratified_kfold,1011,4,1,TCGA-CJ-4891-01A,CJ,True,819.0,0.8198419383119068,0.5935746352706325
repeated_stratified_kfold,1011,4,1,TCGA-CJ-4895-01A,CJ,True,1200.0,2.0475649538304164,1.484220764344383
repeated_stratified_kfold,1011,4,1,TCGA-CJ-5678-01A,CJ,True,574.0,2.0475649538304164,1.2750567591440474
repeated_stratified_kfold,1011,4,1,TCGA-CJ-5680-01A,CJ,True,768.0,2.1031107854563658,1.3024326270107096
repeated_stratified_kfold,1011,4,1,TCGA-CJ-5686-01A,CJ,False,2038.0,-0.049244754535754595,-0.6383575641448295
repeated_stratified_kfold,1011,4,1,TCGA-CW-5581-01A,CW,False,2799.0,-0.5234947302546519,-1.2151312328791386
repeated_stratified_kfold,1011,4,1,TCGA-CW-5588-01A,CW,False,2017.0,0.6137034736114134,0.3311128738375271
repeated_stratified_kfold,1011,4,1,TCGA-CW-5590-01A,CW,True,1075.0,1.663752821745214,0.996110593701839
repeated_stratified_kfold,1011,4,1,TCGA-CW-5591-01A,CW,False,2271.0,1.8382128817839423,1.1369432951439884
repeated_stratified_kfold,1011,4,1,TCGA-CW-6090-01A,CW,False,2552.0,0.3139135579312446,-0.12932966664727236
repeated_stratified_kfold,1011,4,1,TCGA-CW-6097-01A,CW,True,571.0,-0.0033281574844474804,-0.4089558346825293
repeated_stratified_kfold,1011,4,1,TCGA-CZ-4853-01A,CZ,False,774.0,0.8024017260396842,0.002876959567597648
repeated_stratified_kfold,1011,4,1,TCGA-CZ-5459-01A,CZ,False,1683.0,1.0783242147556689,0.4051614417508682
repeated_stratified_kfold,1011,4,1,TCGA-CZ-5460-01A,CZ,False,2873.0,1.8033208697761967,0.9801182284345297
repeated_stratified_kfold,1011,4,1,TCGA-CZ-5469-01A,CZ,True,946.0,-0.35894513110131254,-0.6721712656579839
repeated_stratified_kfold,1011,4,1,TCGA-CZ-5987-01A,CZ,True,445.0,1.9777809298149251,1.3052233199507195
repeated_stratified_kfold,1011,4,1,TCGA-CZ-5988-01A,CZ,False,693.0,-0.7328468023011261,-1.2881357925884966
repeated_stratified_kfold,1011,4,1,TCGA-CZ-5989-01A,CZ,False,1905.0,0.3040030970458556,-0.5297150648082042
repeated_stratified_kfold,1011,4,1,TCGA-DV-5569-01A,DV,False,355.0,-1.0960051147681251,-1.7511803090884346
repeated_stratified_kfold,1011,4,1,TCGA-DV-A4VX-01A,DV,True,1626.0,1.9428889178071795,1.3958434848097738
repeated_stratified_kfold,1011,4,1,TCGA-GK-A6C7-01A,GK,False,61.0,0.5439194495959221,-0.07648283712411358
repeated_stratified_kfold,1011,4,1,TCGA-MM-A563-01A,MM,False,591.0,1.929715936685315,-0.4201408275754267
repeated_stratified_kfold,1011,4,1,TCGA-MM-A564-01A,MM,False,607.0,0.583139193107821,0.2065366702401552
repeated_stratified_kfold,1011,4,1,TCGA-T7-A92I-01A,T7,False,356.0,-0.46794889862870287,-0.7049205972080745
repeated_stratified_kfold,1011,4,2,TCGA-A3-3306-01A,A3,False,1120.0,0.05190907051101715,-0.5384502616733788
repeated_stratified_kfold,1011,4,2,TCGA-A3-3313-01A,A3,True,735.0,-0.20216085302680234,-0.6924826216357123
repeated_stratified_kfold,1011,4,2,TCGA-A3-3325-01A,A3,True,1170.0,-0.42447203612239437,-1.0592395046837666
repeated_stratified_kfold,1011,4,2,TCGA-A3-3331-01A,A3,False,1257.0,0.8041042792819287,0.18782259952556635
repeated_stratified_kfold,1011,4,2,TCGA-A3-3343-01A,A3,False,945.0,0.896896403023195,0.13547812590835062
repeated_stratified_kfold,1011,4,2,TCGA-A3-3347-01A,A3,True,1610.0,1.2696932864837653,1.013041245947067
repeated_stratified_kfold,1011,4,2,TCGA-A3-3349-01A,A3,False,1385.0,-0.8473502237138978,-1.3379553452959643
repeated_stratified_kfold,1011,4,2,TCGA-A3-3362-01A,A3,False,1559.0,-0.021622972215984554,-0.5927468477669807
repeated_stratified_kfold,1011,4,2,TCGA-A3-3363-01A,A3,False,319.0,-0.02410706980140065,-0.3659947819427341
repeated_stratified_kfold,1011,4,2,TCGA-A3-3374-01A,A3,False,1314.0,-0.30745163619603144,-0.3901606028994353
repeated_stratified_kfold,1011,4,2,TCGA-A3-3383-01A,A3,False,861.0,-0.42447203612239437,-0.9316544683636107
repeated_stratified_kfold,1011,4,2,TCGA-A3-3387-01A,A3,False,617.0,-0.5197482574490766,-0.9041361549215934
repeated_stratified_kfold,1011,4,2,TCGA-AK-3427-01A,AK,False,3583.0,-0.011608410373437739,-0.17805778775215436
repeated_stratified_kfold,1011,4,2,TCGA-AK-3429-01A,AK,False,3328.0,0.2517070323360995,-0.3634239472810921
repeated_stratified_kfold,1011,4,2,TCGA-AK-3436-01A,AK,False,3331.0,1.244174543779728,0.8164830643965172
repeated_stratified_kfold,1011,4,2,TCGA-AK-3443-01A,AK,False,1423.0,-0.1829007720125378,-0.582309253844737
repeated_stratified_kfold,1011,4,2,TCGA-AK-3444-01A,AK,False,1471.0,0.613551836628564,-0.009175443111910653
repeated_stratified_kfold,1011,4,2,TCGA-AK-3451-01A,AK,False,2868.0,-0.08762455068585556,-0.713264544756242
repeated_stratified_kfold,1011,4,2,TCGA-AK-3458-01A,AK,False,1168.0,-0.5515069978913041,-1.0696048689133986
repeated_stratified_kfold,1011,4,2,TCGA-B0-4694-01A,B0,True,106.0,0.9938791843462654,0.5764350906102096
repeated_stratified_kfold,1011,4,2,TCGA-B0-4696-01A,B0,True,866.0,0.5492568181550814,0.3824384552190566
repeated_stratified_kfold,1011,4,2,TCGA-B0-4712-01A,B0,True,1337.0,2.3874891996999157,2.2397353393619746
repeated_stratified_kfold,1011,4,2,TCGA-B0-4813-01A,B0,True,18.0,0.8668442225773557,0.7503265688273325
repeated_stratified_kfold,1011,4,2,TCGA-B0-4815-01A,B0,True,1588.0,0.7715680012506734,0.4429599294368708
repeated_stratified_kfold,1011,4,2,TCGA-B0-4822-01A,B0,True,1111.0,0.8651376625809677,0.6011724213620279
repeated_stratified_kfold,1011,4,2,TCGA-B0-4824-01A,B0,True,1657.0,-0.3709691170804863,-0.8566431426634225
repeated_stratified_kfold,1011,4,2,TCGA-B0-4828-01A,B0,True,307.0,2.4827654210265977,2.035163969001994
repeated_stratified_kfold,1011,4,2,TCGA-B0-4945-01A,B0,True,2145.0,0.4547581344174269,-0.07320271031964198
repeated_stratified_kfold,1011,4,2,TCGA-B0-5075-01A,B0,True,637.0,1.3014520269259928,0.6773204308594797
repeated_stratified_kfold,1011,4,2,TCGA-B0-5084-01A,B0,True,222.0,1.0218633606841359,1.049304669569254
repeated_stratified_kfold,1011,4,2,TCGA-B0-5085-01A,B0,True,770.0,1.2696932864837653,0.5794961685642982
repeated_stratified_kfold,1011,4,2,TCGA-B0-5100-01A,B0,True,1913.0,0.9938791843462654,0.7646451883459858
repeated_stratified_kfold,1011,4,2,TCGA-B0-5120-01A,B0,False,1169.0,0.3594819130907446,0.007410588697923937
repeated_stratified_kfold,1011,4,2,TCGA-B0-5692-01A,B0,False,3944.0,0.9521058820614912,0.1744579359395254
repeated_stratified_kfold,1011,4,2,TCGA-B0-5694-01A,B0,True,480.0,0.9621204439040381,0.43718864946827174
repeated_stratified_kfold,1011,4,2,TCGA-B0-5697-01A,B0,False,2630.0,-0.4879895170068492,-0.673572903219832
repeated_stratified_kfold,1011,4,2,TCGA-B0-5698-01A,B0,False,3631.0,0.36949647493329146,-0.14867787397495316
repeated_stratified_kfold,1011,4,2,TCGA-B0-5701-01A,B0,False,2461.0,0.7715680012506734,0.28659690417601436
repeated_stratified_kfold,1011,4,2,TCGA-B0-5705-01A,B0,False,4537.0,0.13717072999515262,-0.5177738487631431
repeated_stratified_kfold,1011,4,2,TCGA-B0-5707-01A,B0,False,3744.0,-0.6885565215027606,-0.7883331119943668
repeated_stratified_kfold,1011,4,2,TCGA-B0-5812-01A,B0,False,3834.0,-0.392713295680167,-0.9600544513565369
repeated_stratified_kfold,1011,4,2,TCGA-B4-5834-01A,B4,False,38.0,-0.20216085302680234,-0.8438227191849703
repeated_stratified_kfold,1011,4,2,TCGA-B4-5838-01A,B4,False,166.0,1.88396854512393,-0.11765306218385635
repeated_stratified_kfold,1011,4,2,TCGA-B8-4143-01A,B8,True,709.0,2.2186809356462316,2.1503647985146244
repeated_stratified_kfold,1011,4,2,TCGA-B8-4154-01A,B8,False,1380.0,0.3912406535329721,-0.26535320731876594
repeated_stratified_kfold,1011,4,2,TCGA-B8-5163-01A,B8,False,822.0,0.8568296607348088,0.6587503717883304
repeated_stratified_kfold,1011,4,2,TCGA-B8-5546-01A,B8,False,505.0,-0.7203152619449881,-1.142683304468179
repeated_stratified_kfold,1011,4,2,TCGA-B8-5551-01A,B8,False,16.0,0.13717072999515262,0.08876442636118564
repeated_stratified_kfold,1011,4,2,TCGA-B8-5552-01B,B8,False,1046.0,-0.6250390406183057,-1.1749596857307125
repeated_stratified_kfold,1011,4,2,TCGA-B8-A54I-01A,B8,False,150.0,-0.5515069978913041,-0.5298145482858884
repeated_stratified_kfold,1011,4,2,TCGA-BP-4329-01A,BP,True,845.0,1.0891554056729478,0.40940103924318927
repeated_stratified_kfold,1011,4,2,TCGA-BP-4331-01A,BP,True,2454.0,-0.42447203612239437,-1.007218179462589
repeated_stratified_kfold,1011,4,2,TCGA-BP-4334-01A,BP,True,645.0,0.4857393372706265,0.26244915996880336
repeated_stratified_kfold,1011,4,2,TCGA-BP-4352-01A,BP,True,344.0,2.472750859184051,2.475487582982614
repeated_stratified_kfold,1011,4,2,TCGA-BP-4756-01A,BP,False,374.0,0.04189450866847031,-0.4568142569477691
repeated_stratified_kfold,1011,4,2,TCGA-BP-4759-01A,BP,False,2372.0,-0.4879895170068492,-1.0596932572887314
repeated_stratified_kfold,1011,4,2,TCGA-BP-4776-01A,BP,False,411.0,-0.42447203612239437,-0.9121581795258109
repeated_stratified_kfold,1011,4,2,TCGA-BP-4781-01A,BP,False,2080.0,0.40125521537551895,-0.0838699823887607
repeated_stratified_kfold,1011,4,2,TCGA-BP-4789-01A,BP,False,1489.0,-0.5515069978913041,-1.2246996957957585
repeated_stratified_kfold,1011,4,2,TCGA-BP-4797-01A,BP,False,1107.0,-0.21295295245837698,-0.6858529050465041
repeated_stratified_kfold,1011,4,2,TCGA-BP-4803-01A,BP,False,204.0,1.2161903674418575,0.5881571539238678
repeated_stratified_kfold,1011,4,2,TCGA-BP-4960-01A,BP,False,2172.0,-0.15114203157031036,-0.680566615119182
repeated_stratified_kfold,1011,4,2,TCGA-BP-4970-01A,BP,False,433.0,0.10463445196389731,-0.16446571189457448
repeated_stratified_kfold,1011,4,2,TCGA-BP-4976-01A,BP,False,1632.0,0.36949647493329146,-0.28177793362664416
repeated_stratified_kfold,1011,4,2,TCGA-BP-4988-01A,BP,True,828.0,0.21070277272215426,0.05931590188048891
repeated_stratified_kfold,1011,4,2,TCGA-BP-4989-01A,BP,False,118.0,0.5492568181550814,0.1502424677654528
repeated_stratified_kfold,1011,4,2,TCGA-BP-4991-01A,BP,False,1413.0,-0.3609545552379395,-0.9171477342256924
repeated_stratified_kfold,1011,4,2,TCGA-BP-4992-01A,BP,False,501.0,0.02015033006878969,-0.15774459868871502
repeated_stratified_kfold,1011,4,2,TCGA-BP-4993-01A,BP,False,177.0,-0.23391959346902977,-0.8183222626749161
repeated_stratified_kfold,1011,4,2,TCGA-BP-4994-01A,BP,False,1308.0,-0.3609545552379395,-0.9789544615866737
repeated_stratified_kfold,1011,4,2,TCGA-BP-5177-01A,BP,False,293.0,-0.4662453384071686,-1.0535580881289421
repeated_stratified_kfold,1011,4,2,TCGA-BP-5181-01A,BP,False,1495.0,-0.08514045310043941,-0.8476473253889486
repeated_stratified_kfold,1011,4,2,TCGA-BP-5185-01A,BP,False,1132.0,-0.29743707435348465,-0.8127955054477431
repeated_stratified_kfold,1011,4,2,TCGA-BP-5189-01A,BP,True,822.0,-0.1704021125845749,-0.6612889104669674
repeated_stratified_kfold,1011,4,2,TCGA-BP-5190-01A,BP,False,1011.0,-0.13864337214234748,-0.7753230248566005
repeated_stratified_kfold,1011,4,2,TCGA-CJ-4641-01A,CJ,True,1661.0,1.8693347907817297,1.417088336285563
repeated_stratified_kfold,1011,4,2,TCGA-CJ-4642-01B,CJ,False,3205.0,-0.11938329112808299,-0.417965942297265
repeated_stratified_kfold,1011,4,2,TCGA-CJ-4875-01A,CJ,True,3554.0,2.1016605357198688,1.5472862928797242
repeated_stratified_kfold,1011,4,2,TCGA-CJ-4887-01A,CJ,True,932.0,1.4982444673175475,0.7875225727278611
repeated_stratified_kfold,1011,4,2,TCGA-CJ-4888-01A,CJ,True,1567.0,1.8475906121820491,1.5303803402018845
repeated_stratified_kfold,1011,4,2,TCGA-CJ-4892-01A,CJ,False,1521.0,0.13717072999515262,-0.4223509561617522
repeated_stratified_kfold,1011,4,2,TCGA-CJ-4894-01A,CJ,True,841.0,0.5492568181550814,-0.0863341340714664
repeated_stratified_kfold,1011,4,2,TCGA-CJ-4900-01A,CJ,True,1714.0,2.313957156972914,1.939762720387432
repeated_stratified_kfold,1011,4,2,TCGA-CJ-4902-01A,CJ,False,1520.0,0.6445330394817637,0.07352803746720288
repeated_stratified_kfold,1011,4,2,TCGA-CJ-4904-01A,CJ,False,3302.0,2.028128492992867,1.3357534889216627
repeated_stratified_kfold,1011,4,2,TCGA-CJ-4908-01A,CJ,False,1531.0,-0.8690944023135785,-1.322398391590093
repeated_stratified_kfold,1011,4,2,TCGA-CJ-4912-01A,CJ,False,1657.0,0.3252390750631011,0.12289129342481131
repeated_stratified_kfold,1011,4,2,TCGA-CJ-5671-01A,CJ,False,3987.0,-0.4562307765646218,-0.6783339867415235
repeated_stratified_kfold,1011,4,2,TCGA-CJ-5676-01A,CJ,False,4067.0,0.1999106732905796,-0.308863741481653
repeated_stratified_kfold,1011,4,2,TCGA-CJ-5681-01A,CJ,True,552.0,1.519988645917228,1.1452011909612718
repeated_stratified_kfold,1011,4,2,TCGA-CJ-6032-01A,CJ,False,3639.0,0.5375356963161463,-0.279694970785897
repeated_stratified_kfold,1011,4,2,TCGA-CW-5585-01A,CW,False,2609.0,1.5935206886442297,0.7279065453172396
repeated_stratified_kfold,1011,4,2,TCGA-CW-6088-01A,CW,False,3222.0,-0.1704021125845749,-0.8224473923390339
repeated_stratified_kfold,1011,4,2,TCGA-CW-6093-01A,CW,False,3146.0,0.24246151316438175,-0.3610210151829
repeated_stratified_kfold,1011,4,2,TCGA-CZ-4857-01A,CZ,True,1432.0,1.7523143908553669,1.4995007501442146
repeated_stratified_kfold,1011,4,2,TCGA-CZ-4859-01A,CZ,False,1787.0,-0.05338171265821199,-0.8757175592078458
repeated_stratified_kfold,1011,4,2,TCGA-CZ-4863-01A,CZ,False,1928.0,0.47572477542807967,-0.16508714374771166
repeated_stratified_kfold,1011,4,2,TCGA-CZ-5451-01A,CZ,False,1929.0,0.7381027008120578,-0.1488647713467539
repeated_stratified_kfold,1011,4,2,TCGA-CZ-5464-01A,CZ,False,2128.0,2.1651780166043233,1.5483896460709867
repeated_stratified_kfold,1011,4,2,TCGA-CZ-5467-01A,CZ,True,73.0,1.5872806909060397,0.9849943315401063
repeated_stratified_kfold,1011,4,2,TCGA-CZ-5982-01A,CZ,False,2439.0,-0.05338171265821199,-0.7078824996120382
repeated_stratified_kfold,1011,4,2,TCGA-DV-5567-01A,DV,False,2004.0,-0.6567977810605332,-0.7316144881043913
repeated_stratified_kfold,1011,4,2,TCGA-DV-5575-01A,DV,False,1729.0,-0.275692895753804,-0.8725293058680843
repeated_stratified_kfold,1011,4,2,TCGA-EU-5907-01A,EU,False,127.0,1.2797078483263125,0.8556874052535118
repeated_stratified_kfold,1011,4,2,TCGA-G6-A8L6-01A,G6,True,313.0,1.7205556504131394,1.2187978146354768
repeated_stratified_kfold,1011,4,2,TCGA-G6-A8L8-01A,G6,True,1091.0,0.04189450866847031,-0.45298774753368504
repeated_stratified_kfold,1011,4,3,TCGA-3Z-A93Z-01A,3Z,False,385.0,0.3054868171468152,-0.2978097992655818
repeated_stratified_kfold,1011,4,3,TCGA-A3-3316-01A,A3,False,1493.0,0.04972755529674922,-0.5831834563127658
repeated_stratified_kfold,1011,4,3,TCGA-A3-3323-01A,A3,False,1106.0,-0.20488577354304666,-0.25874392995157114
repeated_stratified_kfold,1011,4,3,TCGA-A3-3365-01A,A3,False,873.0,-0.4281737819698612,-0.9973001912289011
repeated_stratified_kfold,1011,4,3,TCGA-A3-3367-01A,A3,False,2270.0,0.4011816779011643,-0.38378480699616657
repeated_stratified_kfold,1011,4,3,TCGA-A3-3378-01A,A3,False,630.0,0.018402234883767948,-0.17478722694240928
repeated_stratified_kfold,1011,4,3,TCGA-A3-A8CQ-01A,A3,False,3.0,-0.06153428398388408,-0.8887388804547747
repeated_stratified_kfold,1011,4,3,TCGA-AK-3426-01A,AK,True,885.0,0.3850084494539193,0.13495849701245233
repeated_stratified_kfold,1011,4,3,TCGA-AK-3428-01A,AK,False,3728.0,1.1824656224068284,0.12035505303116256
repeated_stratified_kfold,1011,4,3,TCGA-AK-3431-01A,AK,True,2241.0,0.1611807579377954,-0.6447174222429923
repeated_stratified_kfold,1011,4,3,TCGA-AK-3434-01A,AK,False,2087.0,0.4011816779011643,-0.407670694102765
repeated_stratified_kfold,1011,4,3,TCGA-AK-3454-01A,AK,False,874.0,0.7839611209185607,0.4648031528155573
repeated_stratified_kfold,1011,4,3,TCGA-AS-3777-01A,AS,False,1238.0,0.11409709563811704,-0.26222882271380465
repeated_stratified_kfold,1011,4,3,TCGA-B0-4688-01A,B0,True,101.0,1.473363784040572,1.759766850561315
repeated_stratified_kfold,1011,4,3,TCGA-B0-4697-01A,B0,True,578.0,1.4253255520910364,1.0967135734224454
repeated_stratified_kfold,1011,4,3,TCGA-B0-4698-01A,B0,True,42.0,2.398414104665947,2.4026615560522555
repeated_stratified_kfold,1011,4,3,TCGA-B0-4827-01A,B0,True,885.0,1.6129016942290384,1.1664090463939418
repeated_stratified_kfold,1011,4,3,TCGA-B0-4834-01A,B0,True,2090.0,-0.33247892121551215,-0.7745940608875723
repeated_stratified_kfold,1011,4,3,TCGA-B0-4837-01A,B0,True,1378.0,0.11409709563811704,-0.15449052501957844
repeated_stratified_kfold,1011,4,3,TCGA-B0-4838-01A,B0,True,834.0,0.25744858519727953,-0.48613941263510463
repeated_stratified_kfold,1011,4,3,TCGA-B0-4841-01A,B0,True,204.0,2.01563466164855,1.0522414163694451
repeated_stratified_kfold,1011,4,3,TCGA-B0-4852-01A,B0,True,1121.0,0.6715533486276573,0.02752390813347816
repeated_stratified_kfold,1011,4,3,TCGA-B0-5094-01A,B0,True,333.0,1.983736374730434,1.7178771032792732
repeated_stratified_kfold,1011,4,3,TCGA-B0-5095-01A,B0,True,245.0,1.7885330738510394,1.2250930599737266
repeated_stratified_kfold,1011,4,3,TCGA-B0-5108-01A,B0,False,1782.0,0.9272793270618975,0.32319681991368043
repeated_stratified_kfold,1011,4,3,TCGA-B0-5693-01A,B0,False,4074.0,-0.44431372700128047,-1.3304870257910753
repeated_stratified_kfold,1011,4,3,TCGA-B0-5709-01A,B0,False,3974.0,1.1344273904572928,0.5167804516454978
repeated_stratified_kfold,1011,4,3,TCGA-B2-5641-01A,B2,False,656.0,0.624469686327979,0.26059569757232603
repeated_stratified_kfold,1011,4,3,TCGA-B4-5835-01A,B4,False,16.0,0.09795715060669774,-0.2815720401880486
repeated_stratified_kfold,1011,4,3,TCGA-B4-5843-01A,B4,False,11.0,-0.4600720688879775,-1.388785703671557
repeated_stratified_kfold,1011,4,3,TCGA-B8-4621-01A,B8,False,788.0,0.11409709563811704,-0.13203149709179807
repeated_stratified_kfold,1011,4,3,TCGA-B8-5158-01A,B8,False,1218.0,0.9910759008981302,0.2927775380444285
repeated_stratified_kfold,1011,4,3,TCGA-B8-5159-01A,B8,False,722.0,0.0022622898523486463,-0.9325068960079863
repeated_stratified_kfold,1011,4,3,TCGA-B8-5545-01A,B8,False,1525.0,-0.5557669296423265,-1.0987995517939173
repeated_stratified_kfold,1011,4,3,TCGA-B8-A54J-01A,B8,False,528.0,0.14542241605109832,-0.809036210707287
repeated_stratified_kfold,1011,4,3,TCGA-B8-A8YJ-01A,B8,False,431.0,-0.02963599706576772,-0.5197283933408451
repeated_stratified_kfold,1011,4,3,TCGA-BP-4160-01A,BP,False,2881.0,1.3419570569974104,0.5750401062236875
repeated_stratified_kfold,1011,4,3,TCGA-BP-4169-01A,BP,True,701.0,0.6077567747914245,0.13787530954088034
repeated_stratified_kfold,1011,4,3,TCGA-BP-4173-01A,BP,False,1893.0,-0.2692553138844144,-0.738584543856154
repeated_stratified_kfold,1011,4,3,TCGA-BP-4174-01A,BP,False,1879.0,-0.20545874004818176,-1.0736793064948222
repeated_stratified_kfold,1011,4,3,TCGA-BP-4176-01A,BP,False,1955.0,0.1459953825562334,-0.20587397735640123
repeated_stratified_kfold,1011,4,3,TCGA-BP-4326-01A,BP,True,1625.0,-0.2529240054925823,-0.316725651629664
repeated_stratified_kfold,1011,4,3,TCGA-BP-4330-01A,BP,False,1888.0,1.07063081662106,0.23460262777129037
repeated_stratified_kfold,1011,4,3,TCGA-BP-4332-01A,BP,False,1133.0,0.35311016253580296,-0.5452364038212159
repeated_stratified_kfold,1011,4,3,TCGA-BP-4340-01A,BP,True,562.0,0.28934687211539595,-0.7285181882763854
repeated_stratified_kfold,1011,4,3,TCGA-BP-4344-01A,BP,False,1666.0,0.4488383067059778,-0.17390319410385496
repeated_stratified_kfold,1011,4,3,TCGA-BP-4347-01A,BP,False,1367.0,1.565245065424225,0.6949408035623929
repeated_stratified_kfold,1011,4,3,TCGA-BP-4349-01A,BP,False,372.0,0.2255502982791632,-0.5105733416796352
repeated_stratified_kfold,1011,4,3,TCGA-BP-4355-01A,BP,True,953.0,1.0387325297029437,0.1700782842164965
repeated_stratified_kfold,1011,4,3,TCGA-BP-4758-01A,BP,False,2208.0,-0.6195635034785594,-1.1652879881518192
repeated_stratified_kfold,1011,4,3,TCGA-BP-4760-01A,BP,False,2361.0,0.3054868171468152,0.013608032272446446
repeated_stratified_kfold,1011,4,3,TCGA-BP-4762-01A,BP,True,1343.0,-0.5557669296423265,-1.2955795443819684
repeated_stratified_kfold,1011,4,3,TCGA-BP-4763-01A,BP,True,1270.0,0.5764314543784432,-0.1701469927036477
repeated_stratified_kfold,1011,4,3,TCGA-BP-4765-01A,BP,False,2184.0,-0.5238686427242102,-1.3558031179417063
repeated_stratified_kfold,1011,4,3,TCGA-BP-4766-01A,BP,False,1462.0,-0.5719068746737459,-1.5283999356661817
repeated_stratified_kfold,1011,4,3,TCGA-BP-4768-01A,BP,False,400.0,0.35314344595162867,-0.3850358783698906
repeated_stratified_kfold,1011,4,3,TCGA-BP-4775-01A,BP,False,1843.0,-0.18912743165634954,-1.0312885122250313
repeated_stratified_kfold,1011,4,3,TCGA-BP-4799-01A,BP,True,1133.0,1.4376519177517595,0.8698540389822375
repeated_stratified_kfold,1011,4,3,TCGA-BP-4961-01A,BP,False,1935.0,-0.3962754950517448,-1.138284068100063
repeated_stratified_kfold,1011,4,3,TCGA-BP-4962-01A,BP,False,1785.0,0.0816258422148656,-0.502679610746398
repeated_stratified_kfold,1011,4,3,TCGA-BP-4965-01A,BP,False,1871.0,-0.4281737819698612,-1.1760631950426097
repeated_stratified_kfold,1011,4,3,TCGA-BP-4967-01A,BP,False,205.0,1.6290416392604576,1.430229592885258
repeated_stratified_kfold,1011,4,3,TCGA-BP-4971-01A,BP,False,1487.0,0.4807033102082684,0.07353456698989791
repeated_stratified_kfold,1011,4,3,TCGA-BP-4974-01A,BP,True,211.0,1.8561432270579685,1.1149211700612898
repeated_stratified_kfold,1011,4,3,TCGA-BP-4983-01A,BP,False,1413.0,1.2939188250478748,1.007018990939807
repeated_stratified_kfold,1011,4,3,TCGA-BP-4985-01A,BP,True,952.0,1.5014484915879922,1.4400284121771425
repeated_stratified_kfold,1011,4,3,TCGA-BP-4998-01A,BP,False,932.0,-0.33247892121551215,-0.8399614270406905
repeated_stratified_kfold,1011,4,3,TCGA-BP-5000-01A,BP,False,563.0,-0.6195635034785594,-1.015620112580665
repeated_stratified_kfold,1011,4,3,TCGA-BP-5004-01A,BP,False,1126.0,-0.20488577354304666,-1.0147386131368437
repeated_stratified_kfold,1011,4,3,TCGA-BP-5006-01A,BP,False,840.0,0.05030052180188431,-0.8313837577614456
repeated_stratified_kfold,1011,4,3,TCGA-BP-5007-01A,BP,False,1140.0,-0.33305188772064714,-1.1977607533822656
repeated_stratified_kfold,1011,4,3,TCGA-BP-5173-01A,BP,True,62.0,0.49687653865551346,-0.3250348005876726
repeated_stratified_kfold,1011,4,3,TCGA-BP-5180-01A,BP,False,2263.0,-0.20488577354304666,-0.9760463940255403
repeated_stratified_kfold,1011,4,3,TCGA-BP-5182-01A,BP,False,1165.0,-0.10919091278869753,-0.6178101807801456
repeated_stratified_kfold,1011,4,3,TCGA-BP-5184-01A,BP,False,1133.0,-0.17298748662493024,-1.2136786336910763
repeated_stratified_kfold,1011,4,3,TCGA-BP-5186-01A,BP,False,693.0,-0.3486188662469314,-1.2459120076229846
repeated_stratified_kfold,1011,4,3,TCGA-BP-5191-01A,BP,False,967.0,1.7247365000148067,1.3020039045302956
repeated_stratified_kfold,1011,4,3,TCGA-BP-5199-01A,BP,False,1355.0,0.0816258422148656,-0.3372563534255296
repeated_stratified_kfold,1011,4,3,TCGA-BP-5200-01A,BP,False,1063.0,-0.3649501746387635,-1.1944503156431576
repeated_stratified_kfold,1011,4,3,TCGA-CJ-4634-01A,CJ,False,3498.0,-0.02963599706576772,-0.9634445627431487
repeated_stratified_kfold,1011,4,3,TCGA-CJ-4635-01A,CJ,False,1416.0,-0.36437720813362845,-0.9041750052940548
repeated_stratified_kfold,1011,4,3,TCGA-CJ-4869-01A,CJ,False,2554.0,0.7677878924713157,0.14831751526043224
repeated_stratified_kfold,1011,4,3,TCGA-CJ-4876-01A,CJ,False,1955.0,0.04972755529674922,-0.7974450056814224
repeated_stratified_kfold,1011,4,3,TCGA-CJ-4889-01A,CJ,False,1946.0,0.06605886368858138,-0.3214497597717657
repeated_stratified_kfold,1011,4,3,TCGA-CJ-4899-01A,CJ,False,1528.0,-0.5557669296423265,-1.225381153546375
repeated_stratified_kfold,1011,4,3,TCGA-CJ-4918-01A,CJ,True,93.0,2.0475329485666665,1.5374656459731733
repeated_stratified_kfold,1011,4,3,TCGA-CJ-4920-01A,CJ,True,139.0,0.09795715060669774,-0.20019979198594318
repeated_stratified_kfold,1011,4,3,TCGA-CJ-4923-01A,CJ,True,572.0,1.9675964296990145,1.4592042087111396
repeated_stratified_kfold,1011,4,3,TCGA-CJ-5682-01A,CJ,False,3736.0,1.9199398008942012,0.8502233246595562
repeated_stratified_kfold,1011,4,3,TCGA-CW-5583-01A,CW,False,2489.0,-0.31672057932881503,-1.070216443296292
repeated_stratified_kfold,1011,4,3,TCGA-CW-5589-01A,CW,False,2378.0,-0.23678406046116296,-1.0370995937943748
repeated_stratified_kfold,1011,4,3,TCGA-CW-6087-01A,CW,True,41.0,1.9518380878123176,1.874817146101074
repeated_stratified_kfold,1011,4,3,TCGA-CZ-4854-01A,CZ,True,1404.0,0.2735885302286989,0.07469394977892196
repeated_stratified_kfold,1011,4,3,TCGA-CZ-4858-01A,CZ,True,2105.0,-0.5244416092293452,-0.6225872984299374
repeated_stratified_kfold,1011,4,3,TCGA-CZ-4862-01A,CZ,False,3271.0,-0.4281737819698612,-0.8928268922430849
repeated_stratified_kfold,1011,4,3,TCGA-CZ-4865-01A,CZ,True,166.0,0.28934687211539595,-0.22547777850496908
repeated_stratified_kfold,1011,4,3,TCGA-CZ-4866-01A,CZ,False,3267.0,0.5764314543784432,0.1653021818798176
repeated_stratified_kfold,1011,4,3,TCGA-CZ-5453-01A,CZ,True,2419.0,0.36871042447791286,-0.5900197194244238
repeated_stratified_kfold,1011,4,3,TCGA-CZ-5454-01A,CZ,True,722.0,2.01563466164855,1.0132232374651449
repeated_stratified_kfold,1011,4,3,TCGA-CZ-5455-01A,CZ,True,561.0,2.01563466164855,1.227794678610207
repeated_stratified_kfold,1011,4,3,TCGA-CZ-5468-01A,CZ,True,59.0,2.685498686928994,2.599324828243017
repeated_stratified_kfold,1011,4,3,TCGA-DV-5568-01A,DV,False,370.0,-1.0661395203321886,-1.7303778281277213
repeated_stratified_kfold,1011,4,3,TCGA-DV-5574-01A,DV,False,2016.0,-0.7152583642329085,-1.1206983068900795
repeated_stratified_kfold,1011,4,3,TCGA-DV-A4W0-01A,DV,False,2470.0,-0.14108919970681388,-0.46603886190239857
repeated_stratified_kfold,1011,4,3,TCGA-EU-5904-01A,EU,False,551.0,-0.44431372700128047,-1.4736165045537266
repeated_stratified_kfold,1011,4,3,TCGA-G6-A5PC-01A,G6,True,242.0,1.6805118474359673,0.7480439660495785
repeated_stratified_kfold,1011,4,4,TCGA-6D-AA2E-01A,6D,False,362.0,0.29969972072658857,0.558868012043555
repeated_stratified_kfold,1011,4,4,TCGA-A3-3317-01A,A3,False,1491.0,0.17491848403404628,-0.2788763144459157
repeated_stratified_kfold,1011,4,4,TCGA-A3-3328-01A,A3,False,1385.0,0.4910479988843758,0.8915782201220214
repeated_stratified_kfold,1011,4,4,TCGA-A3-3352-01A,A3,True,561.0,1.2019826301335996,0.43393676217162847
repeated_stratified_kfold,1011,4,4,TCGA-A3-3359-01A,A3,False,2504.0,0.8072653533180381,0.18739562855908487
repeated_stratified_kfold,1011,4,4,TCGA-A3-3372-01A,A3,False,735.0,0.8394357497111359,0.24166361953424353
repeated_stratified_kfold,1011,4,4,TCGA-A3-A6NL-01A,A3,False,689.0,-0.38913935207609274,-0.7158567564973907
repeated_stratified_kfold,1011,4,4,TCGA-AK-3440-01A,AK,False,2865.0,-0.27030045000279834,0.19905819143090164
repeated_stratified_kfold,1011,4,4,TCGA-AK-3450-01A,AK,False,1508.0,0.9160294174447771,0.42979305684541425
repeated_stratified_kfold,1011,4,4,TCGA-AK-3453-01A,AK,False,2531.0,0.05607958196075179,-0.6518579930825747
repeated_stratified_kfold,1011,4,4,TCGA-AK-3456-01A,AK,False,1143.0,-0.5139205887686351,-0.6953797935916659
repeated_stratified_kfold,1011,4,4,TCGA-AK-3465-01A,AK,False,369.0,0.40846378485332774,0.3204893130665726
repeated_stratified_kfold,1011,4,4,TCGA-B0-4710-01A,B0,False,1755.0,1.4456906084827692,0.9967261949964582
repeated_stratified_kfold,1011,4,4,TCGA-B0-4713-01A,B0,True,202.0,1.4819452965250157,1.0109215365888407
repeated_stratified_kfold,1011,4,4,TCGA-B0-4811-01A,B0,True,1417.0,0.2593607410351937,-0.18680277352642904
repeated_stratified_kfold,1011,4,4,TCGA-B0-4814-01A,B0,True,168.0,1.6620230956646684,1.0535491898371738
repeated_stratified_kfold,1011,4,4,TCGA-B0-4818-01A,B0,True,510.0,0.41862646238321566,-0.3513958139418676
repeated_stratified_kfold,1011,4,4,TCGA-B0-4819-01A,B0,True,183.0,1.9419857620560843,1.7521288511905975
repeated_stratified_kfold,1011,4,4,TCGA-B0-4821-01A,B0,True,1230.0,1.1919077921870445,0.846526609774883
repeated_stratified_kfold,1011,4,4,TCGA-B0-4823-01A,B0,True,454.0,0.8173401912645932,0.29647945139173826
repeated_stratified_kfold,1011,4,4,TCGA-B0-4836-01A,B0,True,1238.0,1.7707871597914076,1.7164737192327104
repeated_stratified_kfold,1011,4,4,TCGA-B0-4843-01A,B0,True,320.0,0.5856529334154111,0.31949226174792167
repeated_stratified_kfold,1011,4,4,TCGA-B0-4848-01A,B0,True,883.0,0.476888869288672,0.04350354040642157
repeated_stratified_kfold,1011,4,4,TCGA-B0-5080-01A,B0,True,342.0,1.8432965358759004,1.6981573466246345
repeated_stratified_kfold,1011,4,4,TCGA-B0-5081-01A,B0,True,362.0,1.5907093606517546,1.250495304741054
repeated_stratified_kfold,1011,4,4,TCGA-B0-5092-01A,B0,True,459.0,1.6882029457603596,1.3942406706197397
repeated_stratified_kfold,1011,4,4,TCGA-B0-5097-01A,B0,False,665.0,0.865615599806827,0.5803149094470496
repeated_stratified_kfold,1011,4,4,TCGA-B0-5098-01A,B0,True,1584.0,-0.2441205999071072,-0.06774570962837351
repeated_stratified_kfold,1011,4,4,TCGA-B0-5099-01A,B0,True,485.0,1.9170015530319722,1.2033308041822308
repeated_stratified_kfold,1011,4,4,TCGA-B0-5110-01A,B0,False,2009.0,0.40846378485332774,-0.29363392866701127
repeated_stratified_kfold,1011,4,4,TCGA-B0-5113-01A,B0,False,1175.0,1.2281624802292908,0.6494867615233991
repeated_stratified_kfold,1011,4,4,TCGA-B0-5116-01A,B0,False,1274.0,0.4043794932041792,-0.19524027475493044
repeated_stratified_kfold,1011,4,4,TCGA-B0-5117-01A,B0,False,1608.0,-0.9228848347632332,-0.3394068495791175
repeated_stratified_kfold,1011,4,4,TCGA-B0-5700-01A,B0,False,1790.0,0.41853862279988296,-0.15526042323696584
repeated_stratified_kfold,1011,4,4,TCGA-B0-5702-01A,B0,False,2172.0,0.2010104945464047,0.32293927582154736
repeated_stratified_kfold,1011,4,4,TCGA-B0-5703-01A,B0,False,2246.0,0.27351987063089755,-0.24613833893379122
repeated_stratified_kfold,1011,4,4,TCGA-B0-5712-01A,B0,False,2722.0,2.232023266394055,1.2709224879562675
repeated_stratified_kfold,1011,4,4,TCGA-B0-5713-01A,B0,False,2782.0,1.4456906084827692,0.5702898774372588
repeated_stratified_kfold,1011,4,4,TCGA-B2-4101-01A,B2,False,648.0,-0.3689018365996496,-1.0250469124635475
repeated_stratified_kfold,1011,4,4,TCGA-B2-5636-01A,B2,False,919.0,0.4910479988843758,0.45060495084981056
repeated_stratified_kfold,1011,4,4,TCGA-B2-5639-01A,B2,True,1003.0,1.2269668391577118,0.6578895146341844
repeated_stratified_kfold,1011,4,4,TCGA-B4-5377-01A,B4,False,365.0,2.232023266394055,1.3943692504699716
repeated_stratified_kfold,1011,4,4,TCGA-B4-5844-01A,B4,False,7.0,0.16484364608749097,-0.6320770941704617
repeated_stratified_kfold,1011,4,4,TCGA-B8-5162-01A,B8,False,36.0,-0.006354956177185678,0.14881451177334537
repeated_stratified_kfold,1011,4,4,TCGA-B8-5553-01A,B8,False,435.0,0.2634450326843422,-0.5071315342631607
repeated_stratified_kfold,1011,4,4,TCGA-B8-A54H-01A,B8,False,256.0,0.45488115042546207,-0.12769367382351443
repeated_stratified_kfold,1011,4,4,TCGA-BP-4158-01A,BP,False,3377.0,0.12850111846191195,-0.17985505533064905
repeated_stratified_kfold,1011,4,4,TCGA-BP-4163-01A,BP,False,2839.0,0.9018702878490734,0.5325885235293835
repeated_stratified_kfold,1011,4,4,TCGA-BP-4170-01A,BP,True,2343.0,0.4447184728955741,-0.18729343581429056
repeated_stratified_kfold,1011,4,4,TCGA-BP-4327-01A,BP,True,109.0,0.6724092786789404,0.20756203561577313
repeated_stratified_kfold,1011,4,4,TCGA-BP-4337-01A,BP,True,2.0,1.4819452965250157,1.1026161686646736
repeated_stratified_kfold,1011,4,4,TCGA-BP-4342-01A,BP,True,2256.0,0.6099747405410029,0.08823177486267925
repeated_stratified_kfold,1011,4,4,TCGA-BP-4343-01A,BP,True,1912.0,0.8394357497111359,0.35092503899389915
repeated_stratified_kfold,1011,4,4,TCGA-BP-4351-01A,BP,False,970.0,0.5755780954688559,0.16117473628974976
repeated_stratified_kfold,1011,4,4,TCGA-BP-4353-01A,BP,True,375.0,-0.16153638587605915,-0.6564717174273016
repeated_stratified_kfold,1011,4,4,TCGA-BP-4354-01A,BP,True,1034.0,1.0094387109042335,1.056726889292972
repeated_stratified_kfold,1011,4,4,TCGA-BP-4784-01A,BP,False,1854.0,0.2634450326843422,0.24442304780431678
repeated_stratified_kfold,1011,4,4,TCGA-BP-4790-01A,BP,True,1111.0,0.38228393475763667,-0.05714139778680205
repeated_stratified_kfold,1011,4,4,TCGA-BP-4795-01A,BP,False,620.0,0.5172278489800669,0.420679563667098
repeated_stratified_kfold,1011,4,4,TCGA-BP-4798-01A,BP,True,334.0,-4.3143556268850345,0.44856356457296787
repeated_stratified_kfold,1011,4,4,TCGA-BP-4801-01A,BP,False,1124.0,-0.3065551380450447,-0.8205870923458548
repeated_stratified_kfold,1011,4,4,TCGA-BP-4968-01A,BP,False,1746.0,-0.9228848347632332,-1.426259957754239
repeated_stratified_kfold,1011,4,4,TCGA-BP-4969-01A,BP,False,1794.0,0.11842628051535666,-0.3598334516338672
repeated_stratified_kfold,1011,4,4,TCGA-BP-4972-01A,BP,False,1502.0,0.2855405911308848,-0.5062669280748464
repeated_stratified_kfold,1011,4,4,TCGA-BP-4973-01A,BP,False,1384.0,0.22310605299294733,-0.5431744830628218
repeated_stratified_kfold,1011,4,4,TCGA-BP-4986-01A,BP,False,785.0,0.34602924671539026,0.284036672310376
repeated_stratified_kfold,1011,4,4,TCGA-BP-4987-01A,BP,False,1124.0,-0.6791768564140638,-1.3286333892446667
repeated_stratified_kfold,1011,4,4,TCGA-BP-5001-01A,BP,False,1177.0,-0.6066674803295711,-1.118152460561229
repeated_stratified_kfold,1011,4,4,TCGA-BP-5010-01A,BP,True,878.0,0.8031810616688895,0.6416215814668845
repeated_stratified_kfold,1011,4,4,TCGA-BP-5169-01A,BP,False,193.0,0.1647558065041583,-0.09553676374501763
repeated_stratified_kfold,1011,4,4,TCGA-BP-5175-01A,BP,False,932.0,-0.19779107391830553,-0.4295932607544523
repeated_stratified_kfold,1011,4,4,TCGA-BP-5192-01A,BP,False,714.0,-0.2340457619605519,-0.843296893416684
repeated_stratified_kfold,1011,4,4,TCGA-BP-5201-01A,BP,False,951.0,1.8432965358759004,1.1374939470197378
repeated_stratified_kfold,1011,4,4,TCGA-CJ-4868-01A,CJ,True,646.0,1.0819480869887261,0.9606432396635053
repeated_stratified_kfold,1011,4,4,TCGA-CJ-4874-01A,CJ,False,2283.0,0.48097316093782055,-0.2785479703138972
repeated_stratified_kfold,1011,4,4,TCGA-CJ-4882-01A,CJ,False,1883.0,0.5856529334154111,0.4820232700770106
repeated_stratified_kfold,1011,4,4,TCGA-CJ-4886-01A,CJ,False,1952.0,-0.6429221683718175,-1.248426199367536
repeated_stratified_kfold,1011,4,4,TCGA-CJ-4893-01A,CJ,False,750.0,0.5897372250645597,-0.10353665301642156
repeated_stratified_kfold,1011,4,4,TCGA-CJ-4897-01A,CJ,False,3341.0,1.5907093606517546,0.555161292115745
repeated_stratified_kfold,1011,4,4,TCGA-CJ-4901-01A,CJ,False,1450.0,0.22310605299294733,0.1540542397163428
repeated_stratified_kfold,1011,4,4,TCGA-CJ-4907-01A,CJ,False,1499.0,0.6219076214576575,-0.09933420120010128
repeated_stratified_kfold,1011,4,4,TCGA-CJ-4916-01A,CJ,False,1373.0,1.2281624802292908,0.6581358901823965
repeated_stratified_kfold,1011,4,4,TCGA-CJ-5679-01A,CJ,True,679.0,1.1657279420913533,1.0894820496897042
repeated_stratified_kfold,1011,4,4,TCGA-CJ-5683-01A,CJ,False,1889.0,0.4547933108421294,0.07214838314426203
repeated_stratified_kfold,1011,4,4,TCGA-CJ-6027-01A,CJ,True,3615.0,0.41853862279988296,0.3765032441306443
repeated_stratified_kfold,1011,4,4,TCGA-CJ-6028-01A,CJ,True,1625.0,1.6620230956646684,1.2420164475504993
repeated_stratified_kfold,1011,4,4,TCGA-CW-5580-01A,CW,True,1964.0,2.4132967066052875,1.891831353472465
repeated_stratified_kfold,1011,4,4,TCGA-CZ-4861-01A,CZ,True,446.0,0.029899731865060702,-0.525152726457763
repeated_stratified_kfold,1011,4,4,TCGA-CZ-5456-01A,CZ,False,2422.0,-0.1876283963884176,-0.6468647221411087
repeated_stratified_kfold,1011,4,4,TCGA-CZ-5457-01A,CZ,False,2754.0,0.7669263736266431,0.0952260932764239
repeated_stratified_kfold,1011,4,4,TCGA-CZ-5458-01A,CZ,False,2789.0,0.07808730082396176,-0.6058623181481577
repeated_stratified_kfold,1011,4,4,TCGA-CZ-5463-01A,CZ,False,662.0,0.5012106764142638,-0.38609270554196673
repeated_stratified_kfold,1011,4,4,TCGA-CZ-5470-01A,CZ,False,386.0,0.5636452145522012,-0.41951737109797593
repeated_stratified_kfold,1011,4,4,TCGA-CZ-5984-01A,CZ,False,2067.0,-0.524083266298523,-0.879115576157015
repeated_stratified_kfold,1011,4,4,TCGA-CZ-5985-01A,CZ,False,1997.0,-0.15137370834617125,-0.8356657900598452
repeated_stratified_kfold,1011,4,4,TCGA-CZ-5986-01A,CZ,False,373.0,-0.16153638587605915,-0.6777236812213954
repeated_stratified_kfold,1011,4,4,TCGA-DV-5565-01A,DV,False,1329.0,-0.2340457619605519,-0.5442903949778543
repeated_stratified_kfold,1011,4,4,TCGA-DV-5566-01A,DV,False,1398.0,0.2634450326843422,-0.3785277992340911
repeated_stratified_kfold,1011,4,4,TCGA-DV-5573-01A,DV,False,1130.0,-0.8866301467209868,-1.2751095513663642
repeated_stratified_kfold,1011,4,4,TCGA-DV-5576-01A,DV,True,727.0,-0.17161122382261443,-0.3186676700899751
repeated_stratified_kfold,1011,4,4,TCGA-DV-A4VZ-01A,DV,False,365.0,-0.4515738902140302,-0.2675516766455028
repeated_stratified_kfold,1011,4,4,TCGA-EU-5905-01A,EU,False,119.0,0.2634450326843422,0.06764632409613286
repeated_stratified_kfold,1011,4,4,TCGA-EU-5906-01A,EU,False,206.0,-0.37906451412953746,-1.1000828149581858
repeated_stratified_kfold,1011,4,4,TCGA-G6-A8L7-01A,G6,False,2133.0,0.7710106652757915,1.2713212234511158
repeated_stratified_kfold,1011,4,4,TCGA-MW-A4EC-01A,MW,False,498.0,0.4447184728955741,-0.04125642106619015
repeated_stratified_group_kfold,42,0,0,TCGA-BP-4158-01A,BP,False,3377.0,0.2368073975248432,-0.4342452755509183
repeated_stratified_group_kfold,42,0,0,TCGA-BP-4159-01A,BP,True,2601.0,0.2636433832877775,-0.40050833914082495
repeated_stratified_group_kfold,42,0,0,TCGA-BP-4160-01A,BP,False,2881.0,1.1694730586816142,0.1501577483655171
repeated_stratified_group_kfold,42,0,0,TCGA-BP-4161-01A,BP,False,2746.0,0.3709873263395148,-0.40247702593281437
repeated_stratified_group_kfold,42,0,0,TCGA-BP-4162-01A,BP,False,3074.0,0.10977097018792002,-1.0354916245939771
repeated_stratified_group_kfold,42,0,0,TCGA-BP-4163-01A,BP,False,2839.0,0.9619286740558879,0.30814844891352167
repeated_stratified_group_kfold,42,0,0,TCGA-BP-4164-01A,BP,True,992.0,0.7204048021894789,-0.11993707704518647
repeated_stratified_group_kfold,42,0,0,TCGA-BP-4165-01A,BP,False,3037.0,0.08293498442498569,-0.8410444364138459
repeated_stratified_group_kfold,42,0,0,TCGA-BP-4166-01A,BP,False,13.0,1.2231450302074829,0.29219435889045864
repeated_stratified_group_kfold,42,0,0,TCGA-BP-4167-01A,BP,False,2718.0,0.9547851725781394,0.4225254356765923
repeated_stratified_group_kfold,42,0,0,TCGA-BP-4169-01A,BP,True,701.0,0.6388601000480649,0.23770419837357948
repeated_stratified_group_kfold,42,0,0,TCGA-BP-4170-01A,BP,True,2343.0,0.2976228705284603,-0.5804110011912508
repeated_stratified_group_kfold,42,0,0,TCGA-BP-4173-01A,BP,False,1893.0,-0.11969100279184477,-0.6040452417044031
repeated_stratified_group_kfold,42,0,0,TCGA-BP-4174-01A,BP,False,1879.0,-0.06601903126597611,-0.625600765318842
repeated_stratified_group_kfold,42,0,0,TCGA-BP-4176-01A,BP,False,1955.0,0.10262746871017152,-0.26682192402525784
repeated_stratified_group_kfold,42,0,0,TCGA-BP-4177-01A,BP,False,1670.0,0.12946345447310587,-0.4832998264064153
repeated_stratified_group_kfold,42,0,0,TCGA-BP-4325-01A,BP,False,2964.0,0.08293498442498569,-1.0699772037196311
repeated_stratified_group_kfold,42,0,0,TCGA-BP-4326-01A,BP,True,1625.0,-0.21226085896729194,-0.3552922953759021
repeated_stratified_group_kfold,42,0,0,TCGA-BP-4327-01A,BP,True,109.0,0.6120241142851306,0.09168128774468842
repeated_stratified_group_kfold,42,0,0,TCGA-BP-4329-01A,BP,True,845.0,1.3841609447850887,0.21493219223547722
repeated_stratified_group_kfold,42,0,0,TCGA-BP-4330-01A,BP,False,1888.0,0.9619286740558879,-0.023938277808650987
repeated_stratified_group_kfold,42,0,0,TCGA-BP-4331-01A,BP,True,2454.0,-0.21940436044504044,-0.9372361326862935
repeated_stratified_group_kfold,42,0,0,TCGA-BP-4332-01A,BP,False,1133.0,0.3375575000306499,-0.8946120368823511
repeated_stratified_group_kfold,42,0,0,TCGA-BP-4334-01A,BP,True,645.0,0.8742772152893364,0.6826221360572403
repeated_stratified_group_kfold,42,0,0,TCGA-BP-4335-01A,BP,True,475.0,2.0348275230616037,1.6474626567808959
repeated_stratified_group_kfold,42,0,0,TCGA-BP-4337-01A,BP,True,2.0,1.3913044462628372,1.0640697228688136
repeated_stratified_group_kfold,42,0,0,TCGA-BP-4338-01A,BP,False,2859.0,-0.4609282323114494,-0.7443006839415327
repeated_stratified_group_kfold,42,0,0,TCGA-BP-4340-01A,BP,True,562.0,0.24395089900259165,-1.0994061655455658
repeated_stratified_group_kfold,42,0,0,TCGA-BP-4341-01A,BP,True,1589.0,1.1694730586816142,0.5389385827531369
repeated_stratified_group_kfold,42,0,0,TCGA-BP-4342-01A,BP,True,2256.0,0.7390605416220538,0.07574027401395833
repeated_stratified_group_kfold,42,0,0,TCGA-BP-4343-01A,BP,True,1912.0,1.088965101392811,-0.023924764193361536
repeated_stratified_group_kfold,42,0,0,TCGA-BP-4344-01A,BP,False,1666.0,0.37813082781726326,-0.189872494248139
repeated_stratified_group_kfold,42,0,0,TCGA-BP-4345-01A,BP,False,1516.0,1.0352931298669426,0.3859848835310088
repeated_stratified_group_kfold,42,0,0,TCGA-BP-4346-01A,BP,True,1493.0,0.9011132010522708,0.18152923464113802
repeated_stratified_group_kfold,42,0,0,TCGA-BP-4347-01A,BP,False,1367.0,1.3573249590221543,0.6382263950343531
repeated_stratified_group_kfold,42,0,0,TCGA-BP-4349-01A,BP,False,372.0,0.19027892747672304,-0.46695843065561116
repeated_stratified_group_kfold,42,0,0,TCGA-BP-4351-01A,BP,False,970.0,0.7204048021894789,0.10463804752608719
repeated_stratified_group_kfold,42,0,0,TCGA-BP-4352-01A,BP,True,344.0,2.2763513949280125,3.2527649216178576
repeated_stratified_group_kfold,42,0,0,TCGA-BP-4353-01A,BP,True,375.0,0.022119511421368546,-0.8506661111780669
repeated_stratified_group_kfold,42,0,0,TCGA-BP-4354-01A,BP,True,1034.0,1.3836203632734314,1.7173199769873895
repeated_stratified_group_kfold,42,0,0,TCGA-BP-4355-01A,BP,True,953.0,0.9350926882929536,0.25750473940048424
repeated_stratified_group_kfold,42,0,0,TCGA-BP-4756-01A,BP,False,374.0,0.029263012899117043,-0.02769591473659183
repeated_stratified_group_kfold,42,0,0,TCGA-BP-4758-01A,BP,False,2208.0,-0.5414361896002523,-0.9804134400257644
repeated_stratified_group_kfold,42,0,0,TCGA-BP-4759-01A,BP,False,2372.0,-0.2730763319709091,-0.9928561592363856
repeated_stratified_group_kfold,42,0,0,TCGA-BP-4760-01A,BP,False,2361.0,0.2368073975248432,0.350721805166215
repeated_stratified_group_kfold,42,0,0,TCGA-BP-4761-01A,BP,False,182.0,0.9011132010522708,1.183942158619991
repeated_stratified_group_kfold,42,0,0,TCGA-BP-4762-01A,BP,True,1343.0,-0.4877642180743837,-1.370627742373236
repeated_stratified_group_kfold,42,0,0,TCGA-BP-4763-01A,BP,True,1270.0,0.4854747708690006,-0.42362064377695324
repeated_stratified_group_kfold,42,0,0,TCGA-BP-4765-01A,BP,False,2184.0,-0.4609282323114494,-1.4502943862111068
repeated_stratified_group_kfold,42,0,0,TCGA-BP-4766-01A,BP,False,1462.0,-0.48062071659663524,-1.3270354836105847
repeated_stratified_group_kfold,42,0,0,TCGA-BP-4768-01A,BP,False,400.0,0.2976228705284603,-0.20037230112256527
repeated_stratified_group_kfold,42,0,0,TCGA-BP-4769-01A,BP,False,1876.0,0.0757914829472372,-0.15726043363036146
repeated_stratified_group_kfold,42,0,0,TCGA-BP-4770-01A,BP,True,329.0,2.2495154091650784,2.668816103157998
repeated_stratified_group_kfold,42,0,0,TCGA-BP-4771-01A,BP,True,162.0,1.9740120500579865,2.0590759071766644
repeated_stratified_group_kfold,42,0,0,TCGA-BP-4774-01A,BP,False,1885.0,-0.1049169159155546,-0.7084408824296202
repeated_stratified_group_kfold,42,0,0,TCGA-BP-4775-01A,BP,False,1843.0,-0.15858888744142327,-1.1537178953879845
repeated_stratified_group_kfold,42,0,0,TCGA-BP-4776-01A,BP,False,411.0,-0.21940436044504044,-0.7470632491262518
repeated_stratified_group_kfold,42,0,0,TCGA-BP-4777-01A,BP,False,1731.0,-0.38042027502264636,-1.2990281550639033
repeated_stratified_group_kfold,42,0,0,TCGA-BP-4781-01A,BP,False,2080.0,0.47833126939125215,0.10334105078665023
repeated_stratified_group_kfold,42,0,0,TCGA-BP-4782-01A,BP,False,354.0,-0.15858888744142327,-0.864571951044771
repeated_stratified_group_kfold,42,0,0,TCGA-BP-4784-01A,BP,False,1854.0,0.1634429417137887,0.16149478666160877
repeated_stratified_group_kfold,42,0,0,TCGA-BP-4787-01A,BP,True,480.0,1.8738116084839977,1.263874566456098
repeated_stratified_group_kfold,42,0,0,TCGA-BP-4789-01A,BP,False,1489.0,-0.32674830349677775,-1.2870975680756467
repeated_stratified_group_kfold,42,0,0,TCGA-BP-4790-01A,BP,True,1111.0,0.4246592978653835,-0.0005082808875842559
repeated_stratified_group_kfold,42,0,0,TCGA-BP-4795-01A,BP,False,620.0,0.351294842054329,0.40947247924116426
repeated_stratified_group_kfold,42,0,0,TCGA-BP-4797-01A,BP,False,1107.0,0.2838855285047813,-0.6424062098882805
repeated_stratified_group_kfold,42,0,0,TCGA-BP-4798-01A,BP,True,334.0,-4.4715795941288015,0.28067809153726053
repeated_stratified_group_kfold,42,0,0,TCGA-BP-4799-01A,BP,True,1133.0,1.249981015970417,1.0726396327004015
repeated_stratified_group_kfold,42,0,0,TCGA-BP-4801-01A,BP,False,1124.0,-0.08522443163036877,-0.830386192066308
repeated_stratified_group_kfold,42,0,0,TCGA-BP-4803-01A,BP,False,204.0,1.491504887836826,0.3436436648845319
repeated_stratified_group_kfold,42,0,0,TCGA-BP-4804-01A,BP,False,1459.0,-0.03155246010450011,-0.4529177707923274
repeated_stratified_group_kfold,42,0,0,TCGA-BP-4807-01A,BP,False,211.0,-0.4877642180743837,-1.580796860395885
repeated_stratified_group_kfold,42,0,0,TCGA-BP-4959-01A,BP,False,2660.0,-0.2999123177338434,-1.1026528581430735
repeated_stratified_group_kfold,42,0,0,TCGA-BP-4960-01A,BP,False,2172.0,-0.14652698855477905,-0.8589495958700102
repeated_stratified_group_kfold,42,0,0,TCGA-BP-4961-01A,BP,False,1935.0,-0.3535842892597121,-1.666116567856014
repeated_stratified_group_kfold,42,0,0,TCGA-BP-4962-01A,BP,False,1785.0,0.17550484060043287,-0.9039655369794095
repeated_stratified_group_kfold,42,0,0,TCGA-BP-4963-01A,BP,False,1834.0,0.0757914829472372,-0.8576275999896019
repeated_stratified_group_kfold,42,0,0,TCGA-BP-4964-01A,BP,False,1862.0,-0.1854248732043576,-0.9849070922408906
repeated_stratified_group_kfold,42,0,0,TCGA-BP-4965-01A,BP,False,1871.0,-0.38042027502264636,-1.1543977247994666
repeated_stratified_group_kfold,42,0,0,TCGA-BP-4967-01A,BP,False,205.0,1.410996930548023,1.1671596111357871
repeated_stratified_group_kfold,42,0,0,TCGA-BP-4968-01A,BP,False,1746.0,-0.5414361896002523,-1.5065533729098495
repeated_stratified_group_kfold,42,0,0,TCGA-BP-4969-01A,BP,False,1794.0,0.05609899866205137,-0.8902918753006335
repeated_stratified_group_kfold,42,0,0,TCGA-BP-4970-01A,BP,False,433.0,0.5522453861341245,0.0645915870535293
repeated_stratified_group_kfold,42,0,0,TCGA-BP-4971-01A,BP,False,1487.0,0.4449014430823872,0.4300455332099732
repeated_stratified_group_kfold,42,0,0,TCGA-BP-4972-01A,BP,False,1502.0,0.5057169160860042,-0.19566472257371226
repeated_stratified_group_kfold,42,0,0,TCGA-BP-4973-01A,BP,False,1384.0,0.6327533434229275,-0.7701092758719578
repeated_stratified_group_kfold,42,0,0,TCGA-BP-4974-01A,BP,True,211.0,1.8666681070062492,1.2671765712375818
repeated_stratified_group_kfold,42,0,0,TCGA-BP-4975-01A,BP,False,1433.0,-0.5414361896002523,-1.6647399559366733
repeated_stratified_group_kfold,42,0,0,TCGA-BP-4976-01A,BP,False,1632.0,0.45149528362831776,-0.786371470157088
repeated_stratified_group_kfold,42,0,0,TCGA-BP-4977-01A,BP,False,454.0,-0.08522443163036877,-0.5124907311910657
repeated_stratified_group_kfold,42,0,0,TCGA-BP-4981-01A,BP,True,1097.0,1.3644684604999027,1.0721695292306044
repeated_stratified_group_kfold,42,0,0,TCGA-BP-4982-01A,BP,False,1014.0,-0.4877642180743837,-1.6504614715298258
repeated_stratified_group_kfold,42,0,0,TCGA-BP-4983-01A,BP,False,1413.0,1.1497805743964282,1.7791315552153613
repeated_stratified_group_kfold,42,0,0,TCGA-BP-4985-01A,BP,True,952.0,1.3036529874962857,1.6563403184736734
repeated_stratified_group_kfold,42,0,0,TCGA-BP-4986-01A,BP,False,785.0,0.3978233121024491,0.5924745643777912
repeated_stratified_group_kfold,42,0,0,TCGA-BP-4987-01A,BP,False,1124.0,-0.5342926881225039,-1.591125143757893
repeated_stratified_group_kfold,42,0,0,TCGA-BP-4988-01A,BP,True,828.0,0.31731535481364614,0.19737921503874845
repeated_stratified_group_kfold,42,0,0,TCGA-BP-4989-01A,BP,False,118.0,0.9279491868152051,0.6745908298770914
repeated_stratified_group_kfold,42,0,0,TCGA-BP-4991-01A,BP,False,1413.0,-0.16573238891917177,-0.8930741878686697
repeated_stratified_group_kfold,42,0,0,TCGA-BP-4992-01A,BP,False,501.0,0.1562994402360402,0.05373237703206335
repeated_stratified_group_kfold,42,0,0,TCGA-BP-4993-01A,BP,False,177.0,-0.058388445867434455,-1.0130875811567424
repeated_stratified_group_kfold,42,0,0,TCGA-BP-4994-01A,BP,False,1308.0,-0.16573238891917177,-1.0772111160557285
repeated_stratified_group_kfold,42,0,0,TCGA-BP-4995-01A,BP,False,1371.0,0.20997141176190887,-0.7508418719006599
repeated_stratified_group_kfold,42,0,0,TCGA-BP-4998-01A,BP,False,932.0,-0.2999123177338434,-0.9659000834744402
repeated_stratified_group_kfold,42,0,0,TCGA-BP-4999-01A,BP,False,1266.0,-0.11206041739330311,-1.0199627028162248
repeated_stratified_group_kfold,42,0,0,TCGA-BP-5000-01A,BP,False,563.0,-0.5414361896002523,-1.0684785909622896
repeated_stratified_group_kfold,42,0,0,TCGA-BP-5001-01A,BP,False,1177.0,-0.48062071659663524,-1.2477335144135209
repeated_stratified_group_kfold,42,0,0,TCGA-BP-5004-01A,BP,False,1126.0,-0.1925683746821061,-1.2314969993977123
repeated_stratified_group_kfold,42,0,0,TCGA-BP-5006-01A,BP,False,840.0,0.022119511421368546,-0.9357311498496661
repeated_stratified_group_kfold,42,0,0,TCGA-BP-5007-01A,BP,False,1140.0,-0.17336297431771344,-1.2653673752861567
repeated_stratified_group_kfold,42,0,0,TCGA-BP-5008-01A,BP,False,1071.0,-0.38042027502264636,-1.0264255817313304
repeated_stratified_group_kfold,42,0,0,TCGA-BP-5009-01A,BP,True,1092.0,-0.21940436044504044,-0.7099172322062038
repeated_stratified_group_kfold,42,0,0,TCGA-BP-5010-01A,BP,True,878.0,1.0621291156298769,0.778109239066696
repeated_stratified_group_kfold,42,0,0,TCGA-BP-5168-01A,BP,True,1463.0,0.3978233121024491,-0.47310803895061754
repeated_stratified_group_kfold,42,0,0,TCGA-BP-5169-01A,BP,False,193.0,0.2636433832877775,0.12897127713907053
repeated_stratified_group_kfold,42,0,0,TCGA-BP-5170-01A,BP,False,2412.0,-0.13889640315623744,-0.7650787597617303
repeated_stratified_group_kfold,42,0,0,TCGA-BP-5173-01A,BP,True,62.0,0.3978233121024491,-0.2630567614339058
repeated_stratified_group_kfold,42,0,0,TCGA-BP-5174-01A,BP,False,2257.0,-0.4269487450707666,-1.0943945696731476
repeated_stratified_group_kfold,42,0,0,TCGA-BP-5175-01A,BP,False,932.0,-0.004716474341565784,-0.1674808470911805
repeated_stratified_group_kfold,42,0,0,TCGA-BP-5176-01A,BP,True,1590.0,0.4586387851060663,-0.2360353404485474
repeated_stratified_group_kfold,42,0,0,TCGA-BP-5177-01A,BP,False,293.0,-0.4001127593078322,-1.3379574972682677
repeated_stratified_group_kfold,42,0,0,TCGA-BP-5178-01A,BP,True,1912.0,2.2155359219243955,1.6770154618927462
repeated_stratified_group_kfold,42,0,0,TCGA-BP-5180-01A,BP,False,2263.0,-0.1925683746821061,-1.3665524231352357
repeated_stratified_group_kfold,42,0,0,TCGA-BP-5181-01A,BP,False,1495.0,-0.07808093015262028,-1.8071745919561133
repeated_stratified_group_kfold,42,0,0,TCGA-BP-5182-01A,BP,False,1165.0,-0.11206041739330311,-0.7854217535554455
repeated_stratified_group_kfold,42,0,0,TCGA-BP-5183-01A,BP,False,1291.0,0.9011132010522708,0.11534004527176533
repeated_stratified_group_kfold,42,0,0,TCGA-BP-5184-01A,BP,False,1133.0,-0.16573238891917177,-1.8933493621901296
repeated_stratified_group_kfold,42,0,0,TCGA-BP-5185-01A,BP,False,1132.0,-0.11206041739330311,-0.6382556022073905
repeated_stratified_group_kfold,42,0,0,TCGA-BP-5186-01A,BP,False,693.0,-0.2927688162560949,-1.5224810205227635
repeated_stratified_group_kfold,42,0,0,TCGA-BP-5187-01A,BP,False,406.0,-0.16573238891917177,-0.8659734500535656
repeated_stratified_group_kfold,42,0,0,TCGA-BP-5189-01A,BP,True,822.0,-0.004716474341565784,-0.6318464633077018
repeated_stratified_group_kfold,42,0,0,TCGA-BP-5190-01A,BP,False,1011.0,0.022119511421368546,-1.0853766187261982
repeated_stratified_group_kfold,42,0,0,TCGA-BP-5191-01A,BP,False,967.0,1.491504887836826,0.8762205236026378
repeated_stratified_group_kfold,42,0,0,TCGA-BP-5192-01A,BP,False,714.0,-0.03155246010450011,-0.9731223558296437
repeated_stratified_group_kfold,42,0,0,TCGA-BP-5194-01A,BP,False,408.0,-0.5682721753631866,-2.0485526686647617
repeated_stratified_group_kfold,42,0,0,TCGA-BP-5195-01A,BP,False,749.0,0.3978233121024491,-0.15264292187231754
repeated_stratified_group_kfold,42,0,0,TCGA-BP-5196-01A,BP,False,1018.0,-0.1925683746821061,0.13453256843228278
repeated_stratified_group_kfold,42,0,0,TCGA-BP-5198-01A,BP,False,603.0,1.3036529874962857,0.5904744757178683
repeated_stratified_group_kfold,42,0,0,TCGA-BP-5199-01A,BP,False,1355.0,0.17550484060043287,-0.20686789149886953
repeated_stratified_group_kfold,42,0,0,TCGA-BP-5200-01A,BP,False,1063.0,-0.20019896008064772,-1.2775607421937645
repeated_stratified_group_kfold,42,0,0,TCGA-BP-5201-01A,BP,False,951.0,2.000848035820921,0.9888061498778628
repeated_stratified_group_kfold,42,0,0,TCGA-BP-5202-01A,BP,False,29.0,1.3841609447850887,0.054303126727290874
repeated_stratified_group_kfold,42,0,1,TCGA-3Z-A93Z-01A,3Z,False,385.0,0.18960633777768787,-0.25444255422139006
repeated_stratified_group_kfold,42,0,1,TCGA-6D-AA2E-01A,6D,False,362.0,0.2746533987756621,0.546997575744063
repeated_stratified_group_kfold,42,0,1,TCGA-A3-3306-01A,A3,False,1120.0,0.11508732760911668,-0.8983671825594546
repeated_stratified_group_kfold,42,0,1,TCGA-A3-3307-01A,A3,False,1436.0,0.9326902687058317,-0.1399092190330748
repeated_stratified_group_kfold,42,0,1,TCGA-A3-3308-01A,A3,False,16.0,1.464851390715233,1.531958339935834
repeated_stratified_group_kfold,42,0,1,TCGA-A3-3311-01A,A3,True,1191.0,-0.2575077232337391,-0.832706096465321
repeated_stratified_group_kfold,42,0,1,TCGA-A3-3313-01A,A3,True,735.0,-0.18298871306516795,-0.06833802955938101
repeated_stratified_group_kfold,42,0,1,TCGA-A3-3316-01A,A3,False,1493.0,0.12168982104110475,-0.4262863804292581
repeated_stratified_group_kfold,42,0,1,TCGA-A3-3317-01A,A3,False,1491.0,0.49428487188396053,0.09644387750536748
repeated_stratified_group_kfold,42,0,1,TCGA-A3-3319-01A,A3,False,1130.0,0.22686584286197342,0.5215930040106713
repeated_stratified_group_kfold,42,0,1,TCGA-A3-3320-01A,A3,False,1508.0,-0.32149868257290726,-1.1953566302829475
repeated_stratified_group_kfold,42,0,1,TCGA-A3-3322-01A,A3,False,1478.0,-0.48106475373945257,-1.045556301192189
repeated_stratified_group_kfold,42,0,1,TCGA-A3-3323-01A,A3,False,1106.0,-0.4065457435708814,-0.2972059714932225
repeated_stratified_group_kfold,42,0,1,TCGA-A3-3324-01A,A3,False,1186.0,-0.48106475373945257,-1.2213578579477953
repeated_stratified_group_kfold,42,0,1,TCGA-A3-3325-01A,A3,True,1170.0,-0.443805248655167,-1.4437046233446413
repeated_stratified_group_kfold,42,0,1,TCGA-A3-3326-01A,A3,False,1137.0,-0.6301027740765949,-1.5170416415175894
repeated_stratified_group_kfold,42,0,1,TCGA-A3-3328-01A,A3,False,1385.0,0.5622013886205436,0.6798095028293691
repeated_stratified_group_kfold,42,0,1,TCGA-A3-3329-01A,A3,False,1624.0,0.4131633682834014,-0.4672638536675692
repeated_stratified_group_kfold,42,0,1,TCGA-A3-3331-01A,A3,False,1257.0,0.9453244902928025,0.3308261728664115
repeated_stratified_group_kfold,42,0,1,TCGA-A3-3335-01A,A3,False,1886.0,-0.4744622603074645,-0.9761695663512269
repeated_stratified_group_kfold,42,0,1,TCGA-A3-3343-01A,A3,False,945.0,0.9413989328953876,-0.047531074662733486
repeated_stratified_group_kfold,42,0,1,TCGA-A3-3346-01A,A3,True,137.0,0.15234683269340232,0.7373359607171024
repeated_stratified_group_kfold,42,0,1,TCGA-A3-3347-01A,A3,True,1610.0,1.4275918856309473,1.4458059238524947
repeated_stratified_group_kfold,42,0,1,TCGA-A3-3349-01A,A3,False,1385.0,-0.9921697740900477,-1.5588841347537827
repeated_stratified_group_kfold,42,0,1,TCGA-A3-3351-01A,A3,False,910.0,-0.437202755223179,-1.170869844360824
repeated_stratified_group_kfold,42,0,1,TCGA-A3-3352-01A,A3,True,561.0,1.2307663093801162,0.5094730721733818
repeated_stratified_group_kfold,42,0,1,TCGA-A3-3357-01A,A3,False,2688.0,0.3079873464625327,-0.08911847996480321
repeated_stratified_group_kfold,42,0,1,TCGA-A3-3358-01A,A3,False,1307.0,-0.13520115715147935,-0.5935411548972388
repeated_stratified_group_kfold,42,0,1,TCGA-A3-3359-01A,A3,False,2504.0,0.7962864699556602,-0.09102000098343893
repeated_stratified_group_kfold,42,0,1,TCGA-A3-3362-01A,A3,False,1559.0,-0.0234226418986226,-0.5574596844775874
repeated_stratified_group_kfold,42,0,1,TCGA-A3-3363-01A,A3,False,319.0,-0.1391267145488943,-0.4471561772766904
repeated_stratified_group_kfold,42,0,1,TCGA-A3-3365-01A,A3,False,873.0,-0.6673622791608805,-1.1662587099512993
repeated_stratified_group_kfold,42,0,1,TCGA-A3-3367-01A,A3,False,2270.0,0.3013848530305446,-0.5233797917557735
repeated_stratified_group_kfold,42,0,1,TCGA-A3-3370-01A,A3,False,2274.0,-0.47053670291004956,-1.0378882339474118
repeated_stratified_group_kfold,42,0,1,TCGA-A3-3372-01A,A3,False,735.0,0.8581712585372605,0.07774199987827374
repeated_stratified_group_kfold,42,0,1,TCGA-A3-3373-01A,A3,False,1621.0,-0.24697967240433608,-1.070461424415594
repeated_stratified_group_kfold,42,0,1,TCGA-A3-3374-01A,A3,False,1314.0,-0.3587581876571928,0.026478377130947472
repeated_stratified_group_kfold,42,0,1,TCGA-A3-3376-01A,A3,True,1696.0,-0.48106475373945257,-1.2398111313374365
repeated_stratified_group_kfold,42,0,1,TCGA-A3-3378-01A,A3,False,630.0,-0.14572920798088237,-0.25107362469501093
repeated_stratified_group_kfold,42,0,1,TCGA-A3-3380-01A,A3,False,567.0,-0.36928623848659586,-0.8104604900950843
repeated_stratified_group_kfold,42,0,1,TCGA-A3-3382-01A,A3,False,574.0,0.18960633777768787,0.07801395642065395
repeated_stratified_group_kfold,42,0,1,TCGA-A3-3383-01A,A3,False,861.0,-0.443805248655167,-1.2408487672909008
repeated_stratified_group_kfold,42,0,1,TCGA-A3-3385-01A,A3,False,1993.0,-0.5450557130786208,-1.3240047179645722
repeated_stratified_group_kfold,42,0,1,TCGA-A3-3387-01A,A3,False,617.0,-0.5555837639080238,-1.1328416855158356
repeated_stratified_group_kfold,42,0,1,TCGA-A3-A6NI-01A,A3,False,1018.0,-0.6301027740765949,-1.224777581057459
repeated_stratified_group_kfold,42,0,1,TCGA-A3-A6NJ-01A,A3,False,468.0,-0.13520115715147935,-0.982884312335679
repeated_stratified_group_kfold,42,0,1,TCGA-A3-A6NL-01A,A3,False,689.0,-0.433277197825764,-1.1572463070243826
repeated_stratified_group_kfold,42,0,1,TCGA-A3-A6NN-01A,A3,False,3.0,0.5249418835362581,-0.1627633966722964
repeated_stratified_group_kfold,42,0,1,TCGA-A3-A8CQ-01A,A3,False,3.0,-0.06068214698290818,-0.9225481174894146
repeated_stratified_group_kfold,42,0,1,TCGA-A3-A8OV-01A,A3,False,340.0,0.4131633682834014,-0.2436179613100061
repeated_stratified_group_kfold,42,0,1,TCGA-A3-A8OW-01A,A3,False,323.0,-0.1478353787384501,-1.4202938048938687
repeated_stratified_group_kfold,42,0,1,TCGA-AS-3777-01A,AS,False,1238.0,-0.03395069272802563,0.21772704680298355
repeated_stratified_group_kfold,42,0,1,TCGA-AS-3778-01A,AS,False,43.0,-1.077216835088022,-1.613689024886469
repeated_stratified_group_kfold,42,0,1,TCGA-CW-5580-01A,CW,True,1964.0,2.407856062936978,1.6851032407080309
repeated_stratified_group_kfold,42,0,1,TCGA-CW-5581-01A,CW,False,2799.0,-0.7418812893294516,-1.6192866829910164
repeated_stratified_group_kfold,42,0,1,TCGA-CW-5583-01A,CW,False,2489.0,-0.3587581876571928,-1.1688131525856285
repeated_stratified_group_kfold,42,0,1,TCGA-CW-5584-01A,CW,True,164.0,1.2307663093801162,0.054986911458063614
repeated_stratified_group_kfold,42,0,1,TCGA-CW-5585-01A,CW,False,2609.0,1.4658403850004358,0.07872478307130054
repeated_stratified_group_kfold,42,0,1,TCGA-CW-5587-01A,CW,False,2226.0,0.9059588144509492,-0.13606267409570483
repeated_stratified_group_kfold,42,0,1,TCGA-CW-5588-01A,CW,False,2017.0,0.6472484496185179,0.4673005299372763
repeated_stratified_group_kfold,42,0,1,TCGA-CW-5589-01A,CW,False,2378.0,-0.443805248655167,-1.308105717590976
repeated_stratified_group_kfold,42,0,1,TCGA-CW-5590-01A,CW,True,1075.0,1.4658403850004358,0.5120915354486897
repeated_stratified_group_kfold,42,0,1,TCGA-CW-5591-01A,CW,False,2271.0,1.6521379104218636,1.0632614342873496
repeated_stratified_group_kfold,42,0,1,TCGA-CW-6087-01A,CW,True,41.0,1.8384354358432915,2.4455562802955106
repeated_stratified_group_kfold,42,0,1,TCGA-CW-6088-01A,CW,False,3222.0,-0.14572920798088237,-1.1828379415178523
repeated_stratified_group_kfold,42,0,1,TCGA-CW-6090-01A,CW,False,2552.0,0.15234683269340232,0.04891027295872946
repeated_stratified_group_kfold,42,0,1,TCGA-CW-6093-01A,CW,False,3146.0,0.3386443581148301,-0.5192045335917874
repeated_stratified_group_kfold,42,0,1,TCGA-CW-6097-01A,CW,True,571.0,-0.3341329041598782,-0.6392591917795156
repeated_stratified_group_kfold,42,0,1,TCGA-EU-5904-01A,EU,False,551.0,-0.5077962079943351,-1.5096554086021488
repeated_stratified_group_kfold,42,0,1,TCGA-EU-5905-01A,EU,False,119.0,0.23739389369137645,0.18026260651760223
repeated_stratified_group_kfold,42,0,1,TCGA-EU-5906-01A,EU,False,206.0,-0.33202673340231026,-1.4670034033157868
repeated_stratified_group_kfold,42,0,1,TCGA-EU-5907-01A,EU,False,127.0,1.4915828449701154,0.7319907187664694
repeated_stratified_group_kfold,42,0,1,TCGA-G6-A5PC-01A,G6,True,242.0,1.6999254663355523,0.771069923667258
repeated_stratified_group_kfold,42,0,1,TCGA-G6-A8L6-01A,G6,True,313.0,1.6148784053375782,0.8837983174337805
repeated_stratified_group_kfold,42,0,1,TCGA-G6-A8L7-01A,G6,False,2133.0,0.7590269648713746,1.3435566109790245
repeated_stratified_group_kfold,42,0,1,TCGA-G6-A8L8-01A,G6,True,1091.0,0.05109636826994856,-0.8562475866288146
repeated_stratified_group_kfold,42,0,1,TCGA-GK-A6C7-01A,GK,False,61.0,0.5727294394499467,-0.008517483080250743
repeated_stratified_group_kfold,42,0,1,TCGA-MM-A563-01A,MM,False,591.0,1.7435877487092641,-0.39175472542015116
repeated_stratified_group_kfold,42,0,1,TCGA-MM-A564-01A,MM,False,607.0,0.5315443769682462,0.2505705400970238
repeated_stratified_group_kfold,42,0,1,TCGA-MM-A84U-01A,MM,False,700.0,-0.09794165206719375,0.06573814192579314
repeated_stratified_group_kfold,42,0,1,TCGA-MW-A4EC-01A,MW,False,498.0,0.42369141911280433,-0.2778808459335934
repeated_stratified_group_kfold,42,0,1,TCGA-T7-A92I-01A,T7,False,356.0,-0.5077962079943351,-0.4668178635022755
repeated_stratified_group_kfold,42,0,2,TCGA-B0-4688-01A,B0,True,101.0,1.2695428710440855,1.8237181589216969
repeated_stratified_group_kfold,42,0,2,TCGA-B0-4690-01A,B0,True,43.0,1.846141980589853,2.1773001834444408
repeated_stratified_group_kfold,42,0,2,TCGA-B0-4691-01A,B0,True,139.0,1.542668765039449,1.4552713182861639
repeated_stratified_group_kfold,42,0,2,TCGA-B0-4693-01A,B0,True,77.0,1.1158421219589247,0.601056475390677
repeated_stratified_group_kfold,42,0,2,TCGA-B0-4694-01A,B0,True,106.0,0.843399837693136,0.7353439377177556
repeated_stratified_group_kfold,42,0,2,TCGA-B0-4696-01A,B0,True,866.0,0.41853733592257053,0.6287557391486637
repeated_stratified_group_kfold,42,0,2,TCGA-B0-4697-01A,B0,True,578.0,1.5419851553098742,1.7734257074382584
repeated_stratified_group_kfold,42,0,2,TCGA-B0-4698-01A,B0,True,42.0,2.1496151961402568,2.4356810813756065
repeated_stratified_group_kfold,42,0,2,TCGA-B0-4699-01A,B0,True,110.0,2.1192678745852165,2.484182203732839
repeated_stratified_group_kfold,42,0,2,TCGA-B0-4700-01A,B0,True,1980.0,1.6944053728146509,1.535821496037614
repeated_stratified_group_kfold,42,0,2,TCGA-B0-4701-01A,B0,True,238.0,2.148931586410682,1.7837377296174022
repeated_stratified_group_kfold,42,0,2,TCGA-B0-4703-01A,B0,True,182.0,1.4212794788192875,1.812641641604311
repeated_stratified_group_kfold,42,0,2,TCGA-B0-4706-01A,B0,True,65.0,0.5095793005876917,0.42496604716739705
repeated_stratified_group_kfold,42,0,2,TCGA-B0-4707-01A,B0,True,600.0,0.5702739436977725,0.7383013110219784
repeated_stratified_group_kfold,42,0,2,TCGA-B0-4710-01A,B0,False,1755.0,1.2068840866240458,0.7175577668395136
repeated_stratified_group_kfold,42,0,2,TCGA-B0-4712-01A,B0,True,1337.0,2.179962517695297,2.2015405424129497
repeated_stratified_group_kfold,42,0,2,TCGA-B0-4713-01A,B0,True,202.0,1.2372314081790863,0.7912823288789064
repeated_stratified_group_kfold,42,0,2,TCGA-B0-4714-01A,B0,True,99.0,2.3316991254704993,1.8153489693212348
repeated_stratified_group_kfold,42,0,2,TCGA-B0-4718-01A,B0,False,1778.0,0.3881900143675301,0.08530122627246989
repeated_stratified_group_kfold,42,0,2,TCGA-B0-4810-01A,B0,True,478.0,0.08471679881712624,0.17865782044414236
repeated_stratified_group_kfold,42,0,2,TCGA-B0-4811-01A,B0,True,1417.0,0.11506412037216657,-0.20274080374308412
repeated_stratified_group_kfold,42,0,2,TCGA-B0-4813-01A,B0,True,18.0,0.7220105514729744,1.1055429607467786
repeated_stratified_group_kfold,42,0,2,TCGA-B0-4814-01A,B0,True,168.0,1.63371072970457,1.1165861864505204
repeated_stratified_group_kfold,42,0,2,TCGA-B0-4815-01A,B0,True,1588.0,0.6309685868078533,0.6595674653416399
repeated_stratified_group_kfold,42,0,2,TCGA-B0-4816-01A,B0,True,1371.0,-0.4071688599192008,-0.6200349609875646
repeated_stratified_group_kfold,42,0,2,TCGA-B0-4817-01A,B0,True,1019.0,1.1165257316884996,1.1477540461885327
repeated_stratified_group_kfold,42,0,2,TCGA-B0-4818-01A,B0,True,510.0,0.44187253389235537,-0.12568905021910004
repeated_stratified_group_kfold,42,0,2,TCGA-B0-4819-01A,B0,True,183.0,1.9668476570804396,1.9442797920981711
repeated_stratified_group_kfold,42,0,2,TCGA-B0-4821-01A,B0,True,1230.0,0.9944528357387632,1.0118673603969228
repeated_stratified_group_kfold,42,0,2,TCGA-B0-4822-01A,B0,True,1111.0,0.47290346517697074,0.3900814432339679
repeated_stratified_group_kfold,42,0,2,TCGA-B0-4823-01A,B0,True,454.0,0.5863722552000403,0.3349361954742036
repeated_stratified_group_kfold,42,0,2,TCGA-B0-4824-01A,B0,True,1657.0,-0.32473100118074627,-0.8118474187113146
repeated_stratified_group_kfold,42,0,2,TCGA-B0-4827-01A,B0,True,885.0,1.2675787297341268,1.2621388589103737
repeated_stratified_group_kfold,42,0,2,TCGA-B0-4828-01A,B0,True,307.0,2.2710044823604183,1.8619257930382667
repeated_stratified_group_kfold,42,0,2,TCGA-B0-4833-01A,B0,True,2386.0,0.6767306101355867,0.23050379624432016
repeated_stratified_group_kfold,42,0,2,TCGA-B0-4834-01A,B0,True,2090.0,-0.597173285446535,-0.41634303152551455
repeated_stratified_group_kfold,42,0,2,TCGA-B0-4836-01A,B0,True,1238.0,1.7247526943696914,1.7897726233384061
repeated_stratified_group_kfold,42,0,2,TCGA-B0-4837-01A,B0,True,1378.0,-0.17231078367596944,0.2633901720512025
repeated_stratified_group_kfold,42,0,2,TCGA-B0-4838-01A,B0,True,834.0,0.28221542992006166,-0.16826024065109293
repeated_stratified_group_kfold,42,0,2,TCGA-B0-4839-01A,B0,True,1639.0,0.616035967025506,0.42257146074107765
repeated_stratified_group_kfold,42,0,2,TCGA-B0-4841-01A,B0,True,204.0,1.7854473374797721,1.4188863300009005
repeated_stratified_group_kfold,42,0,2,TCGA-B0-4842-01A,B0,True,1724.0,1.1461894435139652,1.0220307320372997
repeated_stratified_group_kfold,42,0,2,TCGA-B0-4843-01A,B0,True,320.0,0.3881900143675301,0.190104011584318
repeated_stratified_group_kfold,42,0,2,TCGA-B0-4844-01A,B0,True,313.0,1.6944053728146509,1.420772789191937
repeated_stratified_group_kfold,42,0,2,TCGA-B0-4845-01A,B0,True,1986.0,1.997878588365055,1.465678513002627
repeated_stratified_group_kfold,42,0,2,TCGA-B0-4846-01A,B0,True,1200.0,1.4516268003743278,0.9552247673385759
repeated_stratified_group_kfold,42,0,2,TCGA-B0-4847-01A,B0,True,793.0,1.6944053728146509,1.2535682347531008
repeated_stratified_group_kfold,42,0,2,TCGA-B0-4848-01A,B0,True,883.0,0.29714804970240893,0.060279817895081245
repeated_stratified_group_kfold,42,0,2,TCGA-B0-4849-01A,B0,True,69.0,0.20610608503728778,-0.3348387274957175
repeated_stratified_group_kfold,42,0,2,TCGA-B0-4852-01A,B0,True,1121.0,0.7453457494427594,0.18883280980804384
repeated_stratified_group_kfold,42,0,2,TCGA-B0-4945-01A,B0,True,2145.0,0.46429935925030397,0.18862556073885517
repeated_stratified_group_kfold,42,0,2,TCGA-B0-5075-01A,B0,True,637.0,1.2675787297341268,0.732540358300638
repeated_stratified_group_kfold,42,0,2,TCGA-B0-5077-01A,B0,True,1317.0,0.25255171809459603,-0.1442894763134463
repeated_stratified_group_kfold,42,0,2,TCGA-B0-5080-01A,B0,True,342.0,1.7854473374797721,1.9770577350051697
repeated_stratified_group_kfold,42,0,2,TCGA-B0-5081-01A,B0,True,362.0,1.3282733728442073,1.1119754301671365
repeated_stratified_group_kfold,42,0,2,TCGA-B0-5083-01A,B0,True,1045.0,-0.17231078367596944,-0.2480393615615217
repeated_stratified_group_kfold,42,0,2,TCGA-B0-5084-01A,B0,True,222.0,0.8750276908285604,1.3816972343267888
repeated_stratified_group_kfold,42,0,2,TCGA-B0-5085-01A,B0,True,770.0,1.2372314081790863,0.5780210992924725
repeated_stratified_group_kfold,42,0,2,TCGA-B0-5088-01A,B0,True,563.0,-0.4757839992263734,-0.678048230913087
repeated_stratified_group_kfold,42,0,2,TCGA-B0-5092-01A,B0,True,459.0,1.7544164061951568,1.6509889460781202
repeated_stratified_group_kfold,42,0,2,TCGA-B0-5094-01A,B0,True,333.0,1.7551000159247316,1.8030674900146006
repeated_stratified_group_kfold,42,0,2,TCGA-B0-5095-01A,B0,True,245.0,1.1165257316884996,0.9166251689443541
repeated_stratified_group_kfold,42,0,2,TCGA-B0-5096-01A,B0,True,68.0,1.1158421219589247,1.612770394498861
repeated_stratified_group_kfold,42,0,2,TCGA-B0-5097-01A,B0,False,665.0,0.7213269417433996,0.5934532310872752
repeated_stratified_group_kfold,42,0,2,TCGA-B0-5098-01A,B0,True,1584.0,-0.20334171496058467,0.2914445854025143
repeated_stratified_group_kfold,42,0,2,TCGA-B0-5099-01A,B0,True,485.0,1.601399266839571,1.0255763543413252
repeated_stratified_group_kfold,42,0,2,TCGA-B0-5100-01A,B0,True,1913.0,0.843399837693136,1.026975295361579
repeated_stratified_group_kfold,42,0,2,TCGA-B0-5102-01A,B0,True,2764.0,0.43395203769526364,0.24115776427985608
repeated_stratified_group_kfold,42,0,2,TCGA-B0-5106-01A,B0,True,1598.0,-0.14196346212092906,-0.08757166111950054
repeated_stratified_group_kfold,42,0,2,TCGA-B0-5107-01A,B0,True,927.0,2.1185842648556417,1.9097663126234552
repeated_stratified_group_kfold,42,0,2,TCGA-B0-5108-01A,B0,False,1782.0,0.29714804970240893,0.1774189580063978
repeated_stratified_group_kfold,42,0,2,TCGA-B0-5109-01A,B0,True,587.0,0.7523578730280149,0.9240023049975885
repeated_stratified_group_kfold,42,0,2,TCGA-B0-5110-01A,B0,False,2009.0,0.3429100730301424,-0.21844167276498425
repeated_stratified_group_kfold,42,0,2,TCGA-B0-5113-01A,B0,False,1175.0,1.0248001572938037,0.6064251502507789
repeated_stratified_group_kfold,42,0,2,TCGA-B0-5115-01A,B0,False,1604.0,1.1785009063789642,0.726381671623479
repeated_stratified_group_kfold,42,0,2,TCGA-B0-5116-01A,B0,False,1274.0,0.23645340659232816,-0.2242911624227438
repeated_stratified_group_kfold,42,0,2,TCGA-B0-5117-01A,B0,False,1608.0,-0.8702991794418986,-0.7537246008996688
repeated_stratified_group_kfold,42,0,2,TCGA-B0-5119-01A,B0,False,1552.0,0.03943685747973847,-0.571293244862357
repeated_stratified_group_kfold,42,0,2,TCGA-B0-5120-01A,B0,False,1169.0,0.3732573945851828,0.25861153769032447
repeated_stratified_group_kfold,42,0,2,TCGA-B0-5121-01A,B0,False,1485.0,-0.3847420345612522,-0.8739345127205247
repeated_stratified_group_kfold,42,0,2,TCGA-B0-5399-01A,B0,False,1411.0,-0.6882152501116561,-1.0498064518395263
repeated_stratified_group_kfold,42,0,2,TCGA-B0-5400-01A,B0,False,1733.0,0.7213269417433996,0.6133404831160337
repeated_stratified_group_kfold,42,0,2,TCGA-B0-5402-01A,B0,False,1290.0,1.8157946590348124,1.0268881881222025
repeated_stratified_group_kfold,42,0,2,TCGA-B0-5690-01A,B0,False,3392.0,-0.20334171496058467,-0.6575962905944748
repeated_stratified_group_kfold,42,0,2,TCGA-B0-5691-01A,B0,False,3431.0,0.19117346525494042,-0.0717681301245319
repeated_stratified_group_kfold,42,0,2,TCGA-B0-5692-01A,B0,False,3944.0,0.9337581926286823,0.41544508368345856
repeated_stratified_group_kfold,42,0,2,TCGA-B0-5693-01A,B0,False,4074.0,-0.385425644290827,-0.7744874984731022
repeated_stratified_group_kfold,42,0,2,TCGA-B0-5694-01A,B0,True,480.0,0.8130525161380957,0.3611100946964958
repeated_stratified_group_kfold,42,0,2,TCGA-B0-5695-01A,B0,False,2150.0,0.03943685747973847,-0.17834116192853383
repeated_stratified_group_kfold,42,0,2,TCGA-B0-5696-01A,B0,False,2609.0,0.7523578730280149,0.38625648894188713
repeated_stratified_group_kfold,42,0,2,TCGA-B0-5697-01A,B0,False,2630.0,-0.5668259638914945,-0.5890130370061356
repeated_stratified_group_kfold,42,0,2,TCGA-B0-5698-01A,B0,False,3631.0,0.25255171809459603,-0.3542198544621775
repeated_stratified_group_kfold,42,0,2,TCGA-B0-5699-01A,B0,False,3841.0,-0.4757839992263734,-1.1461785395136408
repeated_stratified_group_kfold,42,0,2,TCGA-B0-5700-01A,B0,False,1790.0,0.25255171809459603,-0.2381074623844932
repeated_stratified_group_kfold,42,0,2,TCGA-B0-5701-01A,B0,False,2461.0,0.6309685868078533,0.5961423159036745
repeated_stratified_group_kfold,42,0,2,TCGA-B0-5702-01A,B0,False,2172.0,0.07046778876435372,0.05292151050375227
repeated_stratified_group_kfold,42,0,2,TCGA-B0-5703-01A,B0,False,2246.0,0.1311624318744345,-0.35182945664460896
repeated_stratified_group_kfold,42,0,2,TCGA-B0-5705-01A,B0,False,4537.0,0.16082614369990006,-0.36064622287718706
repeated_stratified_group_kfold,42,0,2,TCGA-B0-5706-01A,B0,False,3205.0,-0.5285581461393623,-0.36808199678319015
repeated_stratified_group_kfold,42,0,2,TCGA-B0-5707-01A,B0,False,3744.0,-0.6282042167311501,-0.5219868925695571
repeated_stratified_group_kfold,42,0,2,TCGA-B0-5709-01A,B0,False,3974.0,0.8123689064085208,0.49367938318179694
repeated_stratified_group_kfold,42,0,2,TCGA-B0-5710-01A,B0,False,2430.0,-0.35439471300621184,-0.6921984855432259
repeated_stratified_group_kfold,42,0,2,TCGA-B0-5711-01A,B0,False,3989.0,0.1757587634822474,-0.4391212306339964
repeated_stratified_group_kfold,42,0,2,TCGA-B0-5712-01A,B0,False,2722.0,2.209626229520763,1.6481468576167058
repeated_stratified_group_kfold,42,0,2,TCGA-B0-5713-01A,B0,False,2782.0,1.2068840866240458,0.4072173043508196
repeated_stratified_group_kfold,42,0,2,TCGA-B0-5812-01A,B0,False,3834.0,-0.4757839992263734,-0.9032450060911541
repeated_stratified_group_kfold,42,0,2,TCGA-B4-5377-01A,B4,False,365.0,2.209626229520763,1.578242566815639
repeated_stratified_group_kfold,42,0,2,TCGA-B4-5378-01A,B4,False,175.0,-0.20265810523100986,-0.3063919195686695
repeated_stratified_group_kfold,42,0,2,TCGA-B4-5832-01A,B4,False,155.0,0.6309685868078533,0.6313483737805018
repeated_stratified_group_kfold,42,0,2,TCGA-B4-5834-01A,B4,False,38.0,-0.293700069896131,-0.7687757832875919
repeated_stratified_group_kfold,42,0,2,TCGA-B4-5835-01A,B4,False,16.0,0.13047882214485965,-0.15823120648008632
repeated_stratified_group_kfold,42,0,2,TCGA-B4-5836-01A,B4,False,141.0,0.03943685747973847,-0.34321059163176076
repeated_stratified_group_kfold,42,0,2,TCGA-B4-5838-01A,B4,False,166.0,2.287177828091579,0.759604507249851
repeated_stratified_group_kfold,42,0,2,TCGA-B4-5843-01A,B4,False,11.0,-0.7185625716666966,-1.120172259294869
repeated_stratified_group_kfold,42,0,2,TCGA-B4-5844-01A,B4,False,7.0,0.22944128300707264,-0.460532516274735
repeated_stratified_group_kfold,42,0,3,TCGA-AK-3425-01A,AK,False,3343.0,0.29704136427384786,-0.12964645949095527
repeated_stratified_group_kfold,42,0,3,TCGA-AK-3426-01A,AK,True,885.0,0.20559016836501698,0.19691570772047273
repeated_stratified_group_kfold,42,0,3,TCGA-AK-3427-01A,AK,False,3583.0,0.1971512018129699,0.41126920359690855
repeated_stratified_group_kfold,42,0,3,TCGA-AK-3428-01A,AK,False,3728.0,1.0380081888723331,0.016386665945252954
repeated_stratified_group_kfold,42,0,3,TCGA-AK-3429-01A,AK,False,3328.0,-0.06526176778943774,-0.8037989988354579
repeated_stratified_group_kfold,42,0,3,TCGA-AK-3431-01A,AK,True,2241.0,0.20111199877290342,-0.46034873215864514
repeated_stratified_group_kfold,42,0,3,TCGA-AK-3433-01A,AK,False,3409.0,-0.26504209271119356,-0.008850146943250037
repeated_stratified_group_kfold,42,0,3,TCGA-AK-3434-01A,AK,False,2087.0,0.43022824755501843,-0.4994157939325681
repeated_stratified_group_kfold,42,0,3,TCGA-AK-3436-01A,AK,False,3331.0,1.2083725945436137,0.5068926437635939
repeated_stratified_group_kfold,42,0,3,TCGA-AK-3440-01A,AK,False,2865.0,-0.03592584392907859,0.20988740552490792
repeated_stratified_group_kfold,42,0,3,TCGA-AK-3443-01A,AK,False,1423.0,-0.32958726096438073,-0.4659525036798582
repeated_stratified_group_kfold,42,0,3,TCGA-AK-3444-01A,AK,False,1471.0,0.6612570199096689,-0.41770369812823394
repeated_stratified_group_kfold,42,0,3,TCGA-AK-3445-01A,AK,False,2392.0,1.2710852346143815,0.9713436610989918
repeated_stratified_group_kfold,42,0,3,TCGA-AK-3447-01A,AK,False,1217.0,0.9356881302067398,1.1246162206679104
repeated_stratified_group_kfold,42,0,3,TCGA-AK-3450-01A,AK,False,1508.0,0.827740624011132,0.015173533425740793
repeated_stratified_group_kfold,42,0,3,TCGA-AK-3451-01A,AK,False,2868.0,-0.2296970985035028,-1.0522944448633542
repeated_stratified_group_kfold,42,0,3,TCGA-AK-3453-01A,AK,False,2531.0,0.06792511549173284,-0.7525308883996199
repeated_stratified_group_kfold,42,0,3,TCGA-AK-3454-01A,AK,False,874.0,0.8297888973985302,0.7782820861131561
repeated_stratified_group_kfold,42,0,3,TCGA-AK-3455-01A,AK,True,683.0,1.3023336820472762,0.27316866181554444
repeated_stratified_group_kfold,42,0,3,TCGA-AK-3456-01A,AK,False,1143.0,-0.2296970985035028,-0.5223705086110383
repeated_stratified_group_kfold,42,0,3,TCGA-AK-3458-01A,AK,False,1168.0,-0.36889305213200496,-0.9914781791751339
repeated_stratified_group_kfold,42,0,3,TCGA-AK-3460-01A,AK,False,2508.0,-0.03592584392907859,-0.7053139688910277
repeated_stratified_group_kfold,42,0,3,TCGA-AK-3461-01A,AK,False,2217.0,0.43022824755501843,-0.16167464101676066
repeated_stratified_group_kfold,42,0,3,TCGA-AK-3465-01A,AK,False,369.0,0.36158653252703504,0.12402009133122083
repeated_stratified_group_kfold,42,0,3,TCGA-B2-3923-01A,B2,False,992.0,0.13656683051971624,0.45692744867452595
repeated_stratified_group_kfold,42,0,3,TCGA-B2-3924-01A,B2,False,1092.0,0.4635249683753111,-0.42254715687210403
repeated_stratified_group_kfold,42,0,3,TCGA-B2-4098-01A,B2,True,51.0,0.39488325334732766,0.04915353513800269
repeated_stratified_group_kfold,42,0,3,TCGA-B2-4099-01A,B2,False,972.0,0.7964921765782376,-0.2742525814649283
repeated_stratified_group_kfold,42,0,3,TCGA-B2-4101-01A,B2,False,648.0,-0.09651021522233225,-0.9067445489115651
repeated_stratified_group_kfold,42,0,3,TCGA-B2-4102-01A,B2,False,952.0,0.06396431853179935,-0.8533115462573225
repeated_stratified_group_kfold,42,0,3,TCGA-B2-5633-01A,B2,False,963.0,-0.10251928556966386,-0.5020863363576917
repeated_stratified_group_kfold,42,0,3,TCGA-B2-5635-01A,B2,False,755.0,0.49682168919560377,-0.15626991227286569
repeated_stratified_group_kfold,42,0,3,TCGA-B2-5636-01A,B2,False,919.0,0.663305293297067,0.2926015448211774
repeated_stratified_group_kfold,42,0,3,TCGA-B2-5639-01A,B2,True,1003.0,1.4081529194653695,0.43239159999431975
repeated_stratified_group_kfold,42,0,3,TCGA-B2-5641-01A,B2,False,656.0,0.663305293297067,0.2161023643343689
repeated_stratified_group_kfold,42,0,3,TCGA-B2-A4SR-01A,B2,False,507.0,0.20316027216030152,-0.8236262502333911
repeated_stratified_group_kfold,42,0,3,TCGA-B8-4143-01A,B8,True,709.0,2.0387423416635313,2.1313437263583133
repeated_stratified_group_kfold,42,0,3,TCGA-B8-4146-01B,B8,False,511.0,-0.6373150920817443,-1.4970068042621163
repeated_stratified_group_kfold,42,0,3,TCGA-B8-4148-01A,B8,False,1520.0,0.09521276596469389,-0.8629191305068492
repeated_stratified_group_kfold,42,0,3,TCGA-B8-4151-01A,B8,False,1299.0,0.6363992656414232,-0.5808164936052259
repeated_stratified_group_kfold,42,0,3,TCGA-B8-4153-01B,B8,False,762.0,1.437568838715845,0.32313959833880845
repeated_stratified_group_kfold,42,0,3,TCGA-B8-4154-01A,B8,False,1380.0,0.4281799741676203,-0.7797231912928085
repeated_stratified_group_kfold,42,0,3,TCGA-B8-4619-01A,B8,False,523.0,-0.03592584392907859,0.2632065058706776
repeated_stratified_group_kfold,42,0,3,TCGA-B8-4620-01A,B8,False,777.0,1.2690369612269834,1.0448955890833143
repeated_stratified_group_kfold,42,0,3,TCGA-B8-4621-01A,B8,False,788.0,0.13055776017238463,-0.26573192243798177
repeated_stratified_group_kfold,42,0,3,TCGA-B8-4622-01A,B8,False,1525.0,1.7744168484885885,0.85050515384095
repeated_stratified_group_kfold,42,0,3,TCGA-B8-5158-01A,B8,False,1218.0,0.8382278639505772,0.025728412197937534
repeated_stratified_group_kfold,42,0,3,TCGA-B8-5159-01A,B8,False,722.0,0.028619324324108606,-0.9409408105934207
repeated_stratified_group_kfold,42,0,3,TCGA-B8-5162-01A,B8,False,36.0,0.23645699298059417,0.130277818232434
repeated_stratified_group_kfold,42,0,3,TCGA-B8-5163-01A,B8,False,822.0,1.035959915484935,0.8125136312679861
repeated_stratified_group_kfold,42,0,3,TCGA-B8-5164-01A,B8,False,26.0,1.137898351333211,0.014741879620826293
repeated_stratified_group_kfold,42,0,3,TCGA-B8-5165-01A,B8,False,737.0,-0.5353766562334682,-1.4907335398186619
repeated_stratified_group_kfold,42,0,3,TCGA-B8-5545-01A,B8,False,1525.0,-0.5686733770537609,-1.1213033869179305
repeated_stratified_group_kfold,42,0,3,TCGA-B8-5546-01A,B8,False,505.0,-0.7372052545426222,-0.8020363524919132
repeated_stratified_group_kfold,42,0,3,TCGA-B8-5549-01A,B8,False,194.0,-0.2024094480305418,-0.7919803429110628
repeated_stratified_group_kfold,42,0,3,TCGA-B8-5550-01A,B8,False,1476.0,1.3376786762549668,0.9332014780492484
repeated_stratified_group_kfold,42,0,3,TCGA-B8-5551-01A,B8,False,16.0,0.16180620760527917,0.1689982243117345
repeated_stratified_group_kfold,42,0,3,TCGA-B8-5552-01B,B8,False,1046.0,-0.6373150920817443,-1.397996719770666
repeated_stratified_group_kfold,42,0,3,TCGA-B8-5553-01A,B8,False,435.0,0.22839964924586445,-0.8076621271401309
repeated_stratified_group_kfold,42,0,3,TCGA-B8-A54D-01A,B8,False,830.0,1.2710852346143815,0.5552107339436716
repeated_stratified_group_kfold,42,0,3,TCGA-B8-A54E-01A,B8,False,909.0,0.06191604514440125,-0.08398642625124386
repeated_stratified_group_kfold,42,0,3,TCGA-B8-A54F-01A,B8,False,519.0,-0.3709413255194031,-0.6048597923053215
repeated_stratified_group_kfold,42,0,3,TCGA-B8-A54G-01A,B8,False,53.0,-0.30229961049141973,-1.1410319784478826
repeated_stratified_group_kfold,42,0,3,TCGA-B8-A54H-01A,B8,False,256.0,0.43418904451495194,-0.3438315765709006
repeated_stratified_group_kfold,42,0,3,TCGA-B8-A54I-01A,B8,False,150.0,-0.36889305213200496,-0.6144524198419612
repeated_stratified_group_kfold,42,0,3,TCGA-B8-A54J-01A,B8,False,528.0,0.16986355134000888,-0.9197860889290386
repeated_stratified_group_kfold,42,0,3,TCGA-B8-A54K-01A,B8,False,469.0,0.06396431853179935,0.2086473014229775
repeated_stratified_group_kfold,42,0,3,TCGA-B8-A7U6-01A,B8,False,495.0,-0.2044577214179399,-1.0506568671432182
repeated_stratified_group_kfold,42,0,3,TCGA-B8-A8YJ-01A,B8,False,431.0,-0.004677396496184039,-0.30053253490991727
repeated_stratified_group_kfold,42,0,3,TCGA-CZ-4853-01A,CZ,False,774.0,0.7631954557579449,-0.4586196215544087
repeated_stratified_group_kfold,42,0,3,TCGA-CZ-4854-01A,CZ,True,1404.0,0.29704136427384786,0.12086666290321291
repeated_stratified_group_kfold,42,0,3,TCGA-CZ-4856-01A,CZ,False,18.0,0.06191604514440125,-0.8673494930498199
repeated_stratified_group_kfold,42,0,3,TCGA-CZ-4857-01A,CZ,True,1432.0,1.7411201276682957,1.2518422192383414
repeated_stratified_group_kfold,42,0,3,TCGA-CZ-4858-01A,CZ,True,2105.0,-0.5293675858861365,0.24059325492498385
repeated_stratified_group_kfold,42,0,3,TCGA-CZ-4859-01A,CZ,False,1787.0,-0.03797411731647669,-1.3097321571066816
repeated_stratified_group_kfold,42,0,3,TCGA-CZ-4860-01A,CZ,True,206.0,1.8743070109494664,1.943219427319541
repeated_stratified_group_kfold,42,0,3,TCGA-CZ-4861-01A,CZ,True,446.0,0.2697537138008868,-0.4032433708973905
repeated_stratified_group_kfold,42,0,3,TCGA-CZ-4862-01A,CZ,False,3271.0,-0.4354864937725903,-0.7816127449885101
repeated_stratified_group_kfold,42,0,3,TCGA-CZ-4863-01A,CZ,False,1928.0,0.6363992656414232,-0.339210681107878
repeated_stratified_group_kfold,42,0,3,TCGA-CZ-4864-01A,CZ,True,1315.0,1.0355782926676174,0.1781810943556702
repeated_stratified_group_kfold,42,0,3,TCGA-CZ-4865-01A,CZ,True,166.0,0.3282898117067424,-0.23051571453029973
repeated_stratified_group_kfold,42,0,3,TCGA-CZ-4866-01A,CZ,False,3267.0,0.6279602990893762,0.22204762594511473
repeated_stratified_group_kfold,42,0,3,TCGA-CZ-5451-01A,CZ,False,1929.0,0.6360176428241059,-0.5684991916994684
repeated_stratified_group_kfold,42,0,3,TCGA-CZ-5452-01A,CZ,False,1789.0,0.46953403872264265,-0.4339440513311563
repeated_stratified_group_kfold,42,0,3,TCGA-CZ-5453-01A,CZ,True,2419.0,0.40294059708205743,-0.4078142058696082
repeated_stratified_group_kfold,42,0,3,TCGA-CZ-5454-01A,CZ,True,722.0,1.9741971734103443,0.9889391056538106
repeated_stratified_group_kfold,42,0,3,TCGA-CZ-5455-01A,CZ,True,561.0,1.9741971734103443,0.9569270076508416
repeated_stratified_group_kfold,42,0,3,TCGA-CZ-5456-01A,CZ,False,2422.0,0.06997338887913096,-0.5015214545109767
repeated_stratified_group_kfold,42,0,3,TCGA-CZ-5457-01A,CZ,False,2754.0,1.0380081888723331,0.08176942715506585
repeated_stratified_group_kfold,42,0,3,TCGA-CZ-5458-01A,CZ,False,2789.0,0.4053704932867729,-0.7165739958582493
repeated_stratified_group_kfold,42,0,3,TCGA-CZ-5459-01A,CZ,False,1683.0,1.0713049096926257,0.507717017305735
repeated_stratified_group_kfold,42,0,3,TCGA-CZ-5460-01A,CZ,False,2873.0,1.7078234068480032,0.7982098358045466
repeated_stratified_group_kfold,42,0,3,TCGA-CZ-5461-01A,CZ,True,330.0,1.6079332443871253,0.6885123416748717
repeated_stratified_group_kfold,42,0,3,TCGA-CZ-5462-01A,CZ,True,311.0,2.640131589816197,2.1062992527333284
repeated_stratified_group_kfold,42,0,3,TCGA-CZ-5463-01A,CZ,False,662.0,0.7026110844646912,-0.4611946516470366
repeated_stratified_group_kfold,42,0,3,TCGA-CZ-5464-01A,CZ,False,2128.0,2.1739774983321003,1.5265694471799087
repeated_stratified_group_kfold,42,0,3,TCGA-CZ-5465-01A,CZ,True,2564.0,1.4688172861487394,0.3551965610621677
repeated_stratified_group_kfold,42,0,3,TCGA-CZ-5466-01A,CZ,False,685.0,1.2044917929737964,0.21951993811341364
repeated_stratified_group_kfold,42,0,3,TCGA-CZ-5467-01A,CZ,True,73.0,1.8017844943516657,1.3625551895762433
repeated_stratified_group_kfold,42,0,3,TCGA-CZ-5468-01A,CZ,True,59.0,2.67342831063649,2.8227454875312112
repeated_stratified_group_kfold,42,0,3,TCGA-CZ-5469-01A,CZ,True,946.0,-0.4627741442455514,-0.5660403287121196
repeated_stratified_group_kfold,42,0,3,TCGA-CZ-5470-01A,CZ,False,386.0,0.5340792069758298,-0.6356522215744769
repeated_stratified_group_kfold,42,0,3,TCGA-CZ-5982-01A,CZ,False,2439.0,-0.03797411731647669,-1.1582286411518188
repeated_stratified_group_kfold,42,0,3,TCGA-CZ-5984-01A,CZ,False,2067.0,-0.26900288967112707,-0.7568528869170046
repeated_stratified_group_kfold,42,0,3,TCGA-CZ-5985-01A,CZ,False,1997.0,0.10327010969942359,-0.6573533239132949
repeated_stratified_group_kfold,42,0,3,TCGA-CZ-5986-01A,CZ,False,373.0,0.06396431853179935,-0.8205615961416294
repeated_stratified_group_kfold,42,0,3,TCGA-CZ-5987-01A,CZ,True,445.0,1.8743070109494664,1.137468020753814
repeated_stratified_group_kfold,42,0,3,TCGA-CZ-5988-01A,CZ,False,693.0,-0.7018602603349314,-1.1884323713438318
repeated_stratified_group_kfold,42,0,3,TCGA-CZ-5989-01A,CZ,False,1905.0,0.16986355134000888,-0.8766793904626611
repeated_stratified_group_kfold,42,0,4,TCGA-CJ-4634-01A,CJ,False,3498.0,-0.03915466739432584,-0.8443466052011135
repeated_stratified_group_kfold,42,0,4,TCGA-CJ-4635-01A,CJ,False,1416.0,-0.5038013315745002,-0.8761988047358973
repeated_stratified_group_kfold,42,0,4,TCGA-CJ-4636-01A,CJ,False,1924.0,0.728868865598403,0.28497608664372476
repeated_stratified_group_kfold,42,0,4,TCGA-CJ-4637-01A,CJ,True,2227.0,1.8038771669547067,1.5119546247189501
repeated_stratified_group_kfold,42,0,4,TCGA-CJ-4638-01A,CJ,True,431.0,1.5710281714769456,1.1008142149308742
repeated_stratified_group_kfold,42,0,4,TCGA-CJ-4639-01A,CJ,False,3229.0,0.03641880581439938,-0.9580291881929661
repeated_stratified_group_kfold,42,0,4,TCGA-CJ-4640-01A,CJ,False,3480.0,0.6512525337724826,-0.19489601822410252
repeated_stratified_group_kfold,42,0,4,TCGA-CJ-4641-01A,CJ,True,1661.0,1.9203016646935873,1.394012775658859
repeated_stratified_group_kfold,42,0,4,TCGA-CJ-4642-01B,CJ,False,3205.0,-0.04014619923617315,-0.4279635948691773
repeated_stratified_group_kfold,42,0,4,TCGA-CJ-4643-01A,CJ,False,1793.0,0.734965792247683,-0.18020221857029406
repeated_stratified_group_kfold,42,0,4,TCGA-CJ-4644-01A,CJ,True,336.0,1.648644503302866,0.7342768679651355
repeated_stratified_group_kfold,42,0,4,TCGA-CJ-4868-01A,CJ,True,646.0,1.4168468346004526,1.2636534780033477
repeated_stratified_group_kfold,42,0,4,TCGA-CJ-4869-01A,CJ,False,2554.0,0.6512525337724826,-0.13519813825296056
repeated_stratified_group_kfold,42,0,4,TCGA-CJ-4870-01A,CJ,False,1498.0,0.9994747002137766,0.020618068872898077
repeated_stratified_group_kfold,42,0,4,TCGA-CJ-4871-01A,CJ,False,2423.0,2.231818318772617,1.5872100759930188
repeated_stratified_group_kfold,42,0,4,TCGA-CJ-4872-01A,CJ,False,1435.0,-0.3873768338356197,-0.8930592267521994
repeated_stratified_group_kfold,42,0,4,TCGA-CJ-4873-01A,CJ,False,1776.0,2.047295179863702,2.0162363083902304
repeated_stratified_group_kfold,42,0,4,TCGA-CJ-4874-01A,CJ,False,2283.0,0.4653514894741567,-0.5515365156565489
repeated_stratified_group_kfold,42,0,4,TCGA-CJ-4875-01A,CJ,True,3554.0,2.3870509824244577,1.8150742016310302
repeated_stratified_group_kfold,42,0,4,TCGA-CJ-4876-01A,CJ,False,1955.0,0.3479354598934289,-0.6819555737448266
repeated_stratified_group_kfold,42,0,4,TCGA-CJ-4878-01A,CJ,False,2186.0,1.5039808570822593,0.7309313084787488
repeated_stratified_group_kfold,42,0,4,TCGA-CJ-4881-01A,CJ,False,2014.0,0.340787206468801,0.034278218450561004
repeated_stratified_group_kfold,42,0,4,TCGA-CJ-4882-01A,CJ,False,1883.0,0.9617178610761642,0.5899231195504739
repeated_stratified_group_kfold,42,0,4,TCGA-CJ-4884-01A,CJ,False,1759.0,1.5427890229952195,0.49274513032927336
repeated_stratified_group_kfold,42,0,4,TCGA-CJ-4885-01A,CJ,False,3451.0,2.270626484685577,1.4740435299559564
repeated_stratified_group_kfold,42,0,4,TCGA-CJ-4886-01A,CJ,False,1952.0,-0.7377016538276094,-1.7092041045608741
repeated_stratified_group_kfold,42,0,4,TCGA-CJ-4887-01A,CJ,True,932.0,1.6496958300782139,0.6917811757243411
repeated_stratified_group_kfold,42,0,4,TCGA-CJ-4888-01A,CJ,True,1567.0,2.076585655120776,1.7278687065623162
repeated_stratified_group_kfold,42,0,4,TCGA-CJ-4889-01A,CJ,False,1946.0,0.07726983034455477,-0.23345565216120406
repeated_stratified_group_kfold,42,0,4,TCGA-CJ-4890-01A,CJ,False,3519.0,2.5810918119892587,2.2278938530637054
repeated_stratified_group_kfold,42,0,4,TCGA-CJ-4891-01A,CJ,True,819.0,0.9606665343008164,1.015992759854476
repeated_stratified_group_kfold,42,0,4,TCGA-CJ-4892-01A,CJ,False,1521.0,0.15488616217047516,-0.6176861992030437
repeated_stratified_group_kfold,42,0,4,TCGA-CJ-4893-01A,CJ,False,750.0,0.5817759872130374,-0.22352204352647465
repeated_stratified_group_kfold,42,0,4,TCGA-CJ-4894-01A,CJ,True,841.0,1.0005260269891245,0.017003568414086234
repeated_stratified_group_kfold,42,0,4,TCGA-CJ-4895-01A,CJ,True,1200.0,2.1930101528596566,1.9708020488603228
repeated_stratified_group_kfold,42,0,4,TCGA-CJ-4897-01A,CJ,False,3341.0,1.814446184385941,0.5348727787312773
repeated_stratified_group_kfold,42,0,4,TCGA-CJ-4899-01A,CJ,False,1528.0,-0.7366503270522615,-1.3105045338908736
repeated_stratified_group_kfold,42,0,4,TCGA-CJ-4900-01A,CJ,True,1714.0,2.46361598747503,2.2609862116776718
repeated_stratified_group_kfold,42,0,4,TCGA-CJ-4901-01A,CJ,False,1450.0,0.5736362019465622,0.32347191742474823
repeated_stratified_group_kfold,42,0,4,TCGA-CJ-4902-01A,CJ,False,1520.0,1.116950524728005,0.5768413266102019
repeated_stratified_group_kfold,42,0,4,TCGA-CJ-4903-01A,CJ,False,1560.0,-0.42618499974857993,-0.9598236290557032
repeated_stratified_group_kfold,42,0,4,TCGA-CJ-4904-01A,CJ,False,3302.0,2.114342494258388,1.2318974531374787
repeated_stratified_group_kfold,42,0,4,TCGA-CJ-4905-01A,CJ,False,1496.0,0.038461664431594565,-0.6968299901307965
repeated_stratified_group_kfold,42,0,4,TCGA-CJ-4907-01A,CJ,False,1499.0,1.0005260269891245,-0.03047186873793284
repeated_stratified_group_kfold,42,0,4,TCGA-CJ-4908-01A,CJ,False,1531.0,-0.8918829907041023,-1.2526098101819922
repeated_stratified_group_kfold,42,0,4,TCGA-CJ-4912-01A,CJ,False,1657.0,0.5031681235452697,0.15707224241386486
repeated_stratified_group_kfold,42,0,4,TCGA-CJ-4916-01A,CJ,False,1373.0,1.4263645252563388,0.6175084796518036
repeated_stratified_group_kfold,42,0,4,TCGA-CJ-4918-01A,CJ,True,93.0,2.270626484685577,2.097202960988368
repeated_stratified_group_kfold,42,0,4,TCGA-CJ-4920-01A,CJ,True,139.0,0.11607799625751496,-0.08444997963797196
repeated_stratified_group_kfold,42,0,4,TCGA-CJ-4923-01A,CJ,True,572.0,2.230766991997269,1.894796728268107
repeated_stratified_group_kfold,42,0,4,TCGA-CJ-5671-01A,CJ,False,3987.0,-0.3873768338356197,-0.9788042840890089
repeated_stratified_group_kfold,42,0,4,TCGA-CJ-5672-01A,CJ,True,1972.0,0.8932926412920669,0.11785979569631877
repeated_stratified_group_kfold,42,0,4,TCGA-CJ-5675-01A,CJ,False,3936.0,0.8524416167619114,-0.17554692498792124
repeated_stratified_group_kfold,42,0,4,TCGA-CJ-5676-01A,CJ,False,4067.0,0.5736362019465622,-0.2557469621153664
repeated_stratified_group_kfold,42,0,4,TCGA-CJ-5677-01A,CJ,True,782.0,1.881493498780627,1.6413425617540676
repeated_stratified_group_kfold,42,0,4,TCGA-CJ-5678-01A,CJ,True,574.0,2.1930101528596566,1.231317494641368
repeated_stratified_group_kfold,42,0,4,TCGA-CJ-5679-01A,CJ,True,679.0,1.5826485156835273,0.9702559543217388
repeated_stratified_group_kfold,42,0,4,TCGA-CJ-5680-01A,CJ,True,768.0,2.3083833238231892,1.6914961170726701
repeated_stratified_group_kfold,42,0,4,TCGA-CJ-5681-01A,CJ,True,552.0,1.4934118396510252,1.3050976836552266
repeated_stratified_group_kfold,42,0,4,TCGA-CJ-5682-01A,CJ,False,3736.0,2.115393821033736,0.9780035313921303
repeated_stratified_group_kfold,42,0,4,TCGA-CJ-5683-01A,CJ,False,1889.0,0.6604436458143057,0.02575871441135469
repeated_stratified_group_kfold,42,0,4,TCGA-CJ-5684-01A,CJ,False,2231.0,1.116950524728005,0.03785308300790846
repeated_stratified_group_kfold,42,0,4,TCGA-CJ-5686-01A,CJ,False,2038.0,-0.07796283330728604,-1.058951414887431
repeated_stratified_group_kfold,42,0,4,TCGA-CJ-6027-01A,CJ,True,3615.0,0.6216354799013455,0.18878680958749083
repeated_stratified_group_kfold,42,0,4,TCGA-CJ-6028-01A,CJ,True,1625.0,2.0377774892078158,1.43988258191252
repeated_stratified_group_kfold,42,0,4,TCGA-CJ-6030-01A,CJ,True,2299.0,0.15593748894582304,-0.1654540868577219
repeated_stratified_group_kfold,42,0,4,TCGA-CJ-6031-01A,CJ,False,1906.0,-0.27095233609673913,-0.7135373839230249
repeated_stratified_group_kfold,42,0,4,TCGA-CJ-6032-01A,CJ,False,3639.0,0.5797331285958423,-0.357926348568023
repeated_stratified_group_kfold,42,0,4,TCGA-CJ-6033-01A,CJ,True,224.0,1.881493498780627,1.4385145207204113
repeated_stratified_group_kfold,42,0,4,TCGA-DV-5565-01A,DV,False,1329.0,-0.07691150653193814,-0.5573270944162673
repeated_stratified_group_kfold,42,0,4,TCGA-DV-5566-01A,DV,False,1398.0,0.23250249399639555,-0.6547027105781907
repeated_stratified_group_kfold,42,0,4,TCGA-DV-5567-01A,DV,False,2004.0,-0.8153179856535298,-1.217463953670762
repeated_stratified_group_kfold,42,0,4,TCGA-DV-5568-01A,DV,False,370.0,-1.3575809816596247,-1.9515098572507943
repeated_stratified_group_kfold,42,0,4,TCGA-DV-5569-01A,DV,False,355.0,-1.2422078106960919,-2.0076159962497386
repeated_stratified_group_kfold,42,0,4,TCGA-DV-5573-01A,DV,False,1130.0,-0.7754584929652217,-1.3921994662125785
repeated_stratified_group_kfold,42,0,4,TCGA-DV-5574-01A,DV,False,2016.0,-0.9306911566170626,-1.3648979592549653
repeated_stratified_group_kfold,42,0,4,TCGA-DV-5575-01A,DV,False,1729.0,-0.3496199946980074,-1.3011331611379546
repeated_stratified_group_kfold,42,0,4,TCGA-DV-5576-01A,DV,True,727.0,-0.23319549695912684,-0.8023817632047119
repeated_stratified_group_kfold,42,0,4,TCGA-DV-A4VX-01A,DV,True,1626.0,2.076585655120776,1.4770775267300618
repeated_stratified_group_kfold,42,0,4,TCGA-DV-A4VZ-01A,DV,False,365.0,-0.3097605020096993,-0.2726665286942571
repeated_stratified_group_kfold,42,0,4,TCGA-DV-A4W0-01A,DV,False,2470.0,-0.23214417018377895,-0.42127145600310456
repeated_stratified_group_kfold,123,1,0,TCGA-BP-4158-01A,BP,False,3377.0,0.2368073975248432,-0.4342452755509183
repeated_stratified_group_kfold,123,1,0,TCGA-BP-4159-01A,BP,True,2601.0,0.2636433832877775,-0.40050833914082495
repeated_stratified_group_kfold,123,1,0,TCGA-BP-4160-01A,BP,False,2881.0,1.1694730586816142,0.1501577483655171
repeated_stratified_group_kfold,123,1,0,TCGA-BP-4161-01A,BP,False,2746.0,0.3709873263395148,-0.40247702593281437
repeated_stratified_group_kfold,123,1,0,TCGA-BP-4162-01A,BP,False,3074.0,0.10977097018792002,-1.0354916245939771
repeated_stratified_group_kfold,123,1,0,TCGA-BP-4163-01A,BP,False,2839.0,0.9619286740558879,0.30814844891352167
repeated_stratified_group_kfold,123,1,0,TCGA-BP-4164-01A,BP,True,992.0,0.7204048021894789,-0.11993707704518647
repeated_stratified_group_kfold,123,1,0,TCGA-BP-4165-01A,BP,False,3037.0,0.08293498442498569,-0.8410444364138459
repeated_stratified_group_kfold,123,1,0,TCGA-BP-4166-01A,BP,False,13.0,1.2231450302074829,0.29219435889045864
repeated_stratified_group_kfold,123,1,0,TCGA-BP-4167-01A,BP,False,2718.0,0.9547851725781394,0.4225254356765923
repeated_stratified_group_kfold,123,1,0,TCGA-BP-4169-01A,BP,True,701.0,0.6388601000480649,0.23770419837357948
repeated_stratified_group_kfold,123,1,0,TCGA-BP-4170-01A,BP,True,2343.0,0.2976228705284603,-0.5804110011912508
repeated_stratified_group_kfold,123,1,0,TCGA-BP-4173-01A,BP,False,1893.0,-0.11969100279184477,-0.6040452417044031
repeated_stratified_group_kfold,123,1,0,TCGA-BP-4174-01A,BP,False,1879.0,-0.06601903126597611,-0.625600765318842
repeated_stratified_group_kfold,123,1,0,TCGA-BP-4176-01A,BP,False,1955.0,0.10262746871017152,-0.26682192402525784
repeated_stratified_group_kfold,123,1,0,TCGA-BP-4177-01A,BP,False,1670.0,0.12946345447310587,-0.4832998264064153
repeated_stratified_group_kfold,123,1,0,TCGA-BP-4325-01A,BP,False,2964.0,0.08293498442498569,-1.0699772037196311
repeated_stratified_group_kfold,123,1,0,TCGA-BP-4326-01A,BP,True,1625.0,-0.21226085896729194,-0.3552922953759021
repeated_stratified_group_kfold,123,1,0,TCGA-BP-4327-01A,BP,True,109.0,0.6120241142851306,0.09168128774468842
repeated_stratified_group_kfold,123,1,0,TCGA-BP-4329-01A,BP,True,845.0,1.3841609447850887,0.21493219223547722
repeated_stratified_group_kfold,123,1,0,TCGA-BP-4330-01A,BP,False,1888.0,0.9619286740558879,-0.023938277808650987
repeated_stratified_group_kfold,123,1,0,TCGA-BP-4331-01A,BP,True,2454.0,-0.21940436044504044,-0.9372361326862935
repeated_stratified_group_kfold,123,1,0,TCGA-BP-4332-01A,BP,False,1133.0,0.3375575000306499,-0.8946120368823511
repeated_stratified_group_kfold,123,1,0,TCGA-BP-4334-01A,BP,True,645.0,0.8742772152893364,0.6826221360572403
repeated_stratified_group_kfold,123,1,0,TCGA-BP-4335-01A,BP,True,475.0,2.0348275230616037,1.6474626567808959
repeated_stratified_group_kfold,123,1,0,TCGA-BP-4337-01A,BP,True,2.0,1.3913044462628372,1.0640697228688136
repeated_stratified_group_kfold,123,1,0,TCGA-BP-4338-01A,BP,False,2859.0,-0.4609282323114494,-0.7443006839415327
repeated_stratified_group_kfold,123,1,0,TCGA-BP-4340-01A,BP,True,562.0,0.24395089900259165,-1.0994061655455658
repeated_stratified_group_kfold,123,1,0,TCGA-BP-4341-01A,BP,True,1589.0,1.1694730586816142,0.5389385827531369
repeated_stratified_group_kfold,123,1,0,TCGA-BP-4342-01A,BP,True,2256.0,0.7390605416220538,0.07574027401395833
repeated_stratified_group_kfold,123,1,0,TCGA-BP-4343-01A,BP,True,1912.0,1.088965101392811,-0.023924764193361536
repeated_stratified_group_kfold,123,1,0,TCGA-BP-4344-01A,BP,False,1666.0,0.37813082781726326,-0.189872494248139
repeated_stratified_group_kfold,123,1,0,TCGA-BP-4345-01A,BP,False,1516.0,1.0352931298669426,0.3859848835310088
repeated_stratified_group_kfold,123,1,0,TCGA-BP-4346-01A,BP,True,1493.0,0.9011132010522708,0.18152923464113802
repeated_stratified_group_kfold,123,1,0,TCGA-BP-4347-01A,BP,False,1367.0,1.3573249590221543,0.6382263950343531
repeated_stratified_group_kfold,123,1,0,TCGA-BP-4349-01A,BP,False,372.0,0.19027892747672304,-0.46695843065561116
repeated_stratified_group_kfold,123,1,0,TCGA-BP-4351-01A,BP,False,970.0,0.7204048021894789,0.10463804752608719
repeated_stratified_group_kfold,123,1,0,TCGA-BP-4352-01A,BP,True,344.0,2.2763513949280125,3.2527649216178576
repeated_stratified_group_kfold,123,1,0,TCGA-BP-4353-01A,BP,True,375.0,0.022119511421368546,-0.8506661111780669
repeated_stratified_group_kfold,123,1,0,TCGA-BP-4354-01A,BP,True,1034.0,1.3836203632734314,1.7173199769873895
repeated_stratified_group_kfold,123,1,0,TCGA-BP-4355-01A,BP,True,953.0,0.9350926882929536,0.25750473940048424
repeated_stratified_group_kfold,123,1,0,TCGA-BP-4756-01A,BP,False,374.0,0.029263012899117043,-0.02769591473659183
repeated_stratified_group_kfold,123,1,0,TCGA-BP-4758-01A,BP,False,2208.0,-0.5414361896002523,-0.9804134400257644
repeated_stratified_group_kfold,123,1,0,TCGA-BP-4759-01A,BP,False,2372.0,-0.2730763319709091,-0.9928561592363856
repeated_stratified_group_kfold,123,1,0,TCGA-BP-4760-01A,BP,False,2361.0,0.2368073975248432,0.350721805166215
repeated_stratified_group_kfold,123,1,0,TCGA-BP-4761-01A,BP,False,182.0,0.9011132010522708,1.183942158619991
repeated_stratified_group_kfold,123,1,0,TCGA-BP-4762-01A,BP,True,1343.0,-0.4877642180743837,-1.370627742373236
repeated_stratified_group_kfold,123,1,0,TCGA-BP-4763-01A,BP,True,1270.0,0.4854747708690006,-0.42362064377695324
repeated_stratified_group_kfold,123,1,0,TCGA-BP-4765-01A,BP,False,2184.0,-0.4609282323114494,-1.4502943862111068
repeated_stratified_group_kfold,123,1,0,TCGA-BP-4766-01A,BP,False,1462.0,-0.48062071659663524,-1.3270354836105847
repeated_stratified_group_kfold,123,1,0,TCGA-BP-4768-01A,BP,False,400.0,0.2976228705284603,-0.20037230112256527
repeated_stratified_group_kfold,123,1,0,TCGA-BP-4769-01A,BP,False,1876.0,0.0757914829472372,-0.15726043363036146
repeated_stratified_group_kfold,123,1,0,TCGA-BP-4770-01A,BP,True,329.0,2.2495154091650784,2.668816103157998
repeated_stratified_group_kfold,123,1,0,TCGA-BP-4771-01A,BP,True,162.0,1.9740120500579865,2.0590759071766644
repeated_stratified_group_kfold,123,1,0,TCGA-BP-4774-01A,BP,False,1885.0,-0.1049169159155546,-0.7084408824296202
repeated_stratified_group_kfold,123,1,0,TCGA-BP-4775-01A,BP,False,1843.0,-0.15858888744142327,-1.1537178953879845
repeated_stratified_group_kfold,123,1,0,TCGA-BP-4776-01A,BP,False,411.0,-0.21940436044504044,-0.7470632491262518
repeated_stratified_group_kfold,123,1,0,TCGA-BP-4777-01A,BP,False,1731.0,-0.38042027502264636,-1.2990281550639033
repeated_stratified_group_kfold,123,1,0,TCGA-BP-4781-01A,BP,False,2080.0,0.47833126939125215,0.10334105078665023
repeated_stratified_group_kfold,123,1,0,TCGA-BP-4782-01A,BP,False,354.0,-0.15858888744142327,-0.864571951044771
repeated_stratified_group_kfold,123,1,0,TCGA-BP-4784-01A,BP,False,1854.0,0.1634429417137887,0.16149478666160877
repeated_stratified_group_kfold,123,1,0,TCGA-BP-4787-01A,BP,True,480.0,1.8738116084839977,1.263874566456098
repeated_stratified_group_kfold,123,1,0,TCGA-BP-4789-01A,BP,False,1489.0,-0.32674830349677775,-1.2870975680756467
repeated_stratified_group_kfold,123,1,0,TCGA-BP-4790-01A,BP,True,1111.0,0.4246592978653835,-0.0005082808875842559
repeated_stratified_group_kfold,123,1,0,TCGA-BP-4795-01A,BP,False,620.0,0.351294842054329,0.40947247924116426
repeated_stratified_group_kfold,123,1,0,TCGA-BP-4797-01A,BP,False,1107.0,0.2838855285047813,-0.6424062098882805
repeated_stratified_group_kfold,123,1,0,TCGA-BP-4798-01A,BP,True,334.0,-4.4715795941288015,0.28067809153726053
repeated_stratified_group_kfold,123,1,0,TCGA-BP-4799-01A,BP,True,1133.0,1.249981015970417,1.0726396327004015
repeated_stratified_group_kfold,123,1,0,TCGA-BP-4801-01A,BP,False,1124.0,-0.08522443163036877,-0.830386192066308
repeated_stratified_group_kfold,123,1,0,TCGA-BP-4803-01A,BP,False,204.0,1.491504887836826,0.3436436648845319
repeated_stratified_group_kfold,123,1,0,TCGA-BP-4804-01A,BP,False,1459.0,-0.03155246010450011,-0.4529177707923274
repeated_stratified_group_kfold,123,1,0,TCGA-BP-4807-01A,BP,False,211.0,-0.4877642180743837,-1.580796860395885
repeated_stratified_group_kfold,123,1,0,TCGA-BP-4959-01A,BP,False,2660.0,-0.2999123177338434,-1.1026528581430735
repeated_stratified_group_kfold,123,1,0,TCGA-BP-4960-01A,BP,False,2172.0,-0.14652698855477905,-0.8589495958700102
repeated_stratified_group_kfold,123,1,0,TCGA-BP-4961-01A,BP,False,1935.0,-0.3535842892597121,-1.666116567856014
repeated_stratified_group_kfold,123,1,0,TCGA-BP-4962-01A,BP,False,1785.0,0.17550484060043287,-0.9039655369794095
repeated_stratified_group_kfold,123,1,0,TCGA-BP-4963-01A,BP,False,1834.0,0.0757914829472372,-0.8576275999896019
repeated_stratified_group_kfold,123,1,0,TCGA-BP-4964-01A,BP,False,1862.0,-0.1854248732043576,-0.9849070922408906
repeated_stratified_group_kfold,123,1,0,TCGA-BP-4965-01A,BP,False,1871.0,-0.38042027502264636,-1.1543977247994666
repeated_stratified_group_kfold,123,1,0,TCGA-BP-4967-01A,BP,False,205.0,1.410996930548023,1.1671596111357871
repeated_stratified_group_kfold,123,1,0,TCGA-BP-4968-01A,BP,False,1746.0,-0.5414361896002523,-1.5065533729098495
repeated_stratified_group_kfold,123,1,0,TCGA-BP-4969-01A,BP,False,1794.0,0.05609899866205137,-0.8902918753006335
repeated_stratified_group_kfold,123,1,0,TCGA-BP-4970-01A,BP,False,433.0,0.5522453861341245,0.0645915870535293
repeated_stratified_group_kfold,123,1,0,TCGA-BP-4971-01A,BP,False,1487.0,0.4449014430823872,0.4300455332099732
repeated_stratified_group_kfold,123,1,0,TCGA-BP-4972-01A,BP,False,1502.0,0.5057169160860042,-0.19566472257371226
repeated_stratified_group_kfold,123,1,0,TCGA-BP-4973-01A,BP,False,1384.0,0.6327533434229275,-0.7701092758719578
repeated_stratified_group_kfold,123,1,0,TCGA-BP-4974-01A,BP,True,211.0,1.8666681070062492,1.2671765712375818
repeated_stratified_group_kfold,123,1,0,TCGA-BP-4975-01A,BP,False,1433.0,-0.5414361896002523,-1.6647399559366733
repeated_stratified_group_kfold,123,1,0,TCGA-BP-4976-01A,BP,False,1632.0,0.45149528362831776,-0.786371470157088
repeated_stratified_group_kfold,123,1,0,TCGA-BP-4977-01A,BP,False,454.0,-0.08522443163036877,-0.5124907311910657
repeated_stratified_group_kfold,123,1,0,TCGA-BP-4981-01A,BP,True,1097.0,1.3644684604999027,1.0721695292306044
repeated_stratified_group_kfold,123,1,0,TCGA-BP-4982-01A,BP,False,1014.0,-0.4877642180743837,-1.6504614715298258
repeated_stratified_group_kfold,123,1,0,TCGA-BP-4983-01A,BP,False,1413.0,1.1497805743964282,1.7791315552153613
repeated_stratified_group_kfold,123,1,0,TCGA-BP-4985-01A,BP,True,952.0,1.3036529874962857,1.6563403184736734
repeated_stratified_group_kfold,123,1,0,TCGA-BP-4986-01A,BP,False,785.0,0.3978233121024491,0.5924745643777912
repeated_stratified_group_kfold,123,1,0,TCGA-BP-4987-01A,BP,False,1124.0,-0.5342926881225039,-1.591125143757893
repeated_stratified_group_kfold,123,1,0,TCGA-BP-4988-01A,BP,True,828.0,0.31731535481364614,0.19737921503874845
repeated_stratified_group_kfold,123,1,0,TCGA-BP-4989-01A,BP,False,118.0,0.9279491868152051,0.6745908298770914
repeated_stratified_group_kfold,123,1,0,TCGA-BP-4991-01A,BP,False,1413.0,-0.16573238891917177,-0.8930741878686697
repeated_stratified_group_kfold,123,1,0,TCGA-BP-4992-01A,BP,False,501.0,0.1562994402360402,0.05373237703206335
repeated_stratified_group_kfold,123,1,0,TCGA-BP-4993-01A,BP,False,177.0,-0.058388445867434455,-1.0130875811567424
repeated_stratified_group_kfold,123,1,0,TCGA-BP-4994-01A,BP,False,1308.0,-0.16573238891917177,-1.0772111160557285
repeated_stratified_group_kfold,123,1,0,TCGA-BP-4995-01A,BP,False,1371.0,0.20997141176190887,-0.7508418719006599
repeated_stratified_group_kfold,123,1,0,TCGA-BP-4998-01A,BP,False,932.0,-0.2999123177338434,-0.9659000834744402
repeated_stratified_group_kfold,123,1,0,TCGA-BP-4999-01A,BP,False,1266.0,-0.11206041739330311,-1.0199627028162248
repeated_stratified_group_kfold,123,1,0,TCGA-BP-5000-01A,BP,False,563.0,-0.5414361896002523,-1.0684785909622896
repeated_stratified_group_kfold,123,1,0,TCGA-BP-5001-01A,BP,False,1177.0,-0.48062071659663524,-1.2477335144135209
repeated_stratified_group_kfold,123,1,0,TCGA-BP-5004-01A,BP,False,1126.0,-0.1925683746821061,-1.2314969993977123
repeated_stratified_group_kfold,123,1,0,TCGA-BP-5006-01A,BP,False,840.0,0.022119511421368546,-0.9357311498496661
repeated_stratified_group_kfold,123,1,0,TCGA-BP-5007-01A,BP,False,1140.0,-0.17336297431771344,-1.2653673752861567
repeated_stratified_group_kfold,123,1,0,TCGA-BP-5008-01A,BP,False,1071.0,-0.38042027502264636,-1.0264255817313304
repeated_stratified_group_kfold,123,1,0,TCGA-BP-5009-01A,BP,True,1092.0,-0.21940436044504044,-0.7099172322062038
repeated_stratified_group_kfold,123,1,0,TCGA-BP-5010-01A,BP,True,878.0,1.0621291156298769,0.778109239066696
repeated_stratified_group_kfold,123,1,0,TCGA-BP-5168-01A,BP,True,1463.0,0.3978233121024491,-0.47310803895061754
repeated_stratified_group_kfold,123,1,0,TCGA-BP-5169-01A,BP,False,193.0,0.2636433832877775,0.12897127713907053
repeated_stratified_group_kfold,123,1,0,TCGA-BP-5170-01A,BP,False,2412.0,-0.13889640315623744,-0.7650787597617303
repeated_stratified_group_kfold,123,1,0,TCGA-BP-5173-01A,BP,True,62.0,0.3978233121024491,-0.2630567614339058
repeated_stratified_group_kfold,123,1,0,TCGA-BP-5174-01A,BP,False,2257.0,-0.4269487450707666,-1.0943945696731476
repeated_stratified_group_kfold,123,1,0,TCGA-BP-5175-01A,BP,False,932.0,-0.004716474341565784,-0.1674808470911805
repeated_stratified_group_kfold,123,1,0,TCGA-BP-5176-01A,BP,True,1590.0,0.4586387851060663,-0.2360353404485474
repeated_stratified_group_kfold,123,1,0,TCGA-BP-5177-01A,BP,False,293.0,-0.4001127593078322,-1.3379574972682677
repeated_stratified_group_kfold,123,1,0,TCGA-BP-5178-01A,BP,True,1912.0,2.2155359219243955,1.6770154618927462
repeated_stratified_group_kfold,123,1,0,TCGA-BP-5180-01A,BP,False,2263.0,-0.1925683746821061,-1.3665524231352357
repeated_stratified_group_kfold,123,1,0,TCGA-BP-5181-01A,BP,False,1495.0,-0.07808093015262028,-1.8071745919561133
repeated_stratified_group_kfold,123,1,0,TCGA-BP-5182-01A,BP,False,1165.0,-0.11206041739330311,-0.7854217535554455
repeated_stratified_group_kfold,123,1,0,TCGA-BP-5183-01A,BP,False,1291.0,0.9011132010522708,0.11534004527176533
repeated_stratified_group_kfold,123,1,0,TCGA-BP-5184-01A,BP,False,1133.0,-0.16573238891917177,-1.8933493621901296
repeated_stratified_group_kfold,123,1,0,TCGA-BP-5185-01A,BP,False,1132.0,-0.11206041739330311,-0.6382556022073905
repeated_stratified_group_kfold,123,1,0,TCGA-BP-5186-01A,BP,False,693.0,-0.2927688162560949,-1.5224810205227635
repeated_stratified_group_kfold,123,1,0,TCGA-BP-5187-01A,BP,False,406.0,-0.16573238891917177,-0.8659734500535656
repeated_stratified_group_kfold,123,1,0,TCGA-BP-5189-01A,BP,True,822.0,-0.004716474341565784,-0.6318464633077018
repeated_stratified_group_kfold,123,1,0,TCGA-BP-5190-01A,BP,False,1011.0,0.022119511421368546,-1.0853766187261982
repeated_stratified_group_kfold,123,1,0,TCGA-BP-5191-01A,BP,False,967.0,1.491504887836826,0.8762205236026378
repeated_stratified_group_kfold,123,1,0,TCGA-BP-5192-01A,BP,False,714.0,-0.03155246010450011,-0.9731223558296437
repeated_stratified_group_kfold,123,1,0,TCGA-BP-5194-01A,BP,False,408.0,-0.5682721753631866,-2.0485526686647617
repeated_stratified_group_kfold,123,1,0,TCGA-BP-5195-01A,BP,False,749.0,0.3978233121024491,-0.15264292187231754
repeated_stratified_group_kfold,123,1,0,TCGA-BP-5196-01A,BP,False,1018.0,-0.1925683746821061,0.13453256843228278
repeated_stratified_group_kfold,123,1,0,TCGA-BP-5198-01A,BP,False,603.0,1.3036529874962857,0.5904744757178683
repeated_stratified_group_kfold,123,1,0,TCGA-BP-5199-01A,BP,False,1355.0,0.17550484060043287,-0.20686789149886953
repeated_stratified_group_kfold,123,1,0,TCGA-BP-5200-01A,BP,False,1063.0,-0.20019896008064772,-1.2775607421937645
repeated_stratified_group_kfold,123,1,0,TCGA-BP-5201-01A,BP,False,951.0,2.000848035820921,0.9888061498778628
repeated_stratified_group_kfold,123,1,0,TCGA-BP-5202-01A,BP,False,29.0,1.3841609447850887,0.054303126727290874
repeated_stratified_group_kfold,123,1,1,TCGA-3Z-A93Z-01A,3Z,False,385.0,0.18960633777768787,-0.25444255422139006
repeated_stratified_group_kfold,123,1,1,TCGA-6D-AA2E-01A,6D,False,362.0,0.2746533987756621,0.546997575744063
repeated_stratified_group_kfold,123,1,1,TCGA-A3-3306-01A,A3,False,1120.0,0.11508732760911668,-0.8983671825594546
repeated_stratified_group_kfold,123,1,1,TCGA-A3-3307-01A,A3,False,1436.0,0.9326902687058317,-0.1399092190330748
repeated_stratified_group_kfold,123,1,1,TCGA-A3-3308-01A,A3,False,16.0,1.464851390715233,1.531958339935834
repeated_stratified_group_kfold,123,1,1,TCGA-A3-3311-01A,A3,True,1191.0,-0.2575077232337391,-0.832706096465321
repeated_stratified_group_kfold,123,1,1,TCGA-A3-3313-01A,A3,True,735.0,-0.18298871306516795,-0.06833802955938101
repeated_stratified_group_kfold,123,1,1,TCGA-A3-3316-01A,A3,False,1493.0,0.12168982104110475,-0.4262863804292581
repeated_stratified_group_kfold,123,1,1,TCGA-A3-3317-01A,A3,False,1491.0,0.49428487188396053,0.09644387750536748
repeated_stratified_group_kfold,123,1,1,TCGA-A3-3319-01A,A3,False,1130.0,0.22686584286197342,0.5215930040106713
repeated_stratified_group_kfold,123,1,1,TCGA-A3-3320-01A,A3,False,1508.0,-0.32149868257290726,-1.1953566302829475
repeated_stratified_group_kfold,123,1,1,TCGA-A3-3322-01A,A3,False,1478.0,-0.48106475373945257,-1.045556301192189
repeated_stratified_group_kfold,123,1,1,TCGA-A3-3323-01A,A3,False,1106.0,-0.4065457435708814,-0.2972059714932225
repeated_stratified_group_kfold,123,1,1,TCGA-A3-3324-01A,A3,False,1186.0,-0.48106475373945257,-1.2213578579477953
repeated_stratified_group_kfold,123,1,1,TCGA-A3-3325-01A,A3,True,1170.0,-0.443805248655167,-1.4437046233446413
repeated_stratified_group_kfold,123,1,1,TCGA-A3-3326-01A,A3,False,1137.0,-0.6301027740765949,-1.5170416415175894
repeated_stratified_group_kfold,123,1,1,TCGA-A3-3328-01A,A3,False,1385.0,0.5622013886205436,0.6798095028293691
repeated_stratified_group_kfold,123,1,1,TCGA-A3-3329-01A,A3,False,1624.0,0.4131633682834014,-0.4672638536675692
repeated_stratified_group_kfold,123,1,1,TCGA-A3-3331-01A,A3,False,1257.0,0.9453244902928025,0.3308261728664115
repeated_stratified_group_kfold,123,1,1,TCGA-A3-3335-01A,A3,False,1886.0,-0.4744622603074645,-0.9761695663512269
repeated_stratified_group_kfold,123,1,1,TCGA-A3-3343-01A,A3,False,945.0,0.9413989328953876,-0.047531074662733486
repeated_stratified_group_kfold,123,1,1,TCGA-A3-3346-01A,A3,True,137.0,0.15234683269340232,0.7373359607171024
repeated_stratified_group_kfold,123,1,1,TCGA-A3-3347-01A,A3,True,1610.0,1.4275918856309473,1.4458059238524947
repeated_stratified_group_kfold,123,1,1,TCGA-A3-3349-01A,A3,False,1385.0,-0.9921697740900477,-1.5588841347537827
repeated_stratified_group_kfold,123,1,1,TCGA-A3-3351-01A,A3,False,910.0,-0.437202755223179,-1.170869844360824
repeated_stratified_group_kfold,123,1,1,TCGA-A3-3352-01A,A3,True,561.0,1.2307663093801162,0.5094730721733818
repeated_stratified_group_kfold,123,1,1,TCGA-A3-3357-01A,A3,False,2688.0,0.3079873464625327,-0.08911847996480321
repeated_stratified_group_kfold,123,1,1,TCGA-A3-3358-01A,A3,False,1307.0,-0.13520115715147935,-0.5935411548972388
repeated_stratified_group_kfold,123,1,1,TCGA-A3-3359-01A,A3,False,2504.0,0.7962864699556602,-0.09102000098343893
repeated_stratified_group_kfold,123,1,1,TCGA-A3-3362-01A,A3,False,1559.0,-0.0234226418986226,-0.5574596844775874
repeated_stratified_group_kfold,123,1,1,TCGA-A3-3363-01A,A3,False,319.0,-0.1391267145488943,-0.4471561772766904
repeated_stratified_group_kfold,123,1,1,TCGA-A3-3365-01A,A3,False,873.0,-0.6673622791608805,-1.1662587099512993
repeated_stratified_group_kfold,123,1,1,TCGA-A3-3367-01A,A3,False,2270.0,0.3013848530305446,-0.5233797917557735
repeated_stratified_group_kfold,123,1,1,TCGA-A3-3370-01A,A3,False,2274.0,-0.47053670291004956,-1.0378882339474118
repeated_stratified_group_kfold,123,1,1,TCGA-A3-3372-01A,A3,False,735.0,0.8581712585372605,0.07774199987827374
repeated_stratified_group_kfold,123,1,1,TCGA-A3-3373-01A,A3,False,1621.0,-0.24697967240433608,-1.070461424415594
repeated_stratified_group_kfold,123,1,1,TCGA-A3-3374-01A,A3,False,1314.0,-0.3587581876571928,0.026478377130947472
repeated_stratified_group_kfold,123,1,1,TCGA-A3-3376-01A,A3,True,1696.0,-0.48106475373945257,-1.2398111313374365
repeated_stratified_group_kfold,123,1,1,TCGA-A3-3378-01A,A3,False,630.0,-0.14572920798088237,-0.25107362469501093
repeated_stratified_group_kfold,123,1,1,TCGA-A3-3380-01A,A3,False,567.0,-0.36928623848659586,-0.8104604900950843
repeated_stratified_group_kfold,123,1,1,TCGA-A3-3382-01A,A3,False,574.0,0.18960633777768787,0.07801395642065395
repeated_stratified_group_kfold,123,1,1,TCGA-A3-3383-01A,A3,False,861.0,-0.443805248655167,-1.2408487672909008
repeated_stratified_group_kfold,123,1,1,TCGA-A3-3385-01A,A3,False,1993.0,-0.5450557130786208,-1.3240047179645722
repeated_stratified_group_kfold,123,1,1,TCGA-A3-3387-01A,A3,False,617.0,-0.5555837639080238,-1.1328416855158356
repeated_stratified_group_kfold,123,1,1,TCGA-A3-A6NI-01A,A3,False,1018.0,-0.6301027740765949,-1.224777581057459
repeated_stratified_group_kfold,123,1,1,TCGA-A3-A6NJ-01A,A3,False,468.0,-0.13520115715147935,-0.982884312335679
repeated_stratified_group_kfold,123,1,1,TCGA-A3-A6NL-01A,A3,False,689.0,-0.433277197825764,-1.1572463070243826
repeated_stratified_group_kfold,123,1,1,TCGA-A3-A6NN-01A,A3,False,3.0,0.5249418835362581,-0.1627633966722964
repeated_stratified_group_kfold,123,1,1,TCGA-A3-A8CQ-01A,A3,False,3.0,-0.06068214698290818,-0.9225481174894146
repeated_stratified_group_kfold,123,1,1,TCGA-A3-A8OV-01A,A3,False,340.0,0.4131633682834014,-0.2436179613100061
repeated_stratified_group_kfold,123,1,1,TCGA-A3-A8OW-01A,A3,False,323.0,-0.1478353787384501,-1.4202938048938687
repeated_stratified_group_kfold,123,1,1,TCGA-AS-3777-01A,AS,False,1238.0,-0.03395069272802563,0.21772704680298355
repeated_stratified_group_kfold,123,1,1,TCGA-AS-3778-01A,AS,False,43.0,-1.077216835088022,-1.613689024886469
repeated_stratified_group_kfold,123,1,1,TCGA-CW-5580-01A,CW,True,1964.0,2.407856062936978,1.6851032407080309
repeated_stratified_group_kfold,123,1,1,TCGA-CW-5581-01A,CW,False,2799.0,-0.7418812893294516,-1.6192866829910164
repeated_stratified_group_kfold,123,1,1,TCGA-CW-5583-01A,CW,False,2489.0,-0.3587581876571928,-1.1688131525856285
repeated_stratified_group_kfold,123,1,1,TCGA-CW-5584-01A,CW,True,164.0,1.2307663093801162,0.054986911458063614
repeated_stratified_group_kfold,123,1,1,TCGA-CW-5585-01A,CW,False,2609.0,1.4658403850004358,0.07872478307130054
repeated_stratified_group_kfold,123,1,1,TCGA-CW-5587-01A,CW,False,2226.0,0.9059588144509492,-0.13606267409570483
repeated_stratified_group_kfold,123,1,1,TCGA-CW-5588-01A,CW,False,2017.0,0.6472484496185179,0.4673005299372763
repeated_stratified_group_kfold,123,1,1,TCGA-CW-5589-01A,CW,False,2378.0,-0.443805248655167,-1.308105717590976
repeated_stratified_group_kfold,123,1,1,TCGA-CW-5590-01A,CW,True,1075.0,1.4658403850004358,0.5120915354486897
repeated_stratified_group_kfold,123,1,1,TCGA-CW-5591-01A,CW,False,2271.0,1.6521379104218636,1.0632614342873496
repeated_stratified_group_kfold,123,1,1,TCGA-CW-6087-01A,CW,True,41.0,1.8384354358432915,2.4455562802955106
repeated_stratified_group_kfold,123,1,1,TCGA-CW-6088-01A,CW,False,3222.0,-0.14572920798088237,-1.1828379415178523
repeated_stratified_group_kfold,123,1,1,TCGA-CW-6090-01A,CW,False,2552.0,0.15234683269340232,0.04891027295872946
repeated_stratified_group_kfold,123,1,1,TCGA-CW-6093-01A,CW,False,3146.0,0.3386443581148301,-0.5192045335917874
repeated_stratified_group_kfold,123,1,1,TCGA-CW-6097-01A,CW,True,571.0,-0.3341329041598782,-0.6392591917795156
repeated_stratified_group_kfold,123,1,1,TCGA-EU-5904-01A,EU,False,551.0,-0.5077962079943351,-1.5096554086021488
repeated_stratified_group_kfold,123,1,1,TCGA-EU-5905-01A,EU,False,119.0,0.23739389369137645,0.18026260651760223
repeated_stratified_group_kfold,123,1,1,TCGA-EU-5906-01A,EU,False,206.0,-0.33202673340231026,-1.4670034033157868
repeated_stratified_group_kfold,123,1,1,TCGA-EU-5907-01A,EU,False,127.0,1.4915828449701154,0.7319907187664694
repeated_stratified_group_kfold,123,1,1,TCGA-G6-A5PC-01A,G6,True,242.0,1.6999254663355523,0.771069923667258
repeated_stratified_group_kfold,123,1,1,TCGA-G6-A8L6-01A,G6,True,313.0,1.6148784053375782,0.8837983174337805
repeated_stratified_group_kfold,123,1,1,TCGA-G6-A8L7-01A,G6,False,2133.0,0.7590269648713746,1.3435566109790245
repeated_stratified_group_kfold,123,1,1,TCGA-G6-A8L8-01A,G6,True,1091.0,0.05109636826994856,-0.8562475866288146
repeated_stratified_group_kfold,123,1,1,TCGA-GK-A6C7-01A,GK,False,61.0,0.5727294394499467,-0.008517483080250743
repeated_stratified_group_kfold,123,1,1,TCGA-MM-A563-01A,MM,False,591.0,1.7435877487092641,-0.39175472542015116
repeated_stratified_group_kfold,123,1,1,TCGA-MM-A564-01A,MM,False,607.0,0.5315443769682462,0.2505705400970238
repeated_stratified_group_kfold,123,1,1,TCGA-MM-A84U-01A,MM,False,700.0,-0.09794165206719375,0.06573814192579314
repeated_stratified_group_kfold,123,1,1,TCGA-MW-A4EC-01A,MW,False,498.0,0.42369141911280433,-0.2778808459335934
repeated_stratified_group_kfold,123,1,1,TCGA-T7-A92I-01A,T7,False,356.0,-0.5077962079943351,-0.4668178635022755
repeated_stratified_group_kfold,123,1,2,TCGA-B0-4688-01A,B0,True,101.0,1.2695428710440855,1.8237181589216969
repeated_stratified_group_kfold,123,1,2,TCGA-B0-4690-01A,B0,True,43.0,1.846141980589853,2.1773001834444408
repeated_stratified_group_kfold,123,1,2,TCGA-B0-4691-01A,B0,True,139.0,1.542668765039449,1.4552713182861639
repeated_stratified_group_kfold,123,1,2,TCGA-B0-4693-01A,B0,True,77.0,1.1158421219589247,0.601056475390677
repeated_stratified_group_kfold,123,1,2,TCGA-B0-4694-01A,B0,True,106.0,0.843399837693136,0.7353439377177556
repeated_stratified_group_kfold,123,1,2,TCGA-B0-4696-01A,B0,True,866.0,0.41853733592257053,0.6287557391486637
repeated_stratified_group_kfold,123,1,2,TCGA-B0-4697-01A,B0,True,578.0,1.5419851553098742,1.7734257074382584
repeated_stratified_group_kfold,123,1,2,TCGA-B0-4698-01A,B0,True,42.0,2.1496151961402568,2.4356810813756065
repeated_stratified_group_kfold,123,1,2,TCGA-B0-4699-01A,B0,True,110.0,2.1192678745852165,2.484182203732839
repeated_stratified_group_kfold,123,1,2,TCGA-B0-4700-01A,B0,True,1980.0,1.6944053728146509,1.535821496037614
repeated_stratified_group_kfold,123,1,2,TCGA-B0-4701-01A,B0,True,238.0,2.148931586410682,1.7837377296174022
repeated_stratified_group_kfold,123,1,2,TCGA-B0-4703-01A,B0,True,182.0,1.4212794788192875,1.812641641604311
repeated_stratified_group_kfold,123,1,2,TCGA-B0-4706-01A,B0,True,65.0,0.5095793005876917,0.42496604716739705
repeated_stratified_group_kfold,123,1,2,TCGA-B0-4707-01A,B0,True,600.0,0.5702739436977725,0.7383013110219784
repeated_stratified_group_kfold,123,1,2,TCGA-B0-4710-01A,B0,False,1755.0,1.2068840866240458,0.7175577668395136
repeated_stratified_group_kfold,123,1,2,TCGA-B0-4712-01A,B0,True,1337.0,2.179962517695297,2.2015405424129497
repeated_stratified_group_kfold,123,1,2,TCGA-B0-4713-01A,B0,True,202.0,1.2372314081790863,0.7912823288789064
repeated_stratified_group_kfold,123,1,2,TCGA-B0-4714-01A,B0,True,99.0,2.3316991254704993,1.8153489693212348
repeated_stratified_group_kfold,123,1,2,TCGA-B0-4718-01A,B0,False,1778.0,0.3881900143675301,0.08530122627246989
repeated_stratified_group_kfold,123,1,2,TCGA-B0-4810-01A,B0,True,478.0,0.08471679881712624,0.17865782044414236
repeated_stratified_group_kfold,123,1,2,TCGA-B0-4811-01A,B0,True,1417.0,0.11506412037216657,-0.20274080374308412
repeated_stratified_group_kfold,123,1,2,TCGA-B0-4813-01A,B0,True,18.0,0.7220105514729744,1.1055429607467786
repeated_stratified_group_kfold,123,1,2,TCGA-B0-4814-01A,B0,True,168.0,1.63371072970457,1.1165861864505204
repeated_stratified_group_kfold,123,1,2,TCGA-B0-4815-01A,B0,True,1588.0,0.6309685868078533,0.6595674653416399
repeated_stratified_group_kfold,123,1,2,TCGA-B0-4816-01A,B0,True,1371.0,-0.4071688599192008,-0.6200349609875646
repeated_stratified_group_kfold,123,1,2,TCGA-B0-4817-01A,B0,True,1019.0,1.1165257316884996,1.1477540461885327
repeated_stratified_group_kfold,123,1,2,TCGA-B0-4818-01A,B0,True,510.0,0.44187253389235537,-0.12568905021910004
repeated_stratified_group_kfold,123,1,2,TCGA-B0-4819-01A,B0,True,183.0,1.9668476570804396,1.9442797920981711
repeated_stratified_group_kfold,123,1,2,TCGA-B0-4821-01A,B0,True,1230.0,0.9944528357387632,1.0118673603969228
repeated_stratified_group_kfold,123,1,2,TCGA-B0-4822-01A,B0,True,1111.0,0.47290346517697074,0.3900814432339679
repeated_stratified_group_kfold,123,1,2,TCGA-B0-4823-01A,B0,True,454.0,0.5863722552000403,0.3349361954742036
repeated_stratified_group_kfold,123,1,2,TCGA-B0-4824-01A,B0,True,1657.0,-0.32473100118074627,-0.8118474187113146
repeated_stratified_group_kfold,123,1,2,TCGA-B0-4827-01A,B0,True,885.0,1.2675787297341268,1.2621388589103737
repeated_stratified_group_kfold,123,1,2,TCGA-B0-4828-01A,B0,True,307.0,2.2710044823604183,1.8619257930382667
repeated_stratified_group_kfold,123,1,2,TCGA-B0-4833-01A,B0,True,2386.0,0.6767306101355867,0.23050379624432016
repeated_stratified_group_kfold,123,1,2,TCGA-B0-4834-01A,B0,True,2090.0,-0.597173285446535,-0.41634303152551455
repeated_stratified_group_kfold,123,1,2,TCGA-B0-4836-01A,B0,True,1238.0,1.7247526943696914,1.7897726233384061
repeated_stratified_group_kfold,123,1,2,TCGA-B0-4837-01A,B0,True,1378.0,-0.17231078367596944,0.2633901720512025
repeated_stratified_group_kfold,123,1,2,TCGA-B0-4838-01A,B0,True,834.0,0.28221542992006166,-0.16826024065109293
repeated_stratified_group_kfold,123,1,2,TCGA-B0-4839-01A,B0,True,1639.0,0.616035967025506,0.42257146074107765
repeated_stratified_group_kfold,123,1,2,TCGA-B0-4841-01A,B0,True,204.0,1.7854473374797721,1.4188863300009005
repeated_stratified_group_kfold,123,1,2,TCGA-B0-4842-01A,B0,True,1724.0,1.1461894435139652,1.0220307320372997
repeated_stratified_group_kfold,123,1,2,TCGA-B0-4843-01A,B0,True,320.0,0.3881900143675301,0.190104011584318
repeated_stratified_group_kfold,123,1,2,TCGA-B0-4844-01A,B0,True,313.0,1.6944053728146509,1.420772789191937
repeated_stratified_group_kfold,123,1,2,TCGA-B0-4845-01A,B0,True,1986.0,1.997878588365055,1.465678513002627
repeated_stratified_group_kfold,123,1,2,TCGA-B0-4846-01A,B0,True,1200.0,1.4516268003743278,0.9552247673385759
repeated_stratified_group_kfold,123,1,2,TCGA-B0-4847-01A,B0,True,793.0,1.6944053728146509,1.2535682347531008
repeated_stratified_group_kfold,123,1,2,TCGA-B0-4848-01A,B0,True,883.0,0.29714804970240893,0.060279817895081245
repeated_stratified_group_kfold,123,1,2,TCGA-B0-4849-01A,B0,True,69.0,0.20610608503728778,-0.3348387274957175
repeated_stratified_group_kfold,123,1,2,TCGA-B0-4852-01A,B0,True,1121.0,0.7453457494427594,0.18883280980804384
repeated_stratified_group_kfold,123,1,2,TCGA-B0-4945-01A,B0,True,2145.0,0.46429935925030397,0.18862556073885517
repeated_stratified_group_kfold,123,1,2,TCGA-B0-5075-01A,B0,True,637.0,1.2675787297341268,0.732540358300638
repeated_stratified_group_kfold,123,1,2,TCGA-B0-5077-01A,B0,True,1317.0,0.25255171809459603,-0.1442894763134463
repeated_stratified_group_kfold,123,1,2,TCGA-B0-5080-01A,B0,True,342.0,1.7854473374797721,1.9770577350051697
repeated_stratified_group_kfold,123,1,2,TCGA-B0-5081-01A,B0,True,362.0,1.3282733728442073,1.1119754301671365
repeated_stratified_group_kfold,123,1,2,TCGA-B0-5083-01A,B0,True,1045.0,-0.17231078367596944,-0.2480393615615217
repeated_stratified_group_kfold,123,1,2,TCGA-B0-5084-01A,B0,True,222.0,0.8750276908285604,1.3816972343267888
repeated_stratified_group_kfold,123,1,2,TCGA-B0-5085-01A,B0,True,770.0,1.2372314081790863,0.5780210992924725
repeated_stratified_group_kfold,123,1,2,TCGA-B0-5088-01A,B0,True,563.0,-0.4757839992263734,-0.678048230913087
repeated_stratified_group_kfold,123,1,2,TCGA-B0-5092-01A,B0,True,459.0,1.7544164061951568,1.6509889460781202
repeated_stratified_group_kfold,123,1,2,TCGA-B0-5094-01A,B0,True,333.0,1.7551000159247316,1.8030674900146006
repeated_stratified_group_kfold,123,1,2,TCGA-B0-5095-01A,B0,True,245.0,1.1165257316884996,0.9166251689443541
repeated_stratified_group_kfold,123,1,2,TCGA-B0-5096-01A,B0,True,68.0,1.1158421219589247,1.612770394498861
repeated_stratified_group_kfold,123,1,2,TCGA-B0-5097-01A,B0,False,665.0,0.7213269417433996,0.5934532310872752
repeated_stratified_group_kfold,123,1,2,TCGA-B0-5098-01A,B0,True,1584.0,-0.20334171496058467,0.2914445854025143
repeated_stratified_group_kfold,123,1,2,TCGA-B0-5099-01A,B0,True,485.0,1.601399266839571,1.0255763543413252
repeated_stratified_group_kfold,123,1,2,TCGA-B0-5100-01A,B0,True,1913.0,0.843399837693136,1.026975295361579
repeated_stratified_group_kfold,123,1,2,TCGA-B0-5102-01A,B0,True,2764.0,0.43395203769526364,0.24115776427985608
repeated_stratified_group_kfold,123,1,2,TCGA-B0-5106-01A,B0,True,1598.0,-0.14196346212092906,-0.08757166111950054
repeated_stratified_group_kfold,123,1,2,TCGA-B0-5107-01A,B0,True,927.0,2.1185842648556417,1.9097663126234552
repeated_stratified_group_kfold,123,1,2,TCGA-B0-5108-01A,B0,False,1782.0,0.29714804970240893,0.1774189580063978
repeated_stratified_group_kfold,123,1,2,TCGA-B0-5109-01A,B0,True,587.0,0.7523578730280149,0.9240023049975885
repeated_stratified_group_kfold,123,1,2,TCGA-B0-5110-01A,B0,False,2009.0,0.3429100730301424,-0.21844167276498425
repeated_stratified_group_kfold,123,1,2,TCGA-B0-5113-01A,B0,False,1175.0,1.0248001572938037,0.6064251502507789
repeated_stratified_group_kfold,123,1,2,TCGA-B0-5115-01A,B0,False,1604.0,1.1785009063789642,0.726381671623479
repeated_stratified_group_kfold,123,1,2,TCGA-B0-5116-01A,B0,False,1274.0,0.23645340659232816,-0.2242911624227438
repeated_stratified_group_kfold,123,1,2,TCGA-B0-5117-01A,B0,False,1608.0,-0.8702991794418986,-0.7537246008996688
repeated_stratified_group_kfold,123,1,2,TCGA-B0-5119-01A,B0,False,1552.0,0.03943685747973847,-0.571293244862357
repeated_stratified_group_kfold,123,1,2,TCGA-B0-5120-01A,B0,False,1169.0,0.3732573945851828,0.25861153769032447
repeated_stratified_group_kfold,123,1,2,TCGA-B0-5121-01A,B0,False,1485.0,-0.3847420345612522,-0.8739345127205247
repeated_stratified_group_kfold,123,1,2,TCGA-B0-5399-01A,B0,False,1411.0,-0.6882152501116561,-1.0498064518395263
repeated_stratified_group_kfold,123,1,2,TCGA-B0-5400-01A,B0,False,1733.0,0.7213269417433996,0.6133404831160337
repeated_stratified_group_kfold,123,1,2,TCGA-B0-5402-01A,B0,False,1290.0,1.8157946590348124,1.0268881881222025
repeated_stratified_group_kfold,123,1,2,TCGA-B0-5690-01A,B0,False,3392.0,-0.20334171496058467,-0.6575962905944748
repeated_stratified_group_kfold,123,1,2,TCGA-B0-5691-01A,B0,False,3431.0,0.19117346525494042,-0.0717681301245319
repeated_stratified_group_kfold,123,1,2,TCGA-B0-5692-01A,B0,False,3944.0,0.9337581926286823,0.41544508368345856
repeated_stratified_group_kfold,123,1,2,TCGA-B0-5693-01A,B0,False,4074.0,-0.385425644290827,-0.7744874984731022
repeated_stratified_group_kfold,123,1,2,TCGA-B0-5694-01A,B0,True,480.0,0.8130525161380957,0.3611100946964958
repeated_stratified_group_kfold,123,1,2,TCGA-B0-5695-01A,B0,False,2150.0,0.03943685747973847,-0.17834116192853383
repeated_stratified_group_kfold,123,1,2,TCGA-B0-5696-01A,B0,False,2609.0,0.7523578730280149,0.38625648894188713
repeated_stratified_group_kfold,123,1,2,TCGA-B0-5697-01A,B0,False,2630.0,-0.5668259638914945,-0.5890130370061356
repeated_stratified_group_kfold,123,1,2,TCGA-B0-5698-01A,B0,False,3631.0,0.25255171809459603,-0.3542198544621775
repeated_stratified_group_kfold,123,1,2,TCGA-B0-5699-01A,B0,False,3841.0,-0.4757839992263734,-1.1461785395136408
repeated_stratified_group_kfold,123,1,2,TCGA-B0-5700-01A,B0,False,1790.0,0.25255171809459603,-0.2381074623844932
repeated_stratified_group_kfold,123,1,2,TCGA-B0-5701-01A,B0,False,2461.0,0.6309685868078533,0.5961423159036745
repeated_stratified_group_kfold,123,1,2,TCGA-B0-5702-01A,B0,False,2172.0,0.07046778876435372,0.05292151050375227
repeated_stratified_group_kfold,123,1,2,TCGA-B0-5703-01A,B0,False,2246.0,0.1311624318744345,-0.35182945664460896
repeated_stratified_group_kfold,123,1,2,TCGA-B0-5705-01A,B0,False,4537.0,0.16082614369990006,-0.36064622287718706
repeated_stratified_group_kfold,123,1,2,TCGA-B0-5706-01A,B0,False,3205.0,-0.5285581461393623,-0.36808199678319015
repeated_stratified_group_kfold,123,1,2,TCGA-B0-5707-01A,B0,False,3744.0,-0.6282042167311501,-0.5219868925695571
repeated_stratified_group_kfold,123,1,2,TCGA-B0-5709-01A,B0,False,3974.0,0.8123689064085208,0.49367938318179694
repeated_stratified_group_kfold,123,1,2,TCGA-B0-5710-01A,B0,False,2430.0,-0.35439471300621184,-0.6921984855432259
repeated_stratified_group_kfold,123,1,2,TCGA-B0-5711-01A,B0,False,3989.0,0.1757587634822474,-0.4391212306339964
repeated_stratified_group_kfold,123,1,2,TCGA-B0-5712-01A,B0,False,2722.0,2.209626229520763,1.6481468576167058
repeated_stratified_group_kfold,123,1,2,TCGA-B0-5713-01A,B0,False,2782.0,1.2068840866240458,0.4072173043508196
repeated_stratified_group_kfold,123,1,2,TCGA-B0-5812-01A,B0,False,3834.0,-0.4757839992263734,-0.9032450060911541
repeated_stratified_group_kfold,123,1,2,TCGA-B4-5377-01A,B4,False,365.0,2.209626229520763,1.578242566815639
repeated_stratified_group_kfold,123,1,2,TCGA-B4-5378-01A,B4,False,175.0,-0.20265810523100986,-0.3063919195686695
repeated_stratified_group_kfold,123,1,2,TCGA-B4-5832-01A,B4,False,155.0,0.6309685868078533,0.6313483737805018
repeated_stratified_group_kfold,123,1,2,TCGA-B4-5834-01A,B4,False,38.0,-0.293700069896131,-0.7687757832875919
repeated_stratified_group_kfold,123,1,2,TCGA-B4-5835-01A,B4,False,16.0,0.13047882214485965,-0.15823120648008632
repeated_stratified_group_kfold,123,1,2,TCGA-B4-5836-01A,B4,False,141.0,0.03943685747973847,-0.34321059163176076
repeated_stratified_group_kfold,123,1,2,TCGA-B4-5838-01A,B4,False,166.0,2.287177828091579,0.759604507249851
repeated_stratified_group_kfold,123,1,2,TCGA-B4-5843-01A,B4,False,11.0,-0.7185625716666966,-1.120172259294869
repeated_stratified_group_kfold,123,1,2,TCGA-B4-5844-01A,B4,False,7.0,0.22944128300707264,-0.460532516274735
repeated_stratified_group_kfold,123,1,3,TCGA-AK-3425-01A,AK,False,3343.0,0.29704136427384786,-0.12964645949095527
repeated_stratified_group_kfold,123,1,3,TCGA-AK-3426-01A,AK,True,885.0,0.20559016836501698,0.19691570772047273
repeated_stratified_group_kfold,123,1,3,TCGA-AK-3427-01A,AK,False,3583.0,0.1971512018129699,0.41126920359690855
repeated_stratified_group_kfold,123,1,3,TCGA-AK-3428-01A,AK,False,3728.0,1.0380081888723331,0.016386665945252954
repeated_stratified_group_kfold,123,1,3,TCGA-AK-3429-01A,AK,False,3328.0,-0.06526176778943774,-0.8037989988354579
repeated_stratified_group_kfold,123,1,3,TCGA-AK-3431-01A,AK,True,2241.0,0.20111199877290342,-0.46034873215864514
repeated_stratified_group_kfold,123,1,3,TCGA-AK-3433-01A,AK,False,3409.0,-0.26504209271119356,-0.008850146943250037
repeated_stratified_group_kfold,123,1,3,TCGA-AK-3434-01A,AK,False,2087.0,0.43022824755501843,-0.4994157939325681
repeated_stratified_group_kfold,123,1,3,TCGA-AK-3436-01A,AK,False,3331.0,1.2083725945436137,0.5068926437635939
repeated_stratified_group_kfold,123,1,3,TCGA-AK-3440-01A,AK,False,2865.0,-0.03592584392907859,0.20988740552490792
repeated_stratified_group_kfold,123,1,3,TCGA-AK-3443-01A,AK,False,1423.0,-0.32958726096438073,-0.4659525036798582
repeated_stratified_group_kfold,123,1,3,TCGA-AK-3444-01A,AK,False,1471.0,0.6612570199096689,-0.41770369812823394
repeated_stratified_group_kfold,123,1,3,TCGA-AK-3445-01A,AK,False,2392.0,1.2710852346143815,0.9713436610989918
repeated_stratified_group_kfold,123,1,3,TCGA-AK-3447-01A,AK,False,1217.0,0.9356881302067398,1.1246162206679104
repeated_stratified_group_kfold,123,1,3,TCGA-AK-3450-01A,AK,False,1508.0,0.827740624011132,0.015173533425740793
repeated_stratified_group_kfold,123,1,3,TCGA-AK-3451-01A,AK,False,2868.0,-0.2296970985035028,-1.0522944448633542
repeated_stratified_group_kfold,123,1,3,TCGA-AK-3453-01A,AK,False,2531.0,0.06792511549173284,-0.7525308883996199
repeated_stratified_group_kfold,123,1,3,TCGA-AK-3454-01A,AK,False,874.0,0.8297888973985302,0.7782820861131561
repeated_stratified_group_kfold,123,1,3,TCGA-AK-3455-01A,AK,True,683.0,1.3023336820472762,0.27316866181554444
repeated_stratified_group_kfold,123,1,3,TCGA-AK-3456-01A,AK,False,1143.0,-0.2296970985035028,-0.5223705086110383
repeated_stratified_group_kfold,123,1,3,TCGA-AK-3458-01A,AK,False,1168.0,-0.36889305213200496,-0.9914781791751339
repeated_stratified_group_kfold,123,1,3,TCGA-AK-3460-01A,AK,False,2508.0,-0.03592584392907859,-0.7053139688910277
repeated_stratified_group_kfold,123,1,3,TCGA-AK-3461-01A,AK,False,2217.0,0.43022824755501843,-0.16167464101676066
repeated_stratified_group_kfold,123,1,3,TCGA-AK-3465-01A,AK,False,369.0,0.36158653252703504,0.12402009133122083
repeated_stratified_group_kfold,123,1,3,TCGA-B2-3923-01A,B2,False,992.0,0.13656683051971624,0.45692744867452595
repeated_stratified_group_kfold,123,1,3,TCGA-B2-3924-01A,B2,False,1092.0,0.4635249683753111,-0.42254715687210403
repeated_stratified_group_kfold,123,1,3,TCGA-B2-4098-01A,B2,True,51.0,0.39488325334732766,0.04915353513800269
repeated_stratified_group_kfold,123,1,3,TCGA-B2-4099-01A,B2,False,972.0,0.7964921765782376,-0.2742525814649283
repeated_stratified_group_kfold,123,1,3,TCGA-B2-4101-01A,B2,False,648.0,-0.09651021522233225,-0.9067445489115651
repeated_stratified_group_kfold,123,1,3,TCGA-B2-4102-01A,B2,False,952.0,0.06396431853179935,-0.8533115462573225
repeated_stratified_group_kfold,123,1,3,TCGA-B2-5633-01A,B2,False,963.0,-0.10251928556966386,-0.5020863363576917
repeated_stratified_group_kfold,123,1,3,TCGA-B2-5635-01A,B2,False,755.0,0.49682168919560377,-0.15626991227286569
repeated_stratified_group_kfold,123,1,3,TCGA-B2-5636-01A,B2,False,919.0,0.663305293297067,0.2926015448211774
repeated_stratified_group_kfold,123,1,3,TCGA-B2-5639-01A,B2,True,1003.0,1.4081529194653695,0.43239159999431975
repeated_stratified_group_kfold,123,1,3,TCGA-B2-5641-01A,B2,False,656.0,0.663305293297067,0.2161023643343689
repeated_stratified_group_kfold,123,1,3,TCGA-B2-A4SR-01A,B2,False,507.0,0.20316027216030152,-0.8236262502333911
repeated_stratified_group_kfold,123,1,3,TCGA-B8-4143-01A,B8,True,709.0,2.0387423416635313,2.1313437263583133
repeated_stratified_group_kfold,123,1,3,TCGA-B8-4146-01B,B8,False,511.0,-0.6373150920817443,-1.4970068042621163
repeated_stratified_group_kfold,123,1,3,TCGA-B8-4148-01A,B8,False,1520.0,0.09521276596469389,-0.8629191305068492
repeated_stratified_group_kfold,123,1,3,TCGA-B8-4151-01A,B8,False,1299.0,0.6363992656414232,-0.5808164936052259
repeated_stratified_group_kfold,123,1,3,TCGA-B8-4153-01B,B8,False,762.0,1.437568838715845,0.32313959833880845
repeated_stratified_group_kfold,123,1,3,TCGA-B8-4154-01A,B8,False,1380.0,0.4281799741676203,-0.7797231912928085
repeated_stratified_group_kfold,123,1,3,TCGA-B8-4619-01A,B8,False,523.0,-0.03592584392907859,0.2632065058706776
repeated_stratified_group_kfold,123,1,3,TCGA-B8-4620-01A,B8,False,777.0,1.2690369612269834,1.0448955890833143
repeated_stratified_group_kfold,123,1,3,TCGA-B8-4621-01A,B8,False,788.0,0.13055776017238463,-0.26573192243798177
repeated_stratified_group_kfold,123,1,3,TCGA-B8-4622-01A,B8,False,1525.0,1.7744168484885885,0.85050515384095
repeated_stratified_group_kfold,123,1,3,TCGA-B8-5158-01A,B8,False,1218.0,0.8382278639505772,0.025728412197937534
repeated_stratified_group_kfold,123,1,3,TCGA-B8-5159-01A,B8,False,722.0,0.028619324324108606,-0.9409408105934207
repeated_stratified_group_kfold,123,1,3,TCGA-B8-5162-01A,B8,False,36.0,0.23645699298059417,0.130277818232434
repeated_stratified_group_kfold,123,1,3,TCGA-B8-5163-01A,B8,False,822.0,1.035959915484935,0.8125136312679861
repeated_stratified_group_kfold,123,1,3,TCGA-B8-5164-01A,B8,False,26.0,1.137898351333211,0.014741879620826293
repeated_stratified_group_kfold,123,1,3,TCGA-B8-5165-01A,B8,False,737.0,-0.5353766562334682,-1.4907335398186619
repeated_stratified_group_kfold,123,1,3,TCGA-B8-5545-01A,B8,False,1525.0,-0.5686733770537609,-1.1213033869179305
repeated_stratified_group_kfold,123,1,3,TCGA-B8-5546-01A,B8,False,505.0,-0.7372052545426222,-0.8020363524919132
repeated_stratified_group_kfold,123,1,3,TCGA-B8-5549-01A,B8,False,194.0,-0.2024094480305418,-0.7919803429110628
repeated_stratified_group_kfold,123,1,3,TCGA-B8-5550-01A,B8,False,1476.0,1.3376786762549668,0.9332014780492484
repeated_stratified_group_kfold,123,1,3,TCGA-B8-5551-01A,B8,False,16.0,0.16180620760527917,0.1689982243117345
repeated_stratified_group_kfold,123,1,3,TCGA-B8-5552-01B,B8,False,1046.0,-0.6373150920817443,-1.397996719770666
repeated_stratified_group_kfold,123,1,3,TCGA-B8-5553-01A,B8,False,435.0,0.22839964924586445,-0.8076621271401309
repeated_stratified_group_kfold,123,1,3,TCGA-B8-A54D-01A,B8,False,830.0,1.2710852346143815,0.5552107339436716
repeated_stratified_group_kfold,123,1,3,TCGA-B8-A54E-01A,B8,False,909.0,0.06191604514440125,-0.08398642625124386
repeated_stratified_group_kfold,123,1,3,TCGA-B8-A54F-01A,B8,False,519.0,-0.3709413255194031,-0.6048597923053215
repeated_stratified_group_kfold,123,1,3,TCGA-B8-A54G-01A,B8,False,53.0,-0.30229961049141973,-1.1410319784478826
repeated_stratified_group_kfold,123,1,3,TCGA-B8-A54H-01A,B8,False,256.0,0.43418904451495194,-0.3438315765709006
repeated_stratified_group_kfold,123,1,3,TCGA-B8-A54I-01A,B8,False,150.0,-0.36889305213200496,-0.6144524198419612
repeated_stratified_group_kfold,123,1,3,TCGA-B8-A54J-01A,B8,False,528.0,0.16986355134000888,-0.9197860889290386
repeated_stratified_group_kfold,123,1,3,TCGA-B8-A54K-01A,B8,False,469.0,0.06396431853179935,0.2086473014229775
repeated_stratified_group_kfold,123,1,3,TCGA-B8-A7U6-01A,B8,False,495.0,-0.2044577214179399,-1.0506568671432182
repeated_stratified_group_kfold,123,1,3,TCGA-B8-A8YJ-01A,B8,False,431.0,-0.004677396496184039,-0.30053253490991727
repeated_stratified_group_kfold,123,1,3,TCGA-CZ-4853-01A,CZ,False,774.0,0.7631954557579449,-0.4586196215544087
repeated_stratified_group_kfold,123,1,3,TCGA-CZ-4854-01A,CZ,True,1404.0,0.29704136427384786,0.12086666290321291
repeated_stratified_group_kfold,123,1,3,TCGA-CZ-4856-01A,CZ,False,18.0,0.06191604514440125,-0.8673494930498199
repeated_stratified_group_kfold,123,1,3,TCGA-CZ-4857-01A,CZ,True,1432.0,1.7411201276682957,1.2518422192383414
repeated_stratified_group_kfold,123,1,3,TCGA-CZ-4858-01A,CZ,True,2105.0,-0.5293675858861365,0.24059325492498385
repeated_stratified_group_kfold,123,1,3,TCGA-CZ-4859-01A,CZ,False,1787.0,-0.03797411731647669,-1.3097321571066816
repeated_stratified_group_kfold,123,1,3,TCGA-CZ-4860-01A,CZ,True,206.0,1.8743070109494664,1.943219427319541
repeated_stratified_group_kfold,123,1,3,TCGA-CZ-4861-01A,CZ,True,446.0,0.2697537138008868,-0.4032433708973905
repeated_stratified_group_kfold,123,1,3,TCGA-CZ-4862-01A,CZ,False,3271.0,-0.4354864937725903,-0.7816127449885101
repeated_stratified_group_kfold,123,1,3,TCGA-CZ-4863-01A,CZ,False,1928.0,0.6363992656414232,-0.339210681107878
repeated_stratified_group_kfold,123,1,3,TCGA-CZ-4864-01A,CZ,True,1315.0,1.0355782926676174,0.1781810943556702
repeated_stratified_group_kfold,123,1,3,TCGA-CZ-4865-01A,CZ,True,166.0,0.3282898117067424,-0.23051571453029973
repeated_stratified_group_kfold,123,1,3,TCGA-CZ-4866-01A,CZ,False,3267.0,0.6279602990893762,0.22204762594511473
repeated_stratified_group_kfold,123,1,3,TCGA-CZ-5451-01A,CZ,False,1929.0,0.6360176428241059,-0.5684991916994684
repeated_stratified_group_kfold,123,1,3,TCGA-CZ-5452-01A,CZ,False,1789.0,0.46953403872264265,-0.4339440513311563
repeated_stratified_group_kfold,123,1,3,TCGA-CZ-5453-01A,CZ,True,2419.0,0.40294059708205743,-0.4078142058696082
repeated_stratified_group_kfold,123,1,3,TCGA-CZ-5454-01A,CZ,True,722.0,1.9741971734103443,0.9889391056538106
repeated_stratified_group_kfold,123,1,3,TCGA-CZ-5455-01A,CZ,True,561.0,1.9741971734103443,0.9569270076508416
repeated_stratified_group_kfold,123,1,3,TCGA-CZ-5456-01A,CZ,False,2422.0,0.06997338887913096,-0.5015214545109767
repeated_stratified_group_kfold,123,1,3,TCGA-CZ-5457-01A,CZ,False,2754.0,1.0380081888723331,0.08176942715506585
repeated_stratified_group_kfold,123,1,3,TCGA-CZ-5458-01A,CZ,False,2789.0,0.4053704932867729,-0.7165739958582493
repeated_stratified_group_kfold,123,1,3,TCGA-CZ-5459-01A,CZ,False,1683.0,1.0713049096926257,0.507717017305735
repeated_stratified_group_kfold,123,1,3,TCGA-CZ-5460-01A,CZ,False,2873.0,1.7078234068480032,0.7982098358045466
repeated_stratified_group_kfold,123,1,3,TCGA-CZ-5461-01A,CZ,True,330.0,1.6079332443871253,0.6885123416748717
repeated_stratified_group_kfold,123,1,3,TCGA-CZ-5462-01A,CZ,True,311.0,2.640131589816197,2.1062992527333284
repeated_stratified_group_kfold,123,1,3,TCGA-CZ-5463-01A,CZ,False,662.0,0.7026110844646912,-0.4611946516470366
repeated_stratified_group_kfold,123,1,3,TCGA-CZ-5464-01A,CZ,False,2128.0,2.1739774983321003,1.5265694471799087
repeated_stratified_group_kfold,123,1,3,TCGA-CZ-5465-01A,CZ,True,2564.0,1.4688172861487394,0.3551965610621677
repeated_stratified_group_kfold,123,1,3,TCGA-CZ-5466-01A,CZ,False,685.0,1.2044917929737964,0.21951993811341364
repeated_stratified_group_kfold,123,1,3,TCGA-CZ-5467-01A,CZ,True,73.0,1.8017844943516657,1.3625551895762433
repeated_stratified_group_kfold,123,1,3,TCGA-CZ-5468-01A,CZ,True,59.0,2.67342831063649,2.8227454875312112
repeated_stratified_group_kfold,123,1,3,TCGA-CZ-5469-01A,CZ,True,946.0,-0.4627741442455514,-0.5660403287121196
repeated_stratified_group_kfold,123,1,3,TCGA-CZ-5470-01A,CZ,False,386.0,0.5340792069758298,-0.6356522215744769
repeated_stratified_group_kfold,123,1,3,TCGA-CZ-5982-01A,CZ,False,2439.0,-0.03797411731647669,-1.1582286411518188
repeated_stratified_group_kfold,123,1,3,TCGA-CZ-5984-01A,CZ,False,2067.0,-0.26900288967112707,-0.7568528869170046
repeated_stratified_group_kfold,123,1,3,TCGA-CZ-5985-01A,CZ,False,1997.0,0.10327010969942359,-0.6573533239132949
repeated_stratified_group_kfold,123,1,3,TCGA-CZ-5986-01A,CZ,False,373.0,0.06396431853179935,-0.8205615961416294
repeated_stratified_group_kfold,123,1,3,TCGA-CZ-5987-01A,CZ,True,445.0,1.8743070109494664,1.137468020753814
repeated_stratified_group_kfold,123,1,3,TCGA-CZ-5988-01A,CZ,False,693.0,-0.7018602603349314,-1.1884323713438318
repeated_stratified_group_kfold,123,1,3,TCGA-CZ-5989-01A,CZ,False,1905.0,0.16986355134000888,-0.8766793904626611
repeated_stratified_group_kfold,123,1,4,TCGA-CJ-4634-01A,CJ,False,3498.0,-0.03915466739432584,-0.8443466052011135
repeated_stratified_group_kfold,123,1,4,TCGA-CJ-4635-01A,CJ,False,1416.0,-0.5038013315745002,-0.8761988047358973
repeated_stratified_group_kfold,123,1,4,TCGA-CJ-4636-01A,CJ,False,1924.0,0.728868865598403,0.28497608664372476
repeated_stratified_group_kfold,123,1,4,TCGA-CJ-4637-01A,CJ,True,2227.0,1.8038771669547067,1.5119546247189501
repeated_stratified_group_kfold,123,1,4,TCGA-CJ-4638-01A,CJ,True,431.0,1.5710281714769456,1.1008142149308742
repeated_stratified_group_kfold,123,1,4,TCGA-CJ-4639-01A,CJ,False,3229.0,0.03641880581439938,-0.9580291881929661
repeated_stratified_group_kfold,123,1,4,TCGA-CJ-4640-01A,CJ,False,3480.0,0.6512525337724826,-0.19489601822410252
repeated_stratified_group_kfold,123,1,4,TCGA-CJ-4641-01A,CJ,True,1661.0,1.9203016646935873,1.394012775658859
repeated_stratified_group_kfold,123,1,4,TCGA-CJ-4642-01B,CJ,False,3205.0,-0.04014619923617315,-0.4279635948691773
repeated_stratified_group_kfold,123,1,4,TCGA-CJ-4643-01A,CJ,False,1793.0,0.734965792247683,-0.18020221857029406
repeated_stratified_group_kfold,123,1,4,TCGA-CJ-4644-01A,CJ,True,336.0,1.648644503302866,0.7342768679651355
repeated_stratified_group_kfold,123,1,4,TCGA-CJ-4868-01A,CJ,True,646.0,1.4168468346004526,1.2636534780033477
repeated_stratified_group_kfold,123,1,4,TCGA-CJ-4869-01A,CJ,False,2554.0,0.6512525337724826,-0.13519813825296056
repeated_stratified_group_kfold,123,1,4,TCGA-CJ-4870-01A,CJ,False,1498.0,0.9994747002137766,0.020618068872898077
repeated_stratified_group_kfold,123,1,4,TCGA-CJ-4871-01A,CJ,False,2423.0,2.231818318772617,1.5872100759930188
repeated_stratified_group_kfold,123,1,4,TCGA-CJ-4872-01A,CJ,False,1435.0,-0.3873768338356197,-0.8930592267521994
repeated_stratified_group_kfold,123,1,4,TCGA-CJ-4873-01A,CJ,False,1776.0,2.047295179863702,2.0162363083902304
repeated_stratified_group_kfold,123,1,4,TCGA-CJ-4874-01A,CJ,False,2283.0,0.4653514894741567,-0.5515365156565489
repeated_stratified_group_kfold,123,1,4,TCGA-CJ-4875-01A,CJ,True,3554.0,2.3870509824244577,1.8150742016310302
repeated_stratified_group_kfold,123,1,4,TCGA-CJ-4876-01A,CJ,False,1955.0,0.3479354598934289,-0.6819555737448266
repeated_stratified_group_kfold,123,1,4,TCGA-CJ-4878-01A,CJ,False,2186.0,1.5039808570822593,0.7309313084787488
repeated_stratified_group_kfold,123,1,4,TCGA-CJ-4881-01A,CJ,False,2014.0,0.340787206468801,0.034278218450561004
repeated_stratified_group_kfold,123,1,4,TCGA-CJ-4882-01A,CJ,False,1883.0,0.9617178610761642,0.5899231195504739
repeated_stratified_group_kfold,123,1,4,TCGA-CJ-4884-01A,CJ,False,1759.0,1.5427890229952195,0.49274513032927336
repeated_stratified_group_kfold,123,1,4,TCGA-CJ-4885-01A,CJ,False,3451.0,2.270626484685577,1.4740435299559564
repeated_stratified_group_kfold,123,1,4,TCGA-CJ-4886-01A,CJ,False,1952.0,-0.7377016538276094,-1.7092041045608741
repeated_stratified_group_kfold,123,1,4,TCGA-CJ-4887-01A,CJ,True,932.0,1.6496958300782139,0.6917811757243411
repeated_stratified_group_kfold,123,1,4,TCGA-CJ-4888-01A,CJ,True,1567.0,2.076585655120776,1.7278687065623162
repeated_stratified_group_kfold,123,1,4,TCGA-CJ-4889-01A,CJ,False,1946.0,0.07726983034455477,-0.23345565216120406
repeated_stratified_group_kfold,123,1,4,TCGA-CJ-4890-01A,CJ,False,3519.0,2.5810918119892587,2.2278938530637054
repeated_stratified_group_kfold,123,1,4,TCGA-CJ-4891-01A,CJ,True,819.0,0.9606665343008164,1.015992759854476
repeated_stratified_group_kfold,123,1,4,TCGA-CJ-4892-01A,CJ,False,1521.0,0.15488616217047516,-0.6176861992030437
repeated_stratified_group_kfold,123,1,4,TCGA-CJ-4893-01A,CJ,False,750.0,0.5817759872130374,-0.22352204352647465
repeated_stratified_group_kfold,123,1,4,TCGA-CJ-4894-01A,CJ,True,841.0,1.0005260269891245,0.017003568414086234
repeated_stratified_group_kfold,123,1,4,TCGA-CJ-4895-01A,CJ,True,1200.0,2.1930101528596566,1.9708020488603228
repeated_stratified_group_kfold,123,1,4,TCGA-CJ-4897-01A,CJ,False,3341.0,1.814446184385941,0.5348727787312773
repeated_stratified_group_kfold,123,1,4,TCGA-CJ-4899-01A,CJ,False,1528.0,-0.7366503270522615,-1.3105045338908736
repeated_stratified_group_kfold,123,1,4,TCGA-CJ-4900-01A,CJ,True,1714.0,2.46361598747503,2.2609862116776718
repeated_stratified_group_kfold,123,1,4,TCGA-CJ-4901-01A,CJ,False,1450.0,0.5736362019465622,0.32347191742474823
repeated_stratified_group_kfold,123,1,4,TCGA-CJ-4902-01A,CJ,False,1520.0,1.116950524728005,0.5768413266102019
repeated_stratified_group_kfold,123,1,4,TCGA-CJ-4903-01A,CJ,False,1560.0,-0.42618499974857993,-0.9598236290557032
repeated_stratified_group_kfold,123,1,4,TCGA-CJ-4904-01A,CJ,False,3302.0,2.114342494258388,1.2318974531374787
repeated_stratified_group_kfold,123,1,4,TCGA-CJ-4905-01A,CJ,False,1496.0,0.038461664431594565,-0.6968299901307965
repeated_stratified_group_kfold,123,1,4,TCGA-CJ-4907-01A,CJ,False,1499.0,1.0005260269891245,-0.03047186873793284
repeated_stratified_group_kfold,123,1,4,TCGA-CJ-4908-01A,CJ,False,1531.0,-0.8918829907041023,-1.2526098101819922
repeated_stratified_group_kfold,123,1,4,TCGA-CJ-4912-01A,CJ,False,1657.0,0.5031681235452697,0.15707224241386486
repeated_stratified_group_kfold,123,1,4,TCGA-CJ-4916-01A,CJ,False,1373.0,1.4263645252563388,0.6175084796518036
repeated_stratified_group_kfold,123,1,4,TCGA-CJ-4918-01A,CJ,True,93.0,2.270626484685577,2.097202960988368
repeated_stratified_group_kfold,123,1,4,TCGA-CJ-4920-01A,CJ,True,139.0,0.11607799625751496,-0.08444997963797196
repeated_stratified_group_kfold,123,1,4,TCGA-CJ-4923-01A,CJ,True,572.0,2.230766991997269,1.894796728268107
repeated_stratified_group_kfold,123,1,4,TCGA-CJ-5671-01A,CJ,False,3987.0,-0.3873768338356197,-0.9788042840890089
repeated_stratified_group_kfold,123,1,4,TCGA-CJ-5672-01A,CJ,True,1972.0,0.8932926412920669,0.11785979569631877
repeated_stratified_group_kfold,123,1,4,TCGA-CJ-5675-01A,CJ,False,3936.0,0.8524416167619114,-0.17554692498792124
repeated_stratified_group_kfold,123,1,4,TCGA-CJ-5676-01A,CJ,False,4067.0,0.5736362019465622,-0.2557469621153664
repeated_stratified_group_kfold,123,1,4,TCGA-CJ-5677-01A,CJ,True,782.0,1.881493498780627,1.6413425617540676
repeated_stratified_group_kfold,123,1,4,TCGA-CJ-5678-01A,CJ,True,574.0,2.1930101528596566,1.231317494641368
repeated_stratified_group_kfold,123,1,4,TCGA-CJ-5679-01A,CJ,True,679.0,1.5826485156835273,0.9702559543217388
repeated_stratified_group_kfold,123,1,4,TCGA-CJ-5680-01A,CJ,True,768.0,2.3083833238231892,1.6914961170726701
repeated_stratified_group_kfold,123,1,4,TCGA-CJ-5681-01A,CJ,True,552.0,1.4934118396510252,1.3050976836552266
repeated_stratified_group_kfold,123,1,4,TCGA-CJ-5682-01A,CJ,False,3736.0,2.115393821033736,0.9780035313921303
repeated_stratified_group_kfold,123,1,4,TCGA-CJ-5683-01A,CJ,False,1889.0,0.6604436458143057,0.02575871441135469
repeated_stratified_group_kfold,123,1,4,TCGA-CJ-5684-01A,CJ,False,2231.0,1.116950524728005,0.03785308300790846
repeated_stratified_group_kfold,123,1,4,TCGA-CJ-5686-01A,CJ,False,2038.0,-0.07796283330728604,-1.058951414887431
repeated_stratified_group_kfold,123,1,4,TCGA-CJ-6027-01A,CJ,True,3615.0,0.6216354799013455,0.18878680958749083
repeated_stratified_group_kfold,123,1,4,TCGA-CJ-6028-01A,CJ,True,1625.0,2.0377774892078158,1.43988258191252
repeated_stratified_group_kfold,123,1,4,TCGA-CJ-6030-01A,CJ,True,2299.0,0.15593748894582304,-0.1654540868577219
repeated_stratified_group_kfold,123,1,4,TCGA-CJ-6031-01A,CJ,False,1906.0,-0.27095233609673913,-0.7135373839230249
repeated_stratified_group_kfold,123,1,4,TCGA-CJ-6032-01A,CJ,False,3639.0,0.5797331285958423,-0.357926348568023
repeated_stratified_group_kfold,123,1,4,TCGA-CJ-6033-01A,CJ,True,224.0,1.881493498780627,1.4385145207204113
repeated_stratified_group_kfold,123,1,4,TCGA-DV-5565-01A,DV,False,1329.0,-0.07691150653193814,-0.5573270944162673
repeated_stratified_group_kfold,123,1,4,TCGA-DV-5566-01A,DV,False,1398.0,0.23250249399639555,-0.6547027105781907
repeated_stratified_group_kfold,123,1,4,TCGA-DV-5567-01A,DV,False,2004.0,-0.8153179856535298,-1.217463953670762
repeated_stratified_group_kfold,123,1,4,TCGA-DV-5568-01A,DV,False,370.0,-1.3575809816596247,-1.9515098572507943
repeated_stratified_group_kfold,123,1,4,TCGA-DV-5569-01A,DV,False,355.0,-1.2422078106960919,-2.0076159962497386
repeated_stratified_group_kfold,123,1,4,TCGA-DV-5573-01A,DV,False,1130.0,-0.7754584929652217,-1.3921994662125785
repeated_stratified_group_kfold,123,1,4,TCGA-DV-5574-01A,DV,False,2016.0,-0.9306911566170626,-1.3648979592549653
repeated_stratified_group_kfold,123,1,4,TCGA-DV-5575-01A,DV,False,1729.0,-0.3496199946980074,-1.3011331611379546
repeated_stratified_group_kfold,123,1,4,TCGA-DV-5576-01A,DV,True,727.0,-0.23319549695912684,-0.8023817632047119
repeated_stratified_group_kfold,123,1,4,TCGA-DV-A4VX-01A,DV,True,1626.0,2.076585655120776,1.4770775267300618
repeated_stratified_group_kfold,123,1,4,TCGA-DV-A4VZ-01A,DV,False,365.0,-0.3097605020096993,-0.2726665286942571
repeated_stratified_group_kfold,123,1,4,TCGA-DV-A4W0-01A,DV,False,2470.0,-0.23214417018377895,-0.42127145600310456
repeated_stratified_group_kfold,456,2,0,TCGA-BP-4158-01A,BP,False,3377.0,0.2368073975248432,-0.4342452755509183
repeated_stratified_group_kfold,456,2,0,TCGA-BP-4159-01A,BP,True,2601.0,0.2636433832877775,-0.40050833914082495
repeated_stratified_group_kfold,456,2,0,TCGA-BP-4160-01A,BP,False,2881.0,1.1694730586816142,0.1501577483655171
repeated_stratified_group_kfold,456,2,0,TCGA-BP-4161-01A,BP,False,2746.0,0.3709873263395148,-0.40247702593281437
repeated_stratified_group_kfold,456,2,0,TCGA-BP-4162-01A,BP,False,3074.0,0.10977097018792002,-1.0354916245939771
repeated_stratified_group_kfold,456,2,0,TCGA-BP-4163-01A,BP,False,2839.0,0.9619286740558879,0.30814844891352167
repeated_stratified_group_kfold,456,2,0,TCGA-BP-4164-01A,BP,True,992.0,0.7204048021894789,-0.11993707704518647
repeated_stratified_group_kfold,456,2,0,TCGA-BP-4165-01A,BP,False,3037.0,0.08293498442498569,-0.8410444364138459
repeated_stratified_group_kfold,456,2,0,TCGA-BP-4166-01A,BP,False,13.0,1.2231450302074829,0.29219435889045864
repeated_stratified_group_kfold,456,2,0,TCGA-BP-4167-01A,BP,False,2718.0,0.9547851725781394,0.4225254356765923
repeated_stratified_group_kfold,456,2,0,TCGA-BP-4169-01A,BP,True,701.0,0.6388601000480649,0.23770419837357948
repeated_stratified_group_kfold,456,2,0,TCGA-BP-4170-01A,BP,True,2343.0,0.2976228705284603,-0.5804110011912508
repeated_stratified_group_kfold,456,2,0,TCGA-BP-4173-01A,BP,False,1893.0,-0.11969100279184477,-0.6040452417044031
repeated_stratified_group_kfold,456,2,0,TCGA-BP-4174-01A,BP,False,1879.0,-0.06601903126597611,-0.625600765318842
repeated_stratified_group_kfold,456,2,0,TCGA-BP-4176-01A,BP,False,1955.0,0.10262746871017152,-0.26682192402525784
repeated_stratified_group_kfold,456,2,0,TCGA-BP-4177-01A,BP,False,1670.0,0.12946345447310587,-0.4832998264064153
repeated_stratified_group_kfold,456,2,0,TCGA-BP-4325-01A,BP,False,2964.0,0.08293498442498569,-1.0699772037196311
repeated_stratified_group_kfold,456,2,0,TCGA-BP-4326-01A,BP,True,1625.0,-0.21226085896729194,-0.3552922953759021
repeated_stratified_group_kfold,456,2,0,TCGA-BP-4327-01A,BP,True,109.0,0.6120241142851306,0.09168128774468842
repeated_stratified_group_kfold,456,2,0,TCGA-BP-4329-01A,BP,True,845.0,1.3841609447850887,0.21493219223547722
repeated_stratified_group_kfold,456,2,0,TCGA-BP-4330-01A,BP,False,1888.0,0.9619286740558879,-0.023938277808650987
repeated_stratified_group_kfold,456,2,0,TCGA-BP-4331-01A,BP,True,2454.0,-0.21940436044504044,-0.9372361326862935
repeated_stratified_group_kfold,456,2,0,TCGA-BP-4332-01A,BP,False,1133.0,0.3375575000306499,-0.8946120368823511
repeated_stratified_group_kfold,456,2,0,TCGA-BP-4334-01A,BP,True,645.0,0.8742772152893364,0.6826221360572403
repeated_stratified_group_kfold,456,2,0,TCGA-BP-4335-01A,BP,True,475.0,2.0348275230616037,1.6474626567808959
repeated_stratified_group_kfold,456,2,0,TCGA-BP-4337-01A,BP,True,2.0,1.3913044462628372,1.0640697228688136
repeated_stratified_group_kfold,456,2,0,TCGA-BP-4338-01A,BP,False,2859.0,-0.4609282323114494,-0.7443006839415327
repeated_stratified_group_kfold,456,2,0,TCGA-BP-4340-01A,BP,True,562.0,0.24395089900259165,-1.0994061655455658
repeated_stratified_group_kfold,456,2,0,TCGA-BP-4341-01A,BP,True,1589.0,1.1694730586816142,0.5389385827531369
repeated_stratified_group_kfold,456,2,0,TCGA-BP-4342-01A,BP,True,2256.0,0.7390605416220538,0.07574027401395833
repeated_stratified_group_kfold,456,2,0,TCGA-BP-4343-01A,BP,True,1912.0,1.088965101392811,-0.023924764193361536
repeated_stratified_group_kfold,456,2,0,TCGA-BP-4344-01A,BP,False,1666.0,0.37813082781726326,-0.189872494248139
repeated_stratified_group_kfold,456,2,0,TCGA-BP-4345-01A,BP,False,1516.0,1.0352931298669426,0.3859848835310088
repeated_stratified_group_kfold,456,2,0,TCGA-BP-4346-01A,BP,True,1493.0,0.9011132010522708,0.18152923464113802
repeated_stratified_group_kfold,456,2,0,TCGA-BP-4347-01A,BP,False,1367.0,1.3573249590221543,0.6382263950343531
repeated_stratified_group_kfold,456,2,0,TCGA-BP-4349-01A,BP,False,372.0,0.19027892747672304,-0.46695843065561116
repeated_stratified_group_kfold,456,2,0,TCGA-BP-4351-01A,BP,False,970.0,0.7204048021894789,0.10463804752608719
repeated_stratified_group_kfold,456,2,0,TCGA-BP-4352-01A,BP,True,344.0,2.2763513949280125,3.2527649216178576
repeated_stratified_group_kfold,456,2,0,TCGA-BP-4353-01A,BP,True,375.0,0.022119511421368546,-0.8506661111780669
repeated_stratified_group_kfold,456,2,0,TCGA-BP-4354-01A,BP,True,1034.0,1.3836203632734314,1.7173199769873895
repeated_stratified_group_kfold,456,2,0,TCGA-BP-4355-01A,BP,True,953.0,0.9350926882929536,0.25750473940048424
repeated_stratified_group_kfold,456,2,0,TCGA-BP-4756-01A,BP,False,374.0,0.029263012899117043,-0.02769591473659183
repeated_stratified_group_kfold,456,2,0,TCGA-BP-4758-01A,BP,False,2208.0,-0.5414361896002523,-0.9804134400257644
repeated_stratified_group_kfold,456,2,0,TCGA-BP-4759-01A,BP,False,2372.0,-0.2730763319709091,-0.9928561592363856
repeated_stratified_group_kfold,456,2,0,TCGA-BP-4760-01A,BP,False,2361.0,0.2368073975248432,0.350721805166215
repeated_stratified_group_kfold,456,2,0,TCGA-BP-4761-01A,BP,False,182.0,0.9011132010522708,1.183942158619991
repeated_stratified_group_kfold,456,2,0,TCGA-BP-4762-01A,BP,True,1343.0,-0.4877642180743837,-1.370627742373236
repeated_stratified_group_kfold,456,2,0,TCGA-BP-4763-01A,BP,True,1270.0,0.4854747708690006,-0.42362064377695324
repeated_stratified_group_kfold,456,2,0,TCGA-BP-4765-01A,BP,False,2184.0,-0.4609282323114494,-1.4502943862111068
repeated_stratified_group_kfold,456,2,0,TCGA-BP-4766-01A,BP,False,1462.0,-0.48062071659663524,-1.3270354836105847
repeated_stratified_group_kfold,456,2,0,TCGA-BP-4768-01A,BP,False,400.0,0.2976228705284603,-0.20037230112256527
repeated_stratified_group_kfold,456,2,0,TCGA-BP-4769-01A,BP,False,1876.0,0.0757914829472372,-0.15726043363036146
repeated_stratified_group_kfold,456,2,0,TCGA-BP-4770-01A,BP,True,329.0,2.2495154091650784,2.668816103157998
repeated_stratified_group_kfold,456,2,0,TCGA-BP-4771-01A,BP,True,162.0,1.9740120500579865,2.0590759071766644
repeated_stratified_group_kfold,456,2,0,TCGA-BP-4774-01A,BP,False,1885.0,-0.1049169159155546,-0.7084408824296202
repeated_stratified_group_kfold,456,2,0,TCGA-BP-4775-01A,BP,False,1843.0,-0.15858888744142327,-1.1537178953879845
repeated_stratified_group_kfold,456,2,0,TCGA-BP-4776-01A,BP,False,411.0,-0.21940436044504044,-0.7470632491262518
repeated_stratified_group_kfold,456,2,0,TCGA-BP-4777-01A,BP,False,1731.0,-0.38042027502264636,-1.2990281550639033
repeated_stratified_group_kfold,456,2,0,TCGA-BP-4781-01A,BP,False,2080.0,0.47833126939125215,0.10334105078665023
repeated_stratified_group_kfold,456,2,0,TCGA-BP-4782-01A,BP,False,354.0,-0.15858888744142327,-0.864571951044771
repeated_stratified_group_kfold,456,2,0,TCGA-BP-4784-01A,BP,False,1854.0,0.1634429417137887,0.16149478666160877
repeated_stratified_group_kfold,456,2,0,TCGA-BP-4787-01A,BP,True,480.0,1.8738116084839977,1.263874566456098
repeated_stratified_group_kfold,456,2,0,TCGA-BP-4789-01A,BP,False,1489.0,-0.32674830349677775,-1.2870975680756467
repeated_stratified_group_kfold,456,2,0,TCGA-BP-4790-01A,BP,True,1111.0,0.4246592978653835,-0.0005082808875842559
repeated_stratified_group_kfold,456,2,0,TCGA-BP-4795-01A,BP,False,620.0,0.351294842054329,0.40947247924116426
repeated_stratified_group_kfold,456,2,0,TCGA-BP-4797-01A,BP,False,1107.0,0.2838855285047813,-0.6424062098882805
repeated_stratified_group_kfold,456,2,0,TCGA-BP-4798-01A,BP,True,334.0,-4.4715795941288015,0.28067809153726053
repeated_stratified_group_kfold,456,2,0,TCGA-BP-4799-01A,BP,True,1133.0,1.249981015970417,1.0726396327004015
repeated_stratified_group_kfold,456,2,0,TCGA-BP-4801-01A,BP,False,1124.0,-0.08522443163036877,-0.830386192066308
repeated_stratified_group_kfold,456,2,0,TCGA-BP-4803-01A,BP,False,204.0,1.491504887836826,0.3436436648845319
repeated_stratified_group_kfold,456,2,0,TCGA-BP-4804-01A,BP,False,1459.0,-0.03155246010450011,-0.4529177707923274
repeated_stratified_group_kfold,456,2,0,TCGA-BP-4807-01A,BP,False,211.0,-0.4877642180743837,-1.580796860395885
repeated_stratified_group_kfold,456,2,0,TCGA-BP-4959-01A,BP,False,2660.0,-0.2999123177338434,-1.1026528581430735
repeated_stratified_group_kfold,456,2,0,TCGA-BP-4960-01A,BP,False,2172.0,-0.14652698855477905,-0.8589495958700102
repeated_stratified_group_kfold,456,2,0,TCGA-BP-4961-01A,BP,False,1935.0,-0.3535842892597121,-1.666116567856014
repeated_stratified_group_kfold,456,2,0,TCGA-BP-4962-01A,BP,False,1785.0,0.17550484060043287,-0.9039655369794095
repeated_stratified_group_kfold,456,2,0,TCGA-BP-4963-01A,BP,False,1834.0,0.0757914829472372,-0.8576275999896019
repeated_stratified_group_kfold,456,2,0,TCGA-BP-4964-01A,BP,False,1862.0,-0.1854248732043576,-0.9849070922408906
repeated_stratified_group_kfold,456,2,0,TCGA-BP-4965-01A,BP,False,1871.0,-0.38042027502264636,-1.1543977247994666
repeated_stratified_group_kfold,456,2,0,TCGA-BP-4967-01A,BP,False,205.0,1.410996930548023,1.1671596111357871
repeated_stratified_group_kfold,456,2,0,TCGA-BP-4968-01A,BP,False,1746.0,-0.5414361896002523,-1.5065533729098495
repeated_stratified_group_kfold,456,2,0,TCGA-BP-4969-01A,BP,False,1794.0,0.05609899866205137,-0.8902918753006335
repeated_stratified_group_kfold,456,2,0,TCGA-BP-4970-01A,BP,False,433.0,0.5522453861341245,0.0645915870535293
repeated_stratified_group_kfold,456,2,0,TCGA-BP-4971-01A,BP,False,1487.0,0.4449014430823872,0.4300455332099732
repeated_stratified_group_kfold,456,2,0,TCGA-BP-4972-01A,BP,False,1502.0,0.5057169160860042,-0.19566472257371226
repeated_stratified_group_kfold,456,2,0,TCGA-BP-4973-01A,BP,False,1384.0,0.6327533434229275,-0.7701092758719578
repeated_stratified_group_kfold,456,2,0,TCGA-BP-4974-01A,BP,True,211.0,1.8666681070062492,1.2671765712375818
repeated_stratified_group_kfold,456,2,0,TCGA-BP-4975-01A,BP,False,1433.0,-0.5414361896002523,-1.6647399559366733
repeated_stratified_group_kfold,456,2,0,TCGA-BP-4976-01A,BP,False,1632.0,0.45149528362831776,-0.786371470157088
repeated_stratified_group_kfold,456,2,0,TCGA-BP-4977-01A,BP,False,454.0,-0.08522443163036877,-0.5124907311910657
repeated_stratified_group_kfold,456,2,0,TCGA-BP-4981-01A,BP,True,1097.0,1.3644684604999027,1.0721695292306044
repeated_stratified_group_kfold,456,2,0,TCGA-BP-4982-01A,BP,False,1014.0,-0.4877642180743837,-1.6504614715298258
repeated_stratified_group_kfold,456,2,0,TCGA-BP-4983-01A,BP,False,1413.0,1.1497805743964282,1.7791315552153613
repeated_stratified_group_kfold,456,2,0,TCGA-BP-4985-01A,BP,True,952.0,1.3036529874962857,1.6563403184736734
repeated_stratified_group_kfold,456,2,0,TCGA-BP-4986-01A,BP,False,785.0,0.3978233121024491,0.5924745643777912
repeated_stratified_group_kfold,456,2,0,TCGA-BP-4987-01A,BP,False,1124.0,-0.5342926881225039,-1.591125143757893
repeated_stratified_group_kfold,456,2,0,TCGA-BP-4988-01A,BP,True,828.0,0.31731535481364614,0.19737921503874845
repeated_stratified_group_kfold,456,2,0,TCGA-BP-4989-01A,BP,False,118.0,0.9279491868152051,0.6745908298770914
repeated_stratified_group_kfold,456,2,0,TCGA-BP-4991-01A,BP,False,1413.0,-0.16573238891917177,-0.8930741878686697
repeated_stratified_group_kfold,456,2,0,TCGA-BP-4992-01A,BP,False,501.0,0.1562994402360402,0.05373237703206335
repeated_stratified_group_kfold,456,2,0,TCGA-BP-4993-01A,BP,False,177.0,-0.058388445867434455,-1.0130875811567424
repeated_stratified_group_kfold,456,2,0,TCGA-BP-4994-01A,BP,False,1308.0,-0.16573238891917177,-1.0772111160557285
repeated_stratified_group_kfold,456,2,0,TCGA-BP-4995-01A,BP,False,1371.0,0.20997141176190887,-0.7508418719006599
repeated_stratified_group_kfold,456,2,0,TCGA-BP-4998-01A,BP,False,932.0,-0.2999123177338434,-0.9659000834744402
repeated_stratified_group_kfold,456,2,0,TCGA-BP-4999-01A,BP,False,1266.0,-0.11206041739330311,-1.0199627028162248
repeated_stratified_group_kfold,456,2,0,TCGA-BP-5000-01A,BP,False,563.0,-0.5414361896002523,-1.0684785909622896
repeated_stratified_group_kfold,456,2,0,TCGA-BP-5001-01A,BP,False,1177.0,-0.48062071659663524,-1.2477335144135209
repeated_stratified_group_kfold,456,2,0,TCGA-BP-5004-01A,BP,False,1126.0,-0.1925683746821061,-1.2314969993977123
repeated_stratified_group_kfold,456,2,0,TCGA-BP-5006-01A,BP,False,840.0,0.022119511421368546,-0.9357311498496661
repeated_stratified_group_kfold,456,2,0,TCGA-BP-5007-01A,BP,False,1140.0,-0.17336297431771344,-1.2653673752861567
repeated_stratified_group_kfold,456,2,0,TCGA-BP-5008-01A,BP,False,1071.0,-0.38042027502264636,-1.0264255817313304
repeated_stratified_group_kfold,456,2,0,TCGA-BP-5009-01A,BP,True,1092.0,-0.21940436044504044,-0.7099172322062038
repeated_stratified_group_kfold,456,2,0,TCGA-BP-5010-01A,BP,True,878.0,1.0621291156298769,0.778109239066696
repeated_stratified_group_kfold,456,2,0,TCGA-BP-5168-01A,BP,True,1463.0,0.3978233121024491,-0.47310803895061754
repeated_stratified_group_kfold,456,2,0,TCGA-BP-5169-01A,BP,False,193.0,0.2636433832877775,0.12897127713907053
repeated_stratified_group_kfold,456,2,0,TCGA-BP-5170-01A,BP,False,2412.0,-0.13889640315623744,-0.7650787597617303
repeated_stratified_group_kfold,456,2,0,TCGA-BP-5173-01A,BP,True,62.0,0.3978233121024491,-0.2630567614339058
repeated_stratified_group_kfold,456,2,0,TCGA-BP-5174-01A,BP,False,2257.0,-0.4269487450707666,-1.0943945696731476
repeated_stratified_group_kfold,456,2,0,TCGA-BP-5175-01A,BP,False,932.0,-0.004716474341565784,-0.1674808470911805
repeated_stratified_group_kfold,456,2,0,TCGA-BP-5176-01A,BP,True,1590.0,0.4586387851060663,-0.2360353404485474
repeated_stratified_group_kfold,456,2,0,TCGA-BP-5177-01A,BP,False,293.0,-0.4001127593078322,-1.3379574972682677
repeated_stratified_group_kfold,456,2,0,TCGA-BP-5178-01A,BP,True,1912.0,2.2155359219243955,1.6770154618927462
repeated_stratified_group_kfold,456,2,0,TCGA-BP-5180-01A,BP,False,2263.0,-0.1925683746821061,-1.3665524231352357
repeated_stratified_group_kfold,456,2,0,TCGA-BP-5181-01A,BP,False,1495.0,-0.07808093015262028,-1.8071745919561133
repeated_stratified_group_kfold,456,2,0,TCGA-BP-5182-01A,BP,False,1165.0,-0.11206041739330311,-0.7854217535554455
repeated_stratified_group_kfold,456,2,0,TCGA-BP-5183-01A,BP,False,1291.0,0.9011132010522708,0.11534004527176533
repeated_stratified_group_kfold,456,2,0,TCGA-BP-5184-01A,BP,False,1133.0,-0.16573238891917177,-1.8933493621901296
repeated_stratified_group_kfold,456,2,0,TCGA-BP-5185-01A,BP,False,1132.0,-0.11206041739330311,-0.6382556022073905
repeated_stratified_group_kfold,456,2,0,TCGA-BP-5186-01A,BP,False,693.0,-0.2927688162560949,-1.5224810205227635
repeated_stratified_group_kfold,456,2,0,TCGA-BP-5187-01A,BP,False,406.0,-0.16573238891917177,-0.8659734500535656
repeated_stratified_group_kfold,456,2,0,TCGA-BP-5189-01A,BP,True,822.0,-0.004716474341565784,-0.6318464633077018
repeated_stratified_group_kfold,456,2,0,TCGA-BP-5190-01A,BP,False,1011.0,0.022119511421368546,-1.0853766187261982
repeated_stratified_group_kfold,456,2,0,TCGA-BP-5191-01A,BP,False,967.0,1.491504887836826,0.8762205236026378
repeated_stratified_group_kfold,456,2,0,TCGA-BP-5192-01A,BP,False,714.0,-0.03155246010450011,-0.9731223558296437
repeated_stratified_group_kfold,456,2,0,TCGA-BP-5194-01A,BP,False,408.0,-0.5682721753631866,-2.0485526686647617
repeated_stratified_group_kfold,456,2,0,TCGA-BP-5195-01A,BP,False,749.0,0.3978233121024491,-0.15264292187231754
repeated_stratified_group_kfold,456,2,0,TCGA-BP-5196-01A,BP,False,1018.0,-0.1925683746821061,0.13453256843228278
repeated_stratified_group_kfold,456,2,0,TCGA-BP-5198-01A,BP,False,603.0,1.3036529874962857,0.5904744757178683
repeated_stratified_group_kfold,456,2,0,TCGA-BP-5199-01A,BP,False,1355.0,0.17550484060043287,-0.20686789149886953
repeated_stratified_group_kfold,456,2,0,TCGA-BP-5200-01A,BP,False,1063.0,-0.20019896008064772,-1.2775607421937645
repeated_stratified_group_kfold,456,2,0,TCGA-BP-5201-01A,BP,False,951.0,2.000848035820921,0.9888061498778628
repeated_stratified_group_kfold,456,2,0,TCGA-BP-5202-01A,BP,False,29.0,1.3841609447850887,0.054303126727290874
repeated_stratified_group_kfold,456,2,1,TCGA-3Z-A93Z-01A,3Z,False,385.0,0.18960633777768787,-0.25444255422139006
repeated_stratified_group_kfold,456,2,1,TCGA-6D-AA2E-01A,6D,False,362.0,0.2746533987756621,0.546997575744063
repeated_stratified_group_kfold,456,2,1,TCGA-A3-3306-01A,A3,False,1120.0,0.11508732760911668,-0.8983671825594546
repeated_stratified_group_kfold,456,2,1,TCGA-A3-3307-01A,A3,False,1436.0,0.9326902687058317,-0.1399092190330748
repeated_stratified_group_kfold,456,2,1,TCGA-A3-3308-01A,A3,False,16.0,1.464851390715233,1.531958339935834
repeated_stratified_group_kfold,456,2,1,TCGA-A3-3311-01A,A3,True,1191.0,-0.2575077232337391,-0.832706096465321
repeated_stratified_group_kfold,456,2,1,TCGA-A3-3313-01A,A3,True,735.0,-0.18298871306516795,-0.06833802955938101
repeated_stratified_group_kfold,456,2,1,TCGA-A3-3316-01A,A3,False,1493.0,0.12168982104110475,-0.4262863804292581
repeated_stratified_group_kfold,456,2,1,TCGA-A3-3317-01A,A3,False,1491.0,0.49428487188396053,0.09644387750536748
repeated_stratified_group_kfold,456,2,1,TCGA-A3-3319-01A,A3,False,1130.0,0.22686584286197342,0.5215930040106713
repeated_stratified_group_kfold,456,2,1,TCGA-A3-3320-01A,A3,False,1508.0,-0.32149868257290726,-1.1953566302829475
repeated_stratified_group_kfold,456,2,1,TCGA-A3-3322-01A,A3,False,1478.0,-0.48106475373945257,-1.045556301192189
repeated_stratified_group_kfold,456,2,1,TCGA-A3-3323-01A,A3,False,1106.0,-0.4065457435708814,-0.2972059714932225
repeated_stratified_group_kfold,456,2,1,TCGA-A3-3324-01A,A3,False,1186.0,-0.48106475373945257,-1.2213578579477953
repeated_stratified_group_kfold,456,2,1,TCGA-A3-3325-01A,A3,True,1170.0,-0.443805248655167,-1.4437046233446413
repeated_stratified_group_kfold,456,2,1,TCGA-A3-3326-01A,A3,False,1137.0,-0.6301027740765949,-1.5170416415175894
repeated_stratified_group_kfold,456,2,1,TCGA-A3-3328-01A,A3,False,1385.0,0.5622013886205436,0.6798095028293691
repeated_stratified_group_kfold,456,2,1,TCGA-A3-3329-01A,A3,False,1624.0,0.4131633682834014,-0.4672638536675692
repeated_stratified_group_kfold,456,2,1,TCGA-A3-3331-01A,A3,False,1257.0,0.9453244902928025,0.3308261728664115
repeated_stratified_group_kfold,456,2,1,TCGA-A3-3335-01A,A3,False,1886.0,-0.4744622603074645,-0.9761695663512269
repeated_stratified_group_kfold,456,2,1,TCGA-A3-3343-01A,A3,False,945.0,0.9413989328953876,-0.047531074662733486
repeated_stratified_group_kfold,456,2,1,TCGA-A3-3346-01A,A3,True,137.0,0.15234683269340232,0.7373359607171024
repeated_stratified_group_kfold,456,2,1,TCGA-A3-3347-01A,A3,True,1610.0,1.4275918856309473,1.4458059238524947
repeated_stratified_group_kfold,456,2,1,TCGA-A3-3349-01A,A3,False,1385.0,-0.9921697740900477,-1.5588841347537827
repeated_stratified_group_kfold,456,2,1,TCGA-A3-3351-01A,A3,False,910.0,-0.437202755223179,-1.170869844360824
repeated_stratified_group_kfold,456,2,1,TCGA-A3-3352-01A,A3,True,561.0,1.2307663093801162,0.5094730721733818
repeated_stratified_group_kfold,456,2,1,TCGA-A3-3357-01A,A3,False,2688.0,0.3079873464625327,-0.08911847996480321
repeated_stratified_group_kfold,456,2,1,TCGA-A3-3358-01A,A3,False,1307.0,-0.13520115715147935,-0.5935411548972388
repeated_stratified_group_kfold,456,2,1,TCGA-A3-3359-01A,A3,False,2504.0,0.7962864699556602,-0.09102000098343893
repeated_stratified_group_kfold,456,2,1,TCGA-A3-3362-01A,A3,False,1559.0,-0.0234226418986226,-0.5574596844775874
repeated_stratified_group_kfold,456,2,1,TCGA-A3-3363-01A,A3,False,319.0,-0.1391267145488943,-0.4471561772766904
repeated_stratified_group_kfold,456,2,1,TCGA-A3-3365-01A,A3,False,873.0,-0.6673622791608805,-1.1662587099512993
repeated_stratified_group_kfold,456,2,1,TCGA-A3-3367-01A,A3,False,2270.0,0.3013848530305446,-0.5233797917557735
repeated_stratified_group_kfold,456,2,1,TCGA-A3-3370-01A,A3,False,2274.0,-0.47053670291004956,-1.0378882339474118
repeated_stratified_group_kfold,456,2,1,TCGA-A3-3372-01A,A3,False,735.0,0.8581712585372605,0.07774199987827374
repeated_stratified_group_kfold,456,2,1,TCGA-A3-3373-01A,A3,False,1621.0,-0.24697967240433608,-1.070461424415594
repeated_stratified_group_kfold,456,2,1,TCGA-A3-3374-01A,A3,False,1314.0,-0.3587581876571928,0.026478377130947472
repeated_stratified_group_kfold,456,2,1,TCGA-A3-3376-01A,A3,True,1696.0,-0.48106475373945257,-1.2398111313374365
repeated_stratified_group_kfold,456,2,1,TCGA-A3-3378-01A,A3,False,630.0,-0.14572920798088237,-0.25107362469501093
repeated_stratified_group_kfold,456,2,1,TCGA-A3-3380-01A,A3,False,567.0,-0.36928623848659586,-0.8104604900950843
repeated_stratified_group_kfold,456,2,1,TCGA-A3-3382-01A,A3,False,574.0,0.18960633777768787,0.07801395642065395
repeated_stratified_group_kfold,456,2,1,TCGA-A3-3383-01A,A3,False,861.0,-0.443805248655167,-1.2408487672909008
repeated_stratified_group_kfold,456,2,1,TCGA-A3-3385-01A,A3,False,1993.0,-0.5450557130786208,-1.3240047179645722
repeated_stratified_group_kfold,456,2,1,TCGA-A3-3387-01A,A3,False,617.0,-0.5555837639080238,-1.1328416855158356
repeated_stratified_group_kfold,456,2,1,TCGA-A3-A6NI-01A,A3,False,1018.0,-0.6301027740765949,-1.224777581057459
repeated_stratified_group_kfold,456,2,1,TCGA-A3-A6NJ-01A,A3,False,468.0,-0.13520115715147935,-0.982884312335679
repeated_stratified_group_kfold,456,2,1,TCGA-A3-A6NL-01A,A3,False,689.0,-0.433277197825764,-1.1572463070243826
repeated_stratified_group_kfold,456,2,1,TCGA-A3-A6NN-01A,A3,False,3.0,0.5249418835362581,-0.1627633966722964
repeated_stratified_group_kfold,456,2,1,TCGA-A3-A8CQ-01A,A3,False,3.0,-0.06068214698290818,-0.9225481174894146
repeated_stratified_group_kfold,456,2,1,TCGA-A3-A8OV-01A,A3,False,340.0,0.4131633682834014,-0.2436179613100061
repeated_stratified_group_kfold,456,2,1,TCGA-A3-A8OW-01A,A3,False,323.0,-0.1478353787384501,-1.4202938048938687
repeated_stratified_group_kfold,456,2,1,TCGA-AS-3777-01A,AS,False,1238.0,-0.03395069272802563,0.21772704680298355
repeated_stratified_group_kfold,456,2,1,TCGA-AS-3778-01A,AS,False,43.0,-1.077216835088022,-1.613689024886469
repeated_stratified_group_kfold,456,2,1,TCGA-CW-5580-01A,CW,True,1964.0,2.407856062936978,1.6851032407080309
repeated_stratified_group_kfold,456,2,1,TCGA-CW-5581-01A,CW,False,2799.0,-0.7418812893294516,-1.6192866829910164
repeated_stratified_group_kfold,456,2,1,TCGA-CW-5583-01A,CW,False,2489.0,-0.3587581876571928,-1.1688131525856285
repeated_stratified_group_kfold,456,2,1,TCGA-CW-5584-01A,CW,True,164.0,1.2307663093801162,0.054986911458063614
repeated_stratified_group_kfold,456,2,1,TCGA-CW-5585-01A,CW,False,2609.0,1.4658403850004358,0.07872478307130054
repeated_stratified_group_kfold,456,2,1,TCGA-CW-5587-01A,CW,False,2226.0,0.9059588144509492,-0.13606267409570483
repeated_stratified_group_kfold,456,2,1,TCGA-CW-5588-01A,CW,False,2017.0,0.6472484496185179,0.4673005299372763
repeated_stratified_group_kfold,456,2,1,TCGA-CW-5589-01A,CW,False,2378.0,-0.443805248655167,-1.308105717590976
repeated_stratified_group_kfold,456,2,1,TCGA-CW-5590-01A,CW,True,1075.0,1.4658403850004358,0.5120915354486897
repeated_stratified_group_kfold,456,2,1,TCGA-CW-5591-01A,CW,False,2271.0,1.6521379104218636,1.0632614342873496
repeated_stratified_group_kfold,456,2,1,TCGA-CW-6087-01A,CW,True,41.0,1.8384354358432915,2.4455562802955106
repeated_stratified_group_kfold,456,2,1,TCGA-CW-6088-01A,CW,False,3222.0,-0.14572920798088237,-1.1828379415178523
repeated_stratified_group_kfold,456,2,1,TCGA-CW-6090-01A,CW,False,2552.0,0.15234683269340232,0.04891027295872946
repeated_stratified_group_kfold,456,2,1,TCGA-CW-6093-01A,CW,False,3146.0,0.3386443581148301,-0.5192045335917874
repeated_stratified_group_kfold,456,2,1,TCGA-CW-6097-01A,CW,True,571.0,-0.3341329041598782,-0.6392591917795156
repeated_stratified_group_kfold,456,2,1,TCGA-EU-5904-01A,EU,False,551.0,-0.5077962079943351,-1.5096554086021488
repeated_stratified_group_kfold,456,2,1,TCGA-EU-5905-01A,EU,False,119.0,0.23739389369137645,0.18026260651760223
repeated_stratified_group_kfold,456,2,1,TCGA-EU-5906-01A,EU,False,206.0,-0.33202673340231026,-1.4670034033157868
repeated_stratified_group_kfold,456,2,1,TCGA-EU-5907-01A,EU,False,127.0,1.4915828449701154,0.7319907187664694
repeated_stratified_group_kfold,456,2,1,TCGA-G6-A5PC-01A,G6,True,242.0,1.6999254663355523,0.771069923667258
repeated_stratified_group_kfold,456,2,1,TCGA-G6-A8L6-01A,G6,True,313.0,1.6148784053375782,0.8837983174337805
repeated_stratified_group_kfold,456,2,1,TCGA-G6-A8L7-01A,G6,False,2133.0,0.7590269648713746,1.3435566109790245
repeated_stratified_group_kfold,456,2,1,TCGA-G6-A8L8-01A,G6,True,1091.0,0.05109636826994856,-0.8562475866288146
repeated_stratified_group_kfold,456,2,1,TCGA-GK-A6C7-01A,GK,False,61.0,0.5727294394499467,-0.008517483080250743
repeated_stratified_group_kfold,456,2,1,TCGA-MM-A563-01A,MM,False,591.0,1.7435877487092641,-0.39175472542015116
repeated_stratified_group_kfold,456,2,1,TCGA-MM-A564-01A,MM,False,607.0,0.5315443769682462,0.2505705400970238
repeated_stratified_group_kfold,456,2,1,TCGA-MM-A84U-01A,MM,False,700.0,-0.09794165206719375,0.06573814192579314
repeated_stratified_group_kfold,456,2,1,TCGA-MW-A4EC-01A,MW,False,498.0,0.42369141911280433,-0.2778808459335934
repeated_stratified_group_kfold,456,2,1,TCGA-T7-A92I-01A,T7,False,356.0,-0.5077962079943351,-0.4668178635022755
repeated_stratified_group_kfold,456,2,2,TCGA-B0-4688-01A,B0,True,101.0,1.2695428710440855,1.8237181589216969
repeated_stratified_group_kfold,456,2,2,TCGA-B0-4690-01A,B0,True,43.0,1.846141980589853,2.1773001834444408
repeated_stratified_group_kfold,456,2,2,TCGA-B0-4691-01A,B0,True,139.0,1.542668765039449,1.4552713182861639
repeated_stratified_group_kfold,456,2,2,TCGA-B0-4693-01A,B0,True,77.0,1.1158421219589247,0.601056475390677
repeated_stratified_group_kfold,456,2,2,TCGA-B0-4694-01A,B0,True,106.0,0.843399837693136,0.7353439377177556
repeated_stratified_group_kfold,456,2,2,TCGA-B0-4696-01A,B0,True,866.0,0.41853733592257053,0.6287557391486637
repeated_stratified_group_kfold,456,2,2,TCGA-B0-4697-01A,B0,True,578.0,1.5419851553098742,1.7734257074382584
repeated_stratified_group_kfold,456,2,2,TCGA-B0-4698-01A,B0,True,42.0,2.1496151961402568,2.4356810813756065
repeated_stratified_group_kfold,456,2,2,TCGA-B0-4699-01A,B0,True,110.0,2.1192678745852165,2.484182203732839
repeated_stratified_group_kfold,456,2,2,TCGA-B0-4700-01A,B0,True,1980.0,1.6944053728146509,1.535821496037614
repeated_stratified_group_kfold,456,2,2,TCGA-B0-4701-01A,B0,True,238.0,2.148931586410682,1.7837377296174022
repeated_stratified_group_kfold,456,2,2,TCGA-B0-4703-01A,B0,True,182.0,1.4212794788192875,1.812641641604311
repeated_stratified_group_kfold,456,2,2,TCGA-B0-4706-01A,B0,True,65.0,0.5095793005876917,0.42496604716739705
repeated_stratified_group_kfold,456,2,2,TCGA-B0-4707-01A,B0,True,600.0,0.5702739436977725,0.7383013110219784
repeated_stratified_group_kfold,456,2,2,TCGA-B0-4710-01A,B0,False,1755.0,1.2068840866240458,0.7175577668395136
repeated_stratified_group_kfold,456,2,2,TCGA-B0-4712-01A,B0,True,1337.0,2.179962517695297,2.2015405424129497
repeated_stratified_group_kfold,456,2,2,TCGA-B0-4713-01A,B0,True,202.0,1.2372314081790863,0.7912823288789064
repeated_stratified_group_kfold,456,2,2,TCGA-B0-4714-01A,B0,True,99.0,2.3316991254704993,1.8153489693212348
repeated_stratified_group_kfold,456,2,2,TCGA-B0-4718-01A,B0,False,1778.0,0.3881900143675301,0.08530122627246989
repeated_stratified_group_kfold,456,2,2,TCGA-B0-4810-01A,B0,True,478.0,0.08471679881712624,0.17865782044414236
repeated_stratified_group_kfold,456,2,2,TCGA-B0-4811-01A,B0,True,1417.0,0.11506412037216657,-0.20274080374308412
repeated_stratified_group_kfold,456,2,2,TCGA-B0-4813-01A,B0,True,18.0,0.7220105514729744,1.1055429607467786
repeated_stratified_group_kfold,456,2,2,TCGA-B0-4814-01A,B0,True,168.0,1.63371072970457,1.1165861864505204
repeated_stratified_group_kfold,456,2,2,TCGA-B0-4815-01A,B0,True,1588.0,0.6309685868078533,0.6595674653416399
repeated_stratified_group_kfold,456,2,2,TCGA-B0-4816-01A,B0,True,1371.0,-0.4071688599192008,-0.6200349609875646
repeated_stratified_group_kfold,456,2,2,TCGA-B0-4817-01A,B0,True,1019.0,1.1165257316884996,1.1477540461885327
repeated_stratified_group_kfold,456,2,2,TCGA-B0-4818-01A,B0,True,510.0,0.44187253389235537,-0.12568905021910004
repeated_stratified_group_kfold,456,2,2,TCGA-B0-4819-01A,B0,True,183.0,1.9668476570804396,1.9442797920981711
repeated_stratified_group_kfold,456,2,2,TCGA-B0-4821-01A,B0,True,1230.0,0.9944528357387632,1.0118673603969228
repeated_stratified_group_kfold,456,2,2,TCGA-B0-4822-01A,B0,True,1111.0,0.47290346517697074,0.3900814432339679
repeated_stratified_group_kfold,456,2,2,TCGA-B0-4823-01A,B0,True,454.0,0.5863722552000403,0.3349361954742036
repeated_stratified_group_kfold,456,2,2,TCGA-B0-4824-01A,B0,True,1657.0,-0.32473100118074627,-0.8118474187113146
repeated_stratified_group_kfold,456,2,2,TCGA-B0-4827-01A,B0,True,885.0,1.2675787297341268,1.2621388589103737
repeated_stratified_group_kfold,456,2,2,TCGA-B0-4828-01A,B0,True,307.0,2.2710044823604183,1.8619257930382667
repeated_stratified_group_kfold,456,2,2,TCGA-B0-4833-01A,B0,True,2386.0,0.6767306101355867,0.23050379624432016
repeated_stratified_group_kfold,456,2,2,TCGA-B0-4834-01A,B0,True,2090.0,-0.597173285446535,-0.41634303152551455
repeated_stratified_group_kfold,456,2,2,TCGA-B0-4836-01A,B0,True,1238.0,1.7247526943696914,1.7897726233384061
repeated_stratified_group_kfold,456,2,2,TCGA-B0-4837-01A,B0,True,1378.0,-0.17231078367596944,0.2633901720512025
repeated_stratified_group_kfold,456,2,2,TCGA-B0-4838-01A,B0,True,834.0,0.28221542992006166,-0.16826024065109293
repeated_stratified_group_kfold,456,2,2,TCGA-B0-4839-01A,B0,True,1639.0,0.616035967025506,0.42257146074107765
repeated_stratified_group_kfold,456,2,2,TCGA-B0-4841-01A,B0,True,204.0,1.7854473374797721,1.4188863300009005
repeated_stratified_group_kfold,456,2,2,TCGA-B0-4842-01A,B0,True,1724.0,1.1461894435139652,1.0220307320372997
repeated_stratified_group_kfold,456,2,2,TCGA-B0-4843-01A,B0,True,320.0,0.3881900143675301,0.190104011584318
repeated_stratified_group_kfold,456,2,2,TCGA-B0-4844-01A,B0,True,313.0,1.6944053728146509,1.420772789191937
repeated_stratified_group_kfold,456,2,2,TCGA-B0-4845-01A,B0,True,1986.0,1.997878588365055,1.465678513002627
repeated_stratified_group_kfold,456,2,2,TCGA-B0-4846-01A,B0,True,1200.0,1.4516268003743278,0.9552247673385759
repeated_stratified_group_kfold,456,2,2,TCGA-B0-4847-01A,B0,True,793.0,1.6944053728146509,1.2535682347531008
repeated_stratified_group_kfold,456,2,2,TCGA-B0-4848-01A,B0,True,883.0,0.29714804970240893,0.060279817895081245
repeated_stratified_group_kfold,456,2,2,TCGA-B0-4849-01A,B0,True,69.0,0.20610608503728778,-0.3348387274957175
repeated_stratified_group_kfold,456,2,2,TCGA-B0-4852-01A,B0,True,1121.0,0.7453457494427594,0.18883280980804384
repeated_stratified_group_kfold,456,2,2,TCGA-B0-4945-01A,B0,True,2145.0,0.46429935925030397,0.18862556073885517
repeated_stratified_group_kfold,456,2,2,TCGA-B0-5075-01A,B0,True,637.0,1.2675787297341268,0.732540358300638
repeated_stratified_group_kfold,456,2,2,TCGA-B0-5077-01A,B0,True,1317.0,0.25255171809459603,-0.1442894763134463
repeated_stratified_group_kfold,456,2,2,TCGA-B0-5080-01A,B0,True,342.0,1.7854473374797721,1.9770577350051697
repeated_stratified_group_kfold,456,2,2,TCGA-B0-5081-01A,B0,True,362.0,1.3282733728442073,1.1119754301671365
repeated_stratified_group_kfold,456,2,2,TCGA-B0-5083-01A,B0,True,1045.0,-0.17231078367596944,-0.2480393615615217
repeated_stratified_group_kfold,456,2,2,TCGA-B0-5084-01A,B0,True,222.0,0.8750276908285604,1.3816972343267888
repeated_stratified_group_kfold,456,2,2,TCGA-B0-5085-01A,B0,True,770.0,1.2372314081790863,0.5780210992924725
repeated_stratified_group_kfold,456,2,2,TCGA-B0-5088-01A,B0,True,563.0,-0.4757839992263734,-0.678048230913087
repeated_stratified_group_kfold,456,2,2,TCGA-B0-5092-01A,B0,True,459.0,1.7544164061951568,1.6509889460781202
repeated_stratified_group_kfold,456,2,2,TCGA-B0-5094-01A,B0,True,333.0,1.7551000159247316,1.8030674900146006
repeated_stratified_group_kfold,456,2,2,TCGA-B0-5095-01A,B0,True,245.0,1.1165257316884996,0.9166251689443541
repeated_stratified_group_kfold,456,2,2,TCGA-B0-5096-01A,B0,True,68.0,1.1158421219589247,1.612770394498861
repeated_stratified_group_kfold,456,2,2,TCGA-B0-5097-01A,B0,False,665.0,0.7213269417433996,0.5934532310872752
repeated_stratified_group_kfold,456,2,2,TCGA-B0-5098-01A,B0,True,1584.0,-0.20334171496058467,0.2914445854025143
repeated_stratified_group_kfold,456,2,2,TCGA-B0-5099-01A,B0,True,485.0,1.601399266839571,1.0255763543413252
repeated_stratified_group_kfold,456,2,2,TCGA-B0-5100-01A,B0,True,1913.0,0.843399837693136,1.026975295361579
repeated_stratified_group_kfold,456,2,2,TCGA-B0-5102-01A,B0,True,2764.0,0.43395203769526364,0.24115776427985608
repeated_stratified_group_kfold,456,2,2,TCGA-B0-5106-01A,B0,True,1598.0,-0.14196346212092906,-0.08757166111950054
repeated_stratified_group_kfold,456,2,2,TCGA-B0-5107-01A,B0,True,927.0,2.1185842648556417,1.9097663126234552
repeated_stratified_group_kfold,456,2,2,TCGA-B0-5108-01A,B0,False,1782.0,0.29714804970240893,0.1774189580063978
repeated_stratified_group_kfold,456,2,2,TCGA-B0-5109-01A,B0,True,587.0,0.7523578730280149,0.9240023049975885
repeated_stratified_group_kfold,456,2,2,TCGA-B0-5110-01A,B0,False,2009.0,0.3429100730301424,-0.21844167276498425
repeated_stratified_group_kfold,456,2,2,TCGA-B0-5113-01A,B0,False,1175.0,1.0248001572938037,0.6064251502507789
repeated_stratified_group_kfold,456,2,2,TCGA-B0-5115-01A,B0,False,1604.0,1.1785009063789642,0.726381671623479
repeated_stratified_group_kfold,456,2,2,TCGA-B0-5116-01A,B0,False,1274.0,0.23645340659232816,-0.2242911624227438
repeated_stratified_group_kfold,456,2,2,TCGA-B0-5117-01A,B0,False,1608.0,-0.8702991794418986,-0.7537246008996688
repeated_stratified_group_kfold,456,2,2,TCGA-B0-5119-01A,B0,False,1552.0,0.03943685747973847,-0.571293244862357
repeated_stratified_group_kfold,456,2,2,TCGA-B0-5120-01A,B0,False,1169.0,0.3732573945851828,0.25861153769032447
repeated_stratified_group_kfold,456,2,2,TCGA-B0-5121-01A,B0,False,1485.0,-0.3847420345612522,-0.8739345127205247
repeated_stratified_group_kfold,456,2,2,TCGA-B0-5399-01A,B0,False,1411.0,-0.6882152501116561,-1.0498064518395263
repeated_stratified_group_kfold,456,2,2,TCGA-B0-5400-01A,B0,False,1733.0,0.7213269417433996,0.6133404831160337
repeated_stratified_group_kfold,456,2,2,TCGA-B0-5402-01A,B0,False,1290.0,1.8157946590348124,1.0268881881222025
repeated_stratified_group_kfold,456,2,2,TCGA-B0-5690-01A,B0,False,3392.0,-0.20334171496058467,-0.6575962905944748
repeated_stratified_group_kfold,456,2,2,TCGA-B0-5691-01A,B0,False,3431.0,0.19117346525494042,-0.0717681301245319
repeated_stratified_group_kfold,456,2,2,TCGA-B0-5692-01A,B0,False,3944.0,0.9337581926286823,0.41544508368345856
repeated_stratified_group_kfold,456,2,2,TCGA-B0-5693-01A,B0,False,4074.0,-0.385425644290827,-0.7744874984731022
repeated_stratified_group_kfold,456,2,2,TCGA-B0-5694-01A,B0,True,480.0,0.8130525161380957,0.3611100946964958
repeated_stratified_group_kfold,456,2,2,TCGA-B0-5695-01A,B0,False,2150.0,0.03943685747973847,-0.17834116192853383
repeated_stratified_group_kfold,456,2,2,TCGA-B0-5696-01A,B0,False,2609.0,0.7523578730280149,0.38625648894188713
repeated_stratified_group_kfold,456,2,2,TCGA-B0-5697-01A,B0,False,2630.0,-0.5668259638914945,-0.5890130370061356
repeated_stratified_group_kfold,456,2,2,TCGA-B0-5698-01A,B0,False,3631.0,0.25255171809459603,-0.3542198544621775
repeated_stratified_group_kfold,456,2,2,TCGA-B0-5699-01A,B0,False,3841.0,-0.4757839992263734,-1.1461785395136408
repeated_stratified_group_kfold,456,2,2,TCGA-B0-5700-01A,B0,False,1790.0,0.25255171809459603,-0.2381074623844932
repeated_stratified_group_kfold,456,2,2,TCGA-B0-5701-01A,B0,False,2461.0,0.6309685868078533,0.5961423159036745
repeated_stratified_group_kfold,456,2,2,TCGA-B0-5702-01A,B0,False,2172.0,0.07046778876435372,0.05292151050375227
repeated_stratified_group_kfold,456,2,2,TCGA-B0-5703-01A,B0,False,2246.0,0.1311624318744345,-0.35182945664460896
repeated_stratified_group_kfold,456,2,2,TCGA-B0-5705-01A,B0,False,4537.0,0.16082614369990006,-0.36064622287718706
repeated_stratified_group_kfold,456,2,2,TCGA-B0-5706-01A,B0,False,3205.0,-0.5285581461393623,-0.36808199678319015
repeated_stratified_group_kfold,456,2,2,TCGA-B0-5707-01A,B0,False,3744.0,-0.6282042167311501,-0.5219868925695571
repeated_stratified_group_kfold,456,2,2,TCGA-B0-5709-01A,B0,False,3974.0,0.8123689064085208,0.49367938318179694
repeated_stratified_group_kfold,456,2,2,TCGA-B0-5710-01A,B0,False,2430.0,-0.35439471300621184,-0.6921984855432259
repeated_stratified_group_kfold,456,2,2,TCGA-B0-5711-01A,B0,False,3989.0,0.1757587634822474,-0.4391212306339964
repeated_stratified_group_kfold,456,2,2,TCGA-B0-5712-01A,B0,False,2722.0,2.209626229520763,1.6481468576167058
repeated_stratified_group_kfold,456,2,2,TCGA-B0-5713-01A,B0,False,2782.0,1.2068840866240458,0.4072173043508196
repeated_stratified_group_kfold,456,2,2,TCGA-B0-5812-01A,B0,False,3834.0,-0.4757839992263734,-0.9032450060911541
repeated_stratified_group_kfold,456,2,2,TCGA-B4-5377-01A,B4,False,365.0,2.209626229520763,1.578242566815639
repeated_stratified_group_kfold,456,2,2,TCGA-B4-5378-01A,B4,False,175.0,-0.20265810523100986,-0.3063919195686695
repeated_stratified_group_kfold,456,2,2,TCGA-B4-5832-01A,B4,False,155.0,0.6309685868078533,0.6313483737805018
repeated_stratified_group_kfold,456,2,2,TCGA-B4-5834-01A,B4,False,38.0,-0.293700069896131,-0.7687757832875919
repeated_stratified_group_kfold,456,2,2,TCGA-B4-5835-01A,B4,False,16.0,0.13047882214485965,-0.15823120648008632
repeated_stratified_group_kfold,456,2,2,TCGA-B4-5836-01A,B4,False,141.0,0.03943685747973847,-0.34321059163176076
repeated_stratified_group_kfold,456,2,2,TCGA-B4-5838-01A,B4,False,166.0,2.287177828091579,0.759604507249851
repeated_stratified_group_kfold,456,2,2,TCGA-B4-5843-01A,B4,False,11.0,-0.7185625716666966,-1.120172259294869
repeated_stratified_group_kfold,456,2,2,TCGA-B4-5844-01A,B4,False,7.0,0.22944128300707264,-0.460532516274735
repeated_stratified_group_kfold,456,2,3,TCGA-AK-3425-01A,AK,False,3343.0,0.2523195599017882,-0.19085236843117032
repeated_stratified_group_kfold,456,2,3,TCGA-AK-3426-01A,AK,True,885.0,0.1999783245427108,0.10791453356428615
repeated_stratified_group_kfold,456,2,3,TCGA-AK-3427-01A,AK,False,3583.0,0.15639869628049524,0.2738413972178645
repeated_stratified_group_kfold,456,2,3,TCGA-AK-3428-01A,AK,False,3728.0,0.9993188547201525,0.15017125226583883
repeated_stratified_group_kfold,456,2,3,TCGA-AK-3429-01A,AK,False,3328.0,-0.11481570068629414,-0.8019043964041298
repeated_stratified_group_kfold,456,2,3,TCGA-AK-3431-01A,AK,True,2241.0,0.14097326897048715,-0.4473707411938489
repeated_stratified_group_kfold,456,2,3,TCGA-AK-3433-01A,AK,False,3409.0,-0.3066574279288802,0.0039841727936645865
repeated_stratified_group_kfold,456,2,3,TCGA-AK-3434-01A,AK,False,2087.0,0.38021404473017884,-0.3858842078209398
repeated_stratified_group_kfold,456,2,3,TCGA-AK-3436-01A,AK,False,3331.0,1.2108493775914717,0.6866368124147201
repeated_stratified_group_kfold,456,2,3,TCGA-AK-3440-01A,AK,False,2865.0,-0.06741665216918842,0.1412858154814839
repeated_stratified_group_kfold,456,2,3,TCGA-AK-3443-01A,AK,False,1423.0,-0.38465582616422717,-0.36407624745896683
repeated_stratified_group_kfold,456,2,3,TCGA-AK-3444-01A,AK,False,1471.0,0.6180805490010142,-0.34255488518138655
repeated_stratified_group_kfold,456,2,3,TCGA-AK-3445-01A,AK,False,2392.0,1.223134203169836,0.8418551689384081
repeated_stratified_group_kfold,456,2,3,TCGA-AK-3447-01A,AK,False,1217.0,0.8303417797054842,0.9468980309553513
repeated_stratified_group_kfold,456,2,3,TCGA-AK-3450-01A,AK,False,1508.0,0.7779486550365025,0.04120552060723437
repeated_stratified_group_kfold,456,2,3,TCGA-AK-3451-01A,AK,False,2868.0,-0.2887349625429342,-1.0577286048865098
repeated_stratified_group_kfold,456,2,3,TCGA-AK-3453-01A,AK,False,2531.0,0.013078784142096497,-0.6505696840124475
repeated_stratified_group_kfold,456,2,3,TCGA-AK-3454-01A,AK,False,874.0,0.7638974992153509,0.7050302360351998
repeated_stratified_group_kfold,456,2,3,TCGA-AK-3455-01A,AK,True,683.0,1.2691589801980854,0.3662117306448247
repeated_stratified_group_kfold,456,2,3,TCGA-AK-3456-01A,AK,False,1143.0,-0.2887349625429342,-0.6519621568734892
repeated_stratified_group_kfold,456,2,3,TCGA-AK-3458-01A,AK,False,1168.0,-0.3871528642401651,-0.9756459422213015
repeated_stratified_group_kfold,456,2,3,TCGA-AK-3460-01A,AK,False,2508.0,-0.06741665216918842,-0.6716409305669224
repeated_stratified_group_kfold,456,2,3,TCGA-AK-3461-01A,AK,False,2217.0,0.38021404473017884,-0.21213435586326984
repeated_stratified_group_kfold,456,2,3,TCGA-AK-3465-01A,AK,False,369.0,0.3303179581371352,0.10990915037020865
repeated_stratified_group_kfold,456,2,3,TCGA-B8-4143-01A,B8,True,709.0,2.0242410635900647,2.031335776559623
repeated_stratified_group_kfold,456,2,3,TCGA-B8-4146-01B,B8,False,511.0,-0.6288906780757947,-1.439281166333727
repeated_stratified_group_kfold,456,2,3,TCGA-B8-4148-01A,B8,False,1520.0,0.07452898848035389,-0.7362669607514623
repeated_stratified_group_kfold,456,2,3,TCGA-B8-4151-01A,B8,False,1299.0,0.6296865560561322,-0.42995542247617047
repeated_stratified_group_kfold,456,2,3,TCGA-B8-4153-01B,B8,False,762.0,1.3830023092053243,0.43905571147559475
repeated_stratified_group_kfold,456,2,3,TCGA-B8-4154-01A,B8,False,1380.0,0.3942652005513305,-0.5388800643807243
repeated_stratified_group_kfold,456,2,3,TCGA-B8-4619-01A,B8,False,523.0,-0.06741665216918842,0.20356003562615654
repeated_stratified_group_kfold,456,2,3,TCGA-B8-4620-01A,B8,False,777.0,1.2371853589909878,0.895592480182129
repeated_stratified_group_kfold,456,2,3,TCGA-B8-4621-01A,B8,False,788.0,0.0924514538662999,-0.2886176281082861
repeated_stratified_group_kfold,456,2,3,TCGA-B8-4622-01A,B8,False,1525.0,1.754400938112132,0.878840862902517
repeated_stratified_group_kfold,456,2,3,TCGA-B8-5158-01A,B8,False,1218.0,0.8074771274775665,0.08909827295918071
repeated_stratified_group_kfold,456,2,3,TCGA-B8-5159-01A,B8,False,722.0,0.01058174606615856,-0.7995246402981799
repeated_stratified_group_kfold,456,2,3,TCGA-B8-5162-01A,B8,False,36.0,0.15889573435643317,-0.023276465285147485
repeated_stratified_group_kfold,456,2,3,TCGA-B8-5163-01A,B8,False,822.0,1.0133700105413042,0.6924981699561342
repeated_stratified_group_kfold,456,2,3,TCGA-B8-5164-01A,B8,False,26.0,1.0952397183414455,0.17272777738368295
repeated_stratified_group_kfold,456,2,3,TCGA-B8-5165-01A,B8,False,737.0,-0.5470209702756534,-1.3373619228306164
repeated_stratified_group_kfold,456,2,3,TCGA-B8-5545-01A,B8,False,1525.0,-0.5789945914827511,-1.1587539004013636
repeated_stratified_group_kfold,456,2,3,TCGA-B8-5546-01A,B8,False,505.0,-0.7248115416970877,-0.8771693748744445
repeated_stratified_group_kfold,456,2,3,TCGA-B8-5549-01A,B8,False,194.0,-0.22728475820467675,-0.8500628236686008
repeated_stratified_group_kfold,456,2,3,TCGA-B8-5550-01A,B8,False,1476.0,1.2870814455840314,0.9260144933074411
repeated_stratified_group_kfold,456,2,3,TCGA-B8-5551-01A,B8,False,16.0,0.13847623089454922,0.1235663551761439
repeated_stratified_group_kfold,456,2,3,TCGA-B8-5552-01B,B8,False,1046.0,-0.6288906780757947,-1.3269334117075458
repeated_stratified_group_kfold,456,2,3,TCGA-B8-5553-01A,B8,False,435.0,0.20242347330874452,-0.6040252851561532
repeated_stratified_group_kfold,456,2,3,TCGA-B8-A54D-01A,B8,False,830.0,1.223134203169836,0.5262414378760628
repeated_stratified_group_kfold,456,2,3,TCGA-B8-A54E-01A,B8,False,909.0,0.04255536727325623,-0.10547326375680777
repeated_stratified_group_kfold,456,2,3,TCGA-B8-A54F-01A,B8,False,519.0,-0.3731017084190134,-0.7112502089131959
repeated_stratified_group_kfold,456,2,3,TCGA-B8-A54G-01A,B8,False,53.0,-0.32320562182596974,-1.0145419816272154
repeated_stratified_group_kfold,456,2,3,TCGA-B8-A54H-01A,B8,False,256.0,0.36478861742017077,-0.37059139718686424
repeated_stratified_group_kfold,456,2,3,TCGA-B8-A54I-01A,B8,False,150.0,-0.3871528642401651,-0.6741565680927478
repeated_stratified_group_kfold,456,2,3,TCGA-B8-A54J-01A,B8,False,528.0,0.09494849194223783,-0.8198775948942815
repeated_stratified_group_kfold,456,2,3,TCGA-B8-A54K-01A,B8,False,469.0,0.02850421145210457,-0.14103009169005015
repeated_stratified_group_kfold,456,2,3,TCGA-B8-A7U6-01A,B8,False,495.0,-0.21323360238352507,-0.9156384475431342
repeated_stratified_group_kfold,456,2,3,TCGA-B8-A8YJ-01A,B8,False,431.0,-0.021391875140939105,-0.3016587971518617
repeated_stratified_group_kfold,456,2,3,TCGA-CZ-4853-01A,CZ,False,774.0,0.6999502568011554,-0.28040569897546164
repeated_stratified_group_kfold,456,2,3,TCGA-CZ-4854-01A,CZ,True,1404.0,0.2523195599017882,-0.04070314188993779
repeated_stratified_group_kfold,456,2,3,TCGA-CZ-4856-01A,CZ,False,18.0,0.04255536727325623,-0.7899190872148258
repeated_stratified_group_kfold,456,2,3,TCGA-CZ-4857-01A,CZ,True,1432.0,1.7224273169050344,1.235576533539375
repeated_stratified_group_kfold,456,2,3,TCGA-CZ-4858-01A,CZ,True,2105.0,-0.5764975534068131,-0.11132055896374587
repeated_stratified_group_kfold,456,2,3,TCGA-CZ-4859-01A,CZ,False,1787.0,-0.05336549634803677,-1.1052324254862675
repeated_stratified_group_kfold,456,2,3,TCGA-CZ-4860-01A,CZ,True,206.0,1.850321801733425,1.777455278678639
repeated_stratified_group_kfold,456,2,3,TCGA-CZ-4861-01A,CZ,True,446.0,0.1908693555635308,-0.3730062971361837
repeated_stratified_group_kfold,456,2,3,TCGA-CZ-4862-01A,CZ,False,3271.0,-0.4511001066543604,-0.9055603797021872
repeated_stratified_group_kfold,456,2,3,TCGA-CZ-4863-01A,CZ,False,1928.0,0.6296865560561322,-0.21984380520750058
repeated_stratified_group_kfold,456,2,3,TCGA-CZ-4864-01A,CZ,True,1315.0,0.9262626433267771,0.1303681682212775
repeated_stratified_group_kfold,456,2,3,TCGA-CZ-4865-01A,CZ,True,166.0,0.29834433693003753,-0.3452815534924937
repeated_stratified_group_kfold,456,2,3,TCGA-CZ-4866-01A,CZ,False,3267.0,0.5861069277939165,0.039943474120919364
repeated_stratified_group_kfold,456,2,3,TCGA-CZ-5451-01A,CZ,False,1929.0,0.5425791888416052,-0.43700003336263016
repeated_stratified_group_kfold,456,2,3,TCGA-CZ-5452-01A,CZ,False,1789.0,0.38271108280611676,-0.3145387385504013
repeated_stratified_group_kfold,456,2,3,TCGA-CZ-5453-01A,CZ,True,2419.0,0.31876384039192146,-0.480828610771736
repeated_stratified_group_kfold,456,2,3,TCGA-CZ-5454-01A,CZ,True,722.0,1.946242665354718,1.0506779024805137
repeated_stratified_group_kfold,456,2,3,TCGA-CZ-5455-01A,CZ,True,561.0,1.946242665354718,1.054668434856823
repeated_stratified_group_kfold,456,2,3,TCGA-CZ-5456-01A,CZ,False,2422.0,-0.0009723716790551451,-0.5264456601138175
repeated_stratified_group_kfold,456,2,3,TCGA-CZ-5457-01A,CZ,False,2754.0,0.9993188547201525,0.18656219521201578
repeated_stratified_group_kfold,456,2,3,TCGA-CZ-5458-01A,CZ,False,2789.0,0.3918200517852968,-0.5614006422748239
repeated_stratified_group_kfold,456,2,3,TCGA-CZ-5459-01A,CZ,False,1683.0,1.0312924759272502,0.38378890532608
repeated_stratified_group_kfold,456,2,3,TCGA-CZ-5460-01A,CZ,False,2873.0,1.6904536956979368,0.8823087120603069
repeated_stratified_group_kfold,456,2,3,TCGA-CZ-5461-01A,CZ,True,330.0,1.5945328320766436,0.7624447964648814
repeated_stratified_group_kfold,456,2,3,TCGA-CZ-5462-01A,CZ,True,311.0,2.5857150894966714,1.9533981649542245
repeated_stratified_group_kfold,456,2,3,TCGA-CZ-5463-01A,CZ,False,662.0,0.6065264312558004,-0.39694659457654047
repeated_stratified_group_kfold,456,2,3,TCGA-CZ-5464-01A,CZ,False,2128.0,2.138084392597304,1.4692541391177327
repeated_stratified_group_kfold,456,2,3,TCGA-CZ-5465-01A,CZ,True,2564.0,1.4290270862335737,0.49190180400560024
repeated_stratified_group_kfold,456,2,3,TCGA-CZ-5466-01A,CZ,False,685.0,1.1591869607556406,0.3169318232521091
repeated_stratified_group_kfold,456,2,3,TCGA-CZ-5467-01A,CZ,True,73.0,1.7487632983045502,1.2360808481358116
repeated_stratified_group_kfold,456,2,3,TCGA-CZ-5468-01A,CZ,True,59.0,2.617688710703769,2.517075318088328
repeated_stratified_group_kfold,456,2,3,TCGA-CZ-5469-01A,CZ,True,946.0,-0.5125503109926177,-0.6043402378525891
repeated_stratified_group_kfold,456,2,3,TCGA-CZ-5470-01A,CZ,False,386.0,0.46070948104146375,-0.4579136133735262
repeated_stratified_group_kfold,456,2,3,TCGA-CZ-5982-01A,CZ,False,2439.0,-0.05336549634803677,-0.9896728911908157
repeated_stratified_group_kfold,456,2,3,TCGA-CZ-5984-01A,CZ,False,2067.0,-0.29123200061887206,-0.833772802165595
repeated_stratified_group_kfold,456,2,3,TCGA-CZ-5985-01A,CZ,False,1997.0,0.031001249528042507,-0.6787683452584419
repeated_stratified_group_kfold,456,2,3,TCGA-CZ-5986-01A,CZ,False,373.0,0.02850421145210457,-0.7565887063815411
repeated_stratified_group_kfold,456,2,3,TCGA-CZ-5987-01A,CZ,True,445.0,1.850321801733425,1.187670581705817
repeated_stratified_group_kfold,456,2,3,TCGA-CZ-5988-01A,CZ,False,693.0,-0.7068890763111417,-1.2429913772230972
repeated_stratified_group_kfold,456,2,3,TCGA-CZ-5989-01A,CZ,False,1905.0,0.09494849194223783,-0.7842523735294695
repeated_stratified_group_kfold,456,2,3,TCGA-DV-5565-01A,DV,False,1329.0,-0.03544303096209076,-0.6120994684650742
repeated_stratified_group_kfold,456,2,3,TCGA-DV-5566-01A,DV,False,1398.0,0.20242347330874452,-0.5884055741465648
repeated_stratified_group_kfold,456,2,3,TCGA-DV-5567-01A,DV,False,2004.0,-0.6608642992828924,-1.0511974386815837
repeated_stratified_group_kfold,456,2,3,TCGA-DV-5568-01A,DV,False,370.0,-1.0905725307963137,-1.5670848619126527
repeated_stratified_group_kfold,456,2,3,TCGA-DV-5569-01A,DV,False,355.0,-1.0125741325609667,-1.619873645662416
repeated_stratified_group_kfold,456,2,3,TCGA-DV-5573-01A,DV,False,1130.0,-0.6109682126898487,-1.1859663661466717
repeated_stratified_group_kfold,456,2,3,TCGA-DV-5574-01A,DV,False,2016.0,-0.7388626975182394,-1.119877066484064
repeated_stratified_group_kfold,456,2,3,TCGA-DV-5575-01A,DV,False,1729.0,-0.2771808447977204,-1.0117388111205594
repeated_stratified_group_kfold,456,2,3,TCGA-DV-5576-01A,DV,True,727.0,-0.18125998117642741,-0.5229131443895579
repeated_stratified_group_kfold,456,2,3,TCGA-DV-A4VX-01A,DV,True,1626.0,1.8183481805263273,1.2612810798603706
repeated_stratified_group_kfold,456,2,3,TCGA-DV-A4VZ-01A,DV,False,365.0,-0.22728475820467675,-0.39559901201826475
repeated_stratified_group_kfold,456,2,3,TCGA-DV-A4W0-01A,DV,False,2470.0,-0.1633375157904814,-1.0175313782157918
repeated_stratified_group_kfold,456,2,4,TCGA-B2-3923-01A,B2,False,992.0,0.4825205966629962,0.07014313221906987
repeated_stratified_group_kfold,456,2,4,TCGA-B2-3924-01A,B2,False,1092.0,0.5158047279854959,-0.5062675456451969
repeated_stratified_group_kfold,456,2,4,TCGA-B2-4098-01A,B2,True,51.0,0.4587018069991723,0.24156477886938021
repeated_stratified_group_kfold,456,2,4,TCGA-B2-4099-01A,B2,False,972.0,0.9151409299591243,-0.23597611194019058
repeated_stratified_group_kfold,456,2,4,TCGA-B2-4101-01A,B2,False,648.0,0.2029852552814563,-0.6025930480170247
repeated_stratified_group_kfold,456,2,4,TCGA-B2-4102-01A,B2,False,952.0,0.03660128561714196,-0.7934019129763852
repeated_stratified_group_kfold,456,2,4,TCGA-B2-5633-01A,B2,False,963.0,-0.16306681536967219,-0.6350183764100873
repeated_stratified_group_kfold,456,2,4,TCGA-B2-5635-01A,B2,False,755.0,0.5557383481828588,0.1769321748027105
repeated_stratified_group_kfold,456,2,4,TCGA-B2-5636-01A,B2,False,919.0,0.7554064491696729,0.5036894102808315
repeated_stratified_group_kfold,456,2,4,TCGA-B2-5639-01A,B2,True,1003.0,1.5718033463307814,0.5439169564252547
repeated_stratified_group_kfold,456,2,4,TCGA-B2-5641-01A,B2,False,656.0,0.7554064491696729,0.2661318321347633
repeated_stratified_group_kfold,456,2,4,TCGA-B2-A4SR-01A,B2,False,507.0,0.5623878370577218,-0.46208930950519406
repeated_stratified_group_kfold,456,2,4,TCGA-CJ-4634-01A,CJ,False,3498.0,-0.02050163536918169,-0.8809763687742419
repeated_stratified_group_kfold,456,2,4,TCGA-CJ-4635-01A,CJ,False,1416.0,-0.48253577694857486,-1.023395487281258
repeated_stratified_group_kfold,456,2,4,TCGA-CJ-4636-01A,CJ,False,1924.0,0.751799976981161,0.37314573184849575
repeated_stratified_group_kfold,456,2,4,TCGA-CJ-4637-01A,CJ,True,2227.0,1.7942357667259974,1.785838193020814
repeated_stratified_group_kfold,456,2,4,TCGA-CJ-4638-01A,CJ,True,431.0,1.5546340455418206,1.0571038744177428
repeated_stratified_group_kfold,456,2,4,TCGA-CJ-4639-01A,CJ,False,3229.0,0.066015093900407,-1.014160918300383
repeated_stratified_group_kfold,456,2,4,TCGA-CJ-4640-01A,CJ,False,3480.0,0.6719327365864354,-0.2911931061410149
repeated_stratified_group_kfold,456,2,4,TCGA-CJ-4641-01A,CJ,True,1661.0,1.914036627318086,1.5250118965786994
repeated_stratified_group_kfold,456,2,4,TCGA-CJ-4642-01B,CJ,False,3205.0,0.003317154294642164,-0.46458870390280177
repeated_stratified_group_kfold,456,2,4,TCGA-CJ-4643-01A,CJ,False,1793.0,0.7848202574529379,-0.08222641293605026
repeated_stratified_group_kfold,456,2,4,TCGA-CJ-4644-01A,CJ,True,336.0,1.6345012859365462,0.7855672985024448
repeated_stratified_group_kfold,456,2,4,TCGA-CJ-4868-01A,CJ,True,646.0,1.41206886554133,1.5108218610686572
repeated_stratified_group_kfold,456,2,4,TCGA-CJ-4869-01A,CJ,False,2554.0,0.6719327365864354,-0.1817481358794607
repeated_stratified_group_kfold,456,2,4,TCGA-CJ-4870-01A,CJ,False,1498.0,1.01416601757374,-0.06487714445485737
repeated_stratified_group_kfold,456,2,4,TCGA-CJ-4871-01A,CJ,False,2423.0,2.2506748896859494,1.7033182586923457
repeated_stratified_group_kfold,456,2,4,TCGA-CJ-4872-01A,CJ,False,1435.0,-0.36273491635648636,-0.9008974912051262
repeated_stratified_group_kfold,456,2,4,TCGA-CJ-4873-01A,CJ,False,1776.0,2.092373762902536,1.9602509821869702
repeated_stratified_group_kfold,456,2,4,TCGA-CJ-4874-01A,CJ,False,2283.0,0.4986354271965351,-0.6677833958276647
repeated_stratified_group_kfold,456,2,4,TCGA-CJ-4875-01A,CJ,True,3554.0,2.4104093704754006,1.8378823627071674
repeated_stratified_group_kfold,456,2,4,TCGA-CJ-4876-01A,CJ,False,1955.0,0.4026533562682705,-0.6558864308068385
repeated_stratified_group_kfold,456,2,4,TCGA-CJ-4878-01A,CJ,False,2186.0,1.5333030801394567,0.7991911133136148
repeated_stratified_group_kfold,456,2,4,TCGA-CJ-4881-01A,CJ,False,2014.0,0.3524637750075327,0.20516220465917578
repeated_stratified_group_kfold,456,2,4,TCGA-CJ-4882-01A,CJ,False,1883.0,0.991401698165338,0.781842390108506
repeated_stratified_group_kfold,456,2,4,TCGA-CJ-4884-01A,CJ,False,1759.0,1.5732367003368197,0.4661133831884975
repeated_stratified_group_kfold,456,2,4,TCGA-CJ-4885-01A,CJ,False,3451.0,2.290608509883312,1.410919027687664
repeated_stratified_group_kfold,456,2,4,TCGA-CJ-4886-01A,CJ,False,1952.0,-0.7393067989217126,-1.7058807017685602
repeated_stratified_group_kfold,456,2,4,TCGA-CJ-4887-01A,CJ,True,932.0,1.651670586725507,0.5898710761531475
repeated_stratified_group_kfold,456,2,4,TCGA-CJ-4888-01A,CJ,True,1567.0,2.0909404088964982,1.826655818704007
repeated_stratified_group_kfold,456,2,4,TCGA-CJ-4889-01A,CJ,False,1946.0,0.09929922522290681,-0.2401115023124255
repeated_stratified_group_kfold,456,2,4,TCGA-CJ-4890-01A,CJ,False,3519.0,2.610077471462215,2.2616800849517187
repeated_stratified_group_kfold,456,2,4,TCGA-CJ-4891-01A,CJ,True,819.0,0.9742323973763771,0.993150629040766
repeated_stratified_group_kfold,456,2,4,TCGA-CJ-4892-01A,CJ,False,1521.0,0.17916646561763247,-0.6415682807124822
repeated_stratified_group_kfold,456,2,4,TCGA-CJ-4893-01A,CJ,False,750.0,0.6184362877886236,-0.3156621372450612
repeated_stratified_group_kfold,456,2,4,TCGA-CJ-4894-01A,CJ,True,841.0,1.0313353183627008,0.08990072977926533
repeated_stratified_group_kfold,456,2,4,TCGA-CJ-4895-01A,CJ,True,1200.0,2.2107412694885866,1.957209178294558
repeated_stratified_group_kfold,456,2,4,TCGA-CJ-4897-01A,CJ,False,3341.0,1.8527720417183593,0.4254115516740816
repeated_stratified_group_kfold,456,2,4,TCGA-CJ-4899-01A,CJ,False,1528.0,-0.7221374981327517,-1.2984113696722104
repeated_stratified_group_kfold,456,2,4,TCGA-CJ-4900-01A,CJ,True,1714.0,2.473107310081166,2.2856128525687702
repeated_stratified_group_kfold,456,2,4,TCGA-CJ-4901-01A,CJ,False,1450.0,0.5920654961917097,0.46274522590470746
repeated_stratified_group_kfold,456,2,4,TCGA-CJ-4902-01A,CJ,False,1520.0,1.1511361789547894,0.6022476719342454
repeated_stratified_group_kfold,456,2,4,TCGA-CJ-4903-01A,CJ,False,1560.0,-0.40266853655384915,-0.8470114115700762
repeated_stratified_group_kfold,456,2,4,TCGA-CJ-4904-01A,CJ,False,3302.0,2.1137047283049,1.1572881300873004
repeated_stratified_group_kfold,456,2,4,TCGA-CJ-4905-01A,CJ,False,1496.0,0.05936560502554398,-0.7883182820221581
repeated_stratified_group_kfold,456,2,4,TCGA-CJ-4907-01A,CJ,False,1499.0,1.0313353183627008,-0.0048962468282841565
repeated_stratified_group_kfold,456,2,4,TCGA-CJ-4908-01A,CJ,False,1531.0,-0.8818719789222031,-1.2907735786656747
repeated_stratified_group_kfold,456,2,4,TCGA-CJ-4912-01A,CJ,False,1657.0,0.5623878370577218,0.24957142831905654
repeated_stratified_group_kfold,456,2,4,TCGA-CJ-4916-01A,CJ,False,1373.0,1.4534358397447311,0.7457951933905896
repeated_stratified_group_kfold,456,2,4,TCGA-CJ-4918-01A,CJ,True,93.0,2.290608509883312,2.2237186536032056
repeated_stratified_group_kfold,456,2,4,TCGA-CJ-4920-01A,CJ,True,139.0,0.13923284542026965,0.047557212680594985
repeated_stratified_group_kfold,456,2,4,TCGA-CJ-4923-01A,CJ,True,572.0,2.2335055888969886,2.0182068740602808
repeated_stratified_group_kfold,456,2,4,TCGA-CJ-5671-01A,CJ,False,3987.0,-0.36273491635648636,-0.924252889256637
repeated_stratified_group_kfold,456,2,4,TCGA-CJ-5672-01A,CJ,True,1972.0,0.9550745501564871,0.1852302072915759
repeated_stratified_group_kfold,456,2,4,TCGA-CJ-5675-01A,CJ,False,3936.0,0.9217904188339873,-0.24724672944695697
repeated_stratified_group_kfold,456,2,4,TCGA-CJ-5676-01A,CJ,False,4067.0,0.5920654961917097,-0.34217839874336076
repeated_stratified_group_kfold,456,2,4,TCGA-CJ-5677-01A,CJ,True,782.0,1.8741030071207232,1.6668866277594248
repeated_stratified_group_kfold,456,2,4,TCGA-CJ-5678-01A,CJ,True,574.0,2.2107412694885866,1.1439380929870957
repeated_stratified_group_kfold,456,2,4,TCGA-CJ-5679-01A,CJ,True,679.0,1.6303396213231434,1.1862746945996658
repeated_stratified_group_kfold,456,2,4,TCGA-CJ-5680-01A,CJ,True,768.0,2.313372829291714,1.6428288537009887
repeated_stratified_group_kfold,456,2,4,TCGA-CJ-5681-01A,CJ,True,552.0,1.4747668051470948,1.4066385837360107
repeated_stratified_group_kfold,456,2,4,TCGA-CJ-5682-01A,CJ,False,3736.0,2.130874029093861,0.8251129606943696
repeated_stratified_group_kfold,456,2,4,TCGA-CJ-5683-01A,CJ,False,1889.0,0.71547282897231,0.17221821884596733
repeated_stratified_group_kfold,456,2,4,TCGA-CJ-5684-01A,CJ,False,2231.0,1.1511361789547894,-0.059986384838766615
repeated_stratified_group_kfold,456,2,4,TCGA-CJ-5686-01A,CJ,False,2038.0,-0.06043525556654452,-1.087458374622795
repeated_stratified_group_kfold,456,2,4,TCGA-CJ-6027-01A,CJ,True,3615.0,0.6755392087749473,0.38981513273607205
repeated_stratified_group_kfold,456,2,4,TCGA-CJ-6028-01A,CJ,True,1625.0,2.0510067886991354,1.5231869786511472
repeated_stratified_group_kfold,456,2,4,TCGA-CJ-6030-01A,CJ,True,2299.0,0.19633576640659328,-0.08831179519756338
repeated_stratified_group_kfold,456,2,4,TCGA-CJ-6031-01A,CJ,False,1906.0,-0.24293405576439783,-0.7820731969369723
repeated_stratified_group_kfold,456,2,4,TCGA-CJ-6032-01A,CJ,False,3639.0,0.6250857766634866,-0.2917353002705007
repeated_stratified_group_kfold,456,2,4,TCGA-CJ-6033-01A,CJ,True,224.0,1.8741030071207232,1.4014871758641378
repeated_stratified_group_kfold,789,3,0,TCGA-BP-4158-01A,BP,False,3377.0,0.2368073975248432,-0.4342452755509183
repeated_stratified_group_kfold,789,3,0,TCGA-BP-4159-01A,BP,True,2601.0,0.2636433832877775,-0.40050833914082495
repeated_stratified_group_kfold,789,3,0,TCGA-BP-4160-01A,BP,False,2881.0,1.1694730586816142,0.1501577483655171
repeated_stratified_group_kfold,789,3,0,TCGA-BP-4161-01A,BP,False,2746.0,0.3709873263395148,-0.40247702593281437
repeated_stratified_group_kfold,789,3,0,TCGA-BP-4162-01A,BP,False,3074.0,0.10977097018792002,-1.0354916245939771
repeated_stratified_group_kfold,789,3,0,TCGA-BP-4163-01A,BP,False,2839.0,0.9619286740558879,0.30814844891352167
repeated_stratified_group_kfold,789,3,0,TCGA-BP-4164-01A,BP,True,992.0,0.7204048021894789,-0.11993707704518647
repeated_stratified_group_kfold,789,3,0,TCGA-BP-4165-01A,BP,False,3037.0,0.08293498442498569,-0.8410444364138459
repeated_stratified_group_kfold,789,3,0,TCGA-BP-4166-01A,BP,False,13.0,1.2231450302074829,0.29219435889045864
repeated_stratified_group_kfold,789,3,0,TCGA-BP-4167-01A,BP,False,2718.0,0.9547851725781394,0.4225254356765923
repeated_stratified_group_kfold,789,3,0,TCGA-BP-4169-01A,BP,True,701.0,0.6388601000480649,0.23770419837357948
repeated_stratified_group_kfold,789,3,0,TCGA-BP-4170-01A,BP,True,2343.0,0.2976228705284603,-0.5804110011912508
repeated_stratified_group_kfold,789,3,0,TCGA-BP-4173-01A,BP,False,1893.0,-0.11969100279184477,-0.6040452417044031
repeated_stratified_group_kfold,789,3,0,TCGA-BP-4174-01A,BP,False,1879.0,-0.06601903126597611,-0.625600765318842
repeated_stratified_group_kfold,789,3,0,TCGA-BP-4176-01A,BP,False,1955.0,0.10262746871017152,-0.26682192402525784
repeated_stratified_group_kfold,789,3,0,TCGA-BP-4177-01A,BP,False,1670.0,0.12946345447310587,-0.4832998264064153
repeated_stratified_group_kfold,789,3,0,TCGA-BP-4325-01A,BP,False,2964.0,0.08293498442498569,-1.0699772037196311
repeated_stratified_group_kfold,789,3,0,TCGA-BP-4326-01A,BP,True,1625.0,-0.21226085896729194,-0.3552922953759021
repeated_stratified_group_kfold,789,3,0,TCGA-BP-4327-01A,BP,True,109.0,0.6120241142851306,0.09168128774468842
repeated_stratified_group_kfold,789,3,0,TCGA-BP-4329-01A,BP,True,845.0,1.3841609447850887,0.21493219223547722
repeated_stratified_group_kfold,789,3,0,TCGA-BP-4330-01A,BP,False,1888.0,0.9619286740558879,-0.023938277808650987
repeated_stratified_group_kfold,789,3,0,TCGA-BP-4331-01A,BP,True,2454.0,-0.21940436044504044,-0.9372361326862935
repeated_stratified_group_kfold,789,3,0,TCGA-BP-4332-01A,BP,False,1133.0,0.3375575000306499,-0.8946120368823511
repeated_stratified_group_kfold,789,3,0,TCGA-BP-4334-01A,BP,True,645.0,0.8742772152893364,0.6826221360572403
repeated_stratified_group_kfold,789,3,0,TCGA-BP-4335-01A,BP,True,475.0,2.0348275230616037,1.6474626567808959
repeated_stratified_group_kfold,789,3,0,TCGA-BP-4337-01A,BP,True,2.0,1.3913044462628372,1.0640697228688136
repeated_stratified_group_kfold,789,3,0,TCGA-BP-4338-01A,BP,False,2859.0,-0.4609282323114494,-0.7443006839415327
repeated_stratified_group_kfold,789,3,0,TCGA-BP-4340-01A,BP,True,562.0,0.24395089900259165,-1.0994061655455658
repeated_stratified_group_kfold,789,3,0,TCGA-BP-4341-01A,BP,True,1589.0,1.1694730586816142,0.5389385827531369
repeated_stratified_group_kfold,789,3,0,TCGA-BP-4342-01A,BP,True,2256.0,0.7390605416220538,0.07574027401395833
repeated_stratified_group_kfold,789,3,0,TCGA-BP-4343-01A,BP,True,1912.0,1.088965101392811,-0.023924764193361536
repeated_stratified_group_kfold,789,3,0,TCGA-BP-4344-01A,BP,False,1666.0,0.37813082781726326,-0.189872494248139
repeated_stratified_group_kfold,789,3,0,TCGA-BP-4345-01A,BP,False,1516.0,1.0352931298669426,0.3859848835310088
repeated_stratified_group_kfold,789,3,0,TCGA-BP-4346-01A,BP,True,1493.0,0.9011132010522708,0.18152923464113802
repeated_stratified_group_kfold,789,3,0,TCGA-BP-4347-01A,BP,False,1367.0,1.3573249590221543,0.6382263950343531
repeated_stratified_group_kfold,789,3,0,TCGA-BP-4349-01A,BP,False,372.0,0.19027892747672304,-0.46695843065561116
repeated_stratified_group_kfold,789,3,0,TCGA-BP-4351-01A,BP,False,970.0,0.7204048021894789,0.10463804752608719
repeated_stratified_group_kfold,789,3,0,TCGA-BP-4352-01A,BP,True,344.0,2.2763513949280125,3.2527649216178576
repeated_stratified_group_kfold,789,3,0,TCGA-BP-4353-01A,BP,True,375.0,0.022119511421368546,-0.8506661111780669
repeated_stratified_group_kfold,789,3,0,TCGA-BP-4354-01A,BP,True,1034.0,1.3836203632734314,1.7173199769873895
repeated_stratified_group_kfold,789,3,0,TCGA-BP-4355-01A,BP,True,953.0,0.9350926882929536,0.25750473940048424
repeated_stratified_group_kfold,789,3,0,TCGA-BP-4756-01A,BP,False,374.0,0.029263012899117043,-0.02769591473659183
repeated_stratified_group_kfold,789,3,0,TCGA-BP-4758-01A,BP,False,2208.0,-0.5414361896002523,-0.9804134400257644
repeated_stratified_group_kfold,789,3,0,TCGA-BP-4759-01A,BP,False,2372.0,-0.2730763319709091,-0.9928561592363856
repeated_stratified_group_kfold,789,3,0,TCGA-BP-4760-01A,BP,False,2361.0,0.2368073975248432,0.350721805166215
repeated_stratified_group_kfold,789,3,0,TCGA-BP-4761-01A,BP,False,182.0,0.9011132010522708,1.183942158619991
repeated_stratified_group_kfold,789,3,0,TCGA-BP-4762-01A,BP,True,1343.0,-0.4877642180743837,-1.370627742373236
repeated_stratified_group_kfold,789,3,0,TCGA-BP-4763-01A,BP,True,1270.0,0.4854747708690006,-0.42362064377695324
repeated_stratified_group_kfold,789,3,0,TCGA-BP-4765-01A,BP,False,2184.0,-0.4609282323114494,-1.4502943862111068
repeated_stratified_group_kfold,789,3,0,TCGA-BP-4766-01A,BP,False,1462.0,-0.48062071659663524,-1.3270354836105847
repeated_stratified_group_kfold,789,3,0,TCGA-BP-4768-01A,BP,False,400.0,0.2976228705284603,-0.20037230112256527
repeated_stratified_group_kfold,789,3,0,TCGA-BP-4769-01A,BP,False,1876.0,0.0757914829472372,-0.15726043363036146
repeated_stratified_group_kfold,789,3,0,TCGA-BP-4770-01A,BP,True,329.0,2.2495154091650784,2.668816103157998
repeated_stratified_group_kfold,789,3,0,TCGA-BP-4771-01A,BP,True,162.0,1.9740120500579865,2.0590759071766644
repeated_stratified_group_kfold,789,3,0,TCGA-BP-4774-01A,BP,False,1885.0,-0.1049169159155546,-0.7084408824296202
repeated_stratified_group_kfold,789,3,0,TCGA-BP-4775-01A,BP,False,1843.0,-0.15858888744142327,-1.1537178953879845
repeated_stratified_group_kfold,789,3,0,TCGA-BP-4776-01A,BP,False,411.0,-0.21940436044504044,-0.7470632491262518
repeated_stratified_group_kfold,789,3,0,TCGA-BP-4777-01A,BP,False,1731.0,-0.38042027502264636,-1.2990281550639033
repeated_stratified_group_kfold,789,3,0,TCGA-BP-4781-01A,BP,False,2080.0,0.47833126939125215,0.10334105078665023
repeated_stratified_group_kfold,789,3,0,TCGA-BP-4782-01A,BP,False,354.0,-0.15858888744142327,-0.864571951044771
repeated_stratified_group_kfold,789,3,0,TCGA-BP-4784-01A,BP,False,1854.0,0.1634429417137887,0.16149478666160877
repeated_stratified_group_kfold,789,3,0,TCGA-BP-4787-01A,BP,True,480.0,1.8738116084839977,1.263874566456098
repeated_stratified_group_kfold,789,3,0,TCGA-BP-4789-01A,BP,False,1489.0,-0.32674830349677775,-1.2870975680756467
repeated_stratified_group_kfold,789,3,0,TCGA-BP-4790-01A,BP,True,1111.0,0.4246592978653835,-0.0005082808875842559
repeated_stratified_group_kfold,789,3,0,TCGA-BP-4795-01A,BP,False,620.0,0.351294842054329,0.40947247924116426
repeated_stratified_group_kfold,789,3,0,TCGA-BP-4797-01A,BP,False,1107.0,0.2838855285047813,-0.6424062098882805
repeated_stratified_group_kfold,789,3,0,TCGA-BP-4798-01A,BP,True,334.0,-4.4715795941288015,0.28067809153726053
repeated_stratified_group_kfold,789,3,0,TCGA-BP-4799-01A,BP,True,1133.0,1.249981015970417,1.0726396327004015
repeated_stratified_group_kfold,789,3,0,TCGA-BP-4801-01A,BP,False,1124.0,-0.08522443163036877,-0.830386192066308
repeated_stratified_group_kfold,789,3,0,TCGA-BP-4803-01A,BP,False,204.0,1.491504887836826,0.3436436648845319
repeated_stratified_group_kfold,789,3,0,TCGA-BP-4804-01A,BP,False,1459.0,-0.03155246010450011,-0.4529177707923274
repeated_stratified_group_kfold,789,3,0,TCGA-BP-4807-01A,BP,False,211.0,-0.4877642180743837,-1.580796860395885
repeated_stratified_group_kfold,789,3,0,TCGA-BP-4959-01A,BP,False,2660.0,-0.2999123177338434,-1.1026528581430735
repeated_stratified_group_kfold,789,3,0,TCGA-BP-4960-01A,BP,False,2172.0,-0.14652698855477905,-0.8589495958700102
repeated_stratified_group_kfold,789,3,0,TCGA-BP-4961-01A,BP,False,1935.0,-0.3535842892597121,-1.666116567856014
repeated_stratified_group_kfold,789,3,0,TCGA-BP-4962-01A,BP,False,1785.0,0.17550484060043287,-0.9039655369794095
repeated_stratified_group_kfold,789,3,0,TCGA-BP-4963-01A,BP,False,1834.0,0.0757914829472372,-0.8576275999896019
repeated_stratified_group_kfold,789,3,0,TCGA-BP-4964-01A,BP,False,1862.0,-0.1854248732043576,-0.9849070922408906
repeated_stratified_group_kfold,789,3,0,TCGA-BP-4965-01A,BP,False,1871.0,-0.38042027502264636,-1.1543977247994666
repeated_stratified_group_kfold,789,3,0,TCGA-BP-4967-01A,BP,False,205.0,1.410996930548023,1.1671596111357871
repeated_stratified_group_kfold,789,3,0,TCGA-BP-4968-01A,BP,False,1746.0,-0.5414361896002523,-1.5065533729098495
repeated_stratified_group_kfold,789,3,0,TCGA-BP-4969-01A,BP,False,1794.0,0.05609899866205137,-0.8902918753006335
repeated_stratified_group_kfold,789,3,0,TCGA-BP-4970-01A,BP,False,433.0,0.5522453861341245,0.0645915870535293
repeated_stratified_group_kfold,789,3,0,TCGA-BP-4971-01A,BP,False,1487.0,0.4449014430823872,0.4300455332099732
repeated_stratified_group_kfold,789,3,0,TCGA-BP-4972-01A,BP,False,1502.0,0.5057169160860042,-0.19566472257371226
repeated_stratified_group_kfold,789,3,0,TCGA-BP-4973-01A,BP,False,1384.0,0.6327533434229275,-0.7701092758719578
repeated_stratified_group_kfold,789,3,0,TCGA-BP-4974-01A,BP,True,211.0,1.8666681070062492,1.2671765712375818
repeated_stratified_group_kfold,789,3,0,TCGA-BP-4975-01A,BP,False,1433.0,-0.5414361896002523,-1.6647399559366733
repeated_stratified_group_kfold,789,3,0,TCGA-BP-4976-01A,BP,False,1632.0,0.45149528362831776,-0.786371470157088
repeated_stratified_group_kfold,789,3,0,TCGA-BP-4977-01A,BP,False,454.0,-0.08522443163036877,-0.5124907311910657
repeated_stratified_group_kfold,789,3,0,TCGA-BP-4981-01A,BP,True,1097.0,1.3644684604999027,1.0721695292306044
repeated_stratified_group_kfold,789,3,0,TCGA-BP-4982-01A,BP,False,1014.0,-0.4877642180743837,-1.6504614715298258
repeated_stratified_group_kfold,789,3,0,TCGA-BP-4983-01A,BP,False,1413.0,1.1497805743964282,1.7791315552153613
repeated_stratified_group_kfold,789,3,0,TCGA-BP-4985-01A,BP,True,952.0,1.3036529874962857,1.6563403184736734
repeated_stratified_group_kfold,789,3,0,TCGA-BP-4986-01A,BP,False,785.0,0.3978233121024491,0.5924745643777912
repeated_stratified_group_kfold,789,3,0,TCGA-BP-4987-01A,BP,False,1124.0,-0.5342926881225039,-1.591125143757893
repeated_stratified_group_kfold,789,3,0,TCGA-BP-4988-01A,BP,True,828.0,0.31731535481364614,0.19737921503874845
repeated_stratified_group_kfold,789,3,0,TCGA-BP-4989-01A,BP,False,118.0,0.9279491868152051,0.6745908298770914
repeated_stratified_group_kfold,789,3,0,TCGA-BP-4991-01A,BP,False,1413.0,-0.16573238891917177,-0.8930741878686697
repeated_stratified_group_kfold,789,3,0,TCGA-BP-4992-01A,BP,False,501.0,0.1562994402360402,0.05373237703206335
repeated_stratified_group_kfold,789,3,0,TCGA-BP-4993-01A,BP,False,177.0,-0.058388445867434455,-1.0130875811567424
repeated_stratified_group_kfold,789,3,0,TCGA-BP-4994-01A,BP,False,1308.0,-0.16573238891917177,-1.0772111160557285
repeated_stratified_group_kfold,789,3,0,TCGA-BP-4995-01A,BP,False,1371.0,0.20997141176190887,-0.7508418719006599
repeated_stratified_group_kfold,789,3,0,TCGA-BP-4998-01A,BP,False,932.0,-0.2999123177338434,-0.9659000834744402
repeated_stratified_group_kfold,789,3,0,TCGA-BP-4999-01A,BP,False,1266.0,-0.11206041739330311,-1.0199627028162248
repeated_stratified_group_kfold,789,3,0,TCGA-BP-5000-01A,BP,False,563.0,-0.5414361896002523,-1.0684785909622896
repeated_stratified_group_kfold,789,3,0,TCGA-BP-5001-01A,BP,False,1177.0,-0.48062071659663524,-1.2477335144135209
repeated_stratified_group_kfold,789,3,0,TCGA-BP-5004-01A,BP,False,1126.0,-0.1925683746821061,-1.2314969993977123
repeated_stratified_group_kfold,789,3,0,TCGA-BP-5006-01A,BP,False,840.0,0.022119511421368546,-0.9357311498496661
repeated_stratified_group_kfold,789,3,0,TCGA-BP-5007-01A,BP,False,1140.0,-0.17336297431771344,-1.2653673752861567
repeated_stratified_group_kfold,789,3,0,TCGA-BP-5008-01A,BP,False,1071.0,-0.38042027502264636,-1.0264255817313304
repeated_stratified_group_kfold,789,3,0,TCGA-BP-5009-01A,BP,True,1092.0,-0.21940436044504044,-0.7099172322062038
repeated_stratified_group_kfold,789,3,0,TCGA-BP-5010-01A,BP,True,878.0,1.0621291156298769,0.778109239066696
repeated_stratified_group_kfold,789,3,0,TCGA-BP-5168-01A,BP,True,1463.0,0.3978233121024491,-0.47310803895061754
repeated_stratified_group_kfold,789,3,0,TCGA-BP-5169-01A,BP,False,193.0,0.2636433832877775,0.12897127713907053
repeated_stratified_group_kfold,789,3,0,TCGA-BP-5170-01A,BP,False,2412.0,-0.13889640315623744,-0.7650787597617303
repeated_stratified_group_kfold,789,3,0,TCGA-BP-5173-01A,BP,True,62.0,0.3978233121024491,-0.2630567614339058
repeated_stratified_group_kfold,789,3,0,TCGA-BP-5174-01A,BP,False,2257.0,-0.4269487450707666,-1.0943945696731476
repeated_stratified_group_kfold,789,3,0,TCGA-BP-5175-01A,BP,False,932.0,-0.004716474341565784,-0.1674808470911805
repeated_stratified_group_kfold,789,3,0,TCGA-BP-5176-01A,BP,True,1590.0,0.4586387851060663,-0.2360353404485474
repeated_stratified_group_kfold,789,3,0,TCGA-BP-5177-01A,BP,False,293.0,-0.4001127593078322,-1.3379574972682677
repeated_stratified_group_kfold,789,3,0,TCGA-BP-5178-01A,BP,True,1912.0,2.2155359219243955,1.6770154618927462
repeated_stratified_group_kfold,789,3,0,TCGA-BP-5180-01A,BP,False,2263.0,-0.1925683746821061,-1.3665524231352357
repeated_stratified_group_kfold,789,3,0,TCGA-BP-5181-01A,BP,False,1495.0,-0.07808093015262028,-1.8071745919561133
repeated_stratified_group_kfold,789,3,0,TCGA-BP-5182-01A,BP,False,1165.0,-0.11206041739330311,-0.7854217535554455
repeated_stratified_group_kfold,789,3,0,TCGA-BP-5183-01A,BP,False,1291.0,0.9011132010522708,0.11534004527176533
repeated_stratified_group_kfold,789,3,0,TCGA-BP-5184-01A,BP,False,1133.0,-0.16573238891917177,-1.8933493621901296
repeated_stratified_group_kfold,789,3,0,TCGA-BP-5185-01A,BP,False,1132.0,-0.11206041739330311,-0.6382556022073905
repeated_stratified_group_kfold,789,3,0,TCGA-BP-5186-01A,BP,False,693.0,-0.2927688162560949,-1.5224810205227635
repeated_stratified_group_kfold,789,3,0,TCGA-BP-5187-01A,BP,False,406.0,-0.16573238891917177,-0.8659734500535656
repeated_stratified_group_kfold,789,3,0,TCGA-BP-5189-01A,BP,True,822.0,-0.004716474341565784,-0.6318464633077018
repeated_stratified_group_kfold,789,3,0,TCGA-BP-5190-01A,BP,False,1011.0,0.022119511421368546,-1.0853766187261982
repeated_stratified_group_kfold,789,3,0,TCGA-BP-5191-01A,BP,False,967.0,1.491504887836826,0.8762205236026378
repeated_stratified_group_kfold,789,3,0,TCGA-BP-5192-01A,BP,False,714.0,-0.03155246010450011,-0.9731223558296437
repeated_stratified_group_kfold,789,3,0,TCGA-BP-5194-01A,BP,False,408.0,-0.5682721753631866,-2.0485526686647617
repeated_stratified_group_kfold,789,3,0,TCGA-BP-5195-01A,BP,False,749.0,0.3978233121024491,-0.15264292187231754
repeated_stratified_group_kfold,789,3,0,TCGA-BP-5196-01A,BP,False,1018.0,-0.1925683746821061,0.13453256843228278
repeated_stratified_group_kfold,789,3,0,TCGA-BP-5198-01A,BP,False,603.0,1.3036529874962857,0.5904744757178683
repeated_stratified_group_kfold,789,3,0,TCGA-BP-5199-01A,BP,False,1355.0,0.17550484060043287,-0.20686789149886953
repeated_stratified_group_kfold,789,3,0,TCGA-BP-5200-01A,BP,False,1063.0,-0.20019896008064772,-1.2775607421937645
repeated_stratified_group_kfold,789,3,0,TCGA-BP-5201-01A,BP,False,951.0,2.000848035820921,0.9888061498778628
repeated_stratified_group_kfold,789,3,0,TCGA-BP-5202-01A,BP,False,29.0,1.3841609447850887,0.054303126727290874
repeated_stratified_group_kfold,789,3,1,TCGA-3Z-A93Z-01A,3Z,False,385.0,0.18960633777768787,-0.25444255422139006
repeated_stratified_group_kfold,789,3,1,TCGA-6D-AA2E-01A,6D,False,362.0,0.2746533987756621,0.546997575744063
repeated_stratified_group_kfold,789,3,1,TCGA-A3-3306-01A,A3,False,1120.0,0.11508732760911668,-0.8983671825594546
repeated_stratified_group_kfold,789,3,1,TCGA-A3-3307-01A,A3,False,1436.0,0.9326902687058317,-0.1399092190330748
repeated_stratified_group_kfold,789,3,1,TCGA-A3-3308-01A,A3,False,16.0,1.464851390715233,1.531958339935834
repeated_stratified_group_kfold,789,3,1,TCGA-A3-3311-01A,A3,True,1191.0,-0.2575077232337391,-0.832706096465321
repeated_stratified_group_kfold,789,3,1,TCGA-A3-3313-01A,A3,True,735.0,-0.18298871306516795,-0.06833802955938101
repeated_stratified_group_kfold,789,3,1,TCGA-A3-3316-01A,A3,False,1493.0,0.12168982104110475,-0.4262863804292581
repeated_stratified_group_kfold,789,3,1,TCGA-A3-3317-01A,A3,False,1491.0,0.49428487188396053,0.09644387750536748
repeated_stratified_group_kfold,789,3,1,TCGA-A3-3319-01A,A3,False,1130.0,0.22686584286197342,0.5215930040106713
repeated_stratified_group_kfold,789,3,1,TCGA-A3-3320-01A,A3,False,1508.0,-0.32149868257290726,-1.1953566302829475
repeated_stratified_group_kfold,789,3,1,TCGA-A3-3322-01A,A3,False,1478.0,-0.48106475373945257,-1.045556301192189
repeated_stratified_group_kfold,789,3,1,TCGA-A3-3323-01A,A3,False,1106.0,-0.4065457435708814,-0.2972059714932225
repeated_stratified_group_kfold,789,3,1,TCGA-A3-3324-01A,A3,False,1186.0,-0.48106475373945257,-1.2213578579477953
repeated_stratified_group_kfold,789,3,1,TCGA-A3-3325-01A,A3,True,1170.0,-0.443805248655167,-1.4437046233446413
repeated_stratified_group_kfold,789,3,1,TCGA-A3-3326-01A,A3,False,1137.0,-0.6301027740765949,-1.5170416415175894
repeated_stratified_group_kfold,789,3,1,TCGA-A3-3328-01A,A3,False,1385.0,0.5622013886205436,0.6798095028293691
repeated_stratified_group_kfold,789,3,1,TCGA-A3-3329-01A,A3,False,1624.0,0.4131633682834014,-0.4672638536675692
repeated_stratified_group_kfold,789,3,1,TCGA-A3-3331-01A,A3,False,1257.0,0.9453244902928025,0.3308261728664115
repeated_stratified_group_kfold,789,3,1,TCGA-A3-3335-01A,A3,False,1886.0,-0.4744622603074645,-0.9761695663512269
repeated_stratified_group_kfold,789,3,1,TCGA-A3-3343-01A,A3,False,945.0,0.9413989328953876,-0.047531074662733486
repeated_stratified_group_kfold,789,3,1,TCGA-A3-3346-01A,A3,True,137.0,0.15234683269340232,0.7373359607171024
repeated_stratified_group_kfold,789,3,1,TCGA-A3-3347-01A,A3,True,1610.0,1.4275918856309473,1.4458059238524947
repeated_stratified_group_kfold,789,3,1,TCGA-A3-3349-01A,A3,False,1385.0,-0.9921697740900477,-1.5588841347537827
repeated_stratified_group_kfold,789,3,1,TCGA-A3-3351-01A,A3,False,910.0,-0.437202755223179,-1.170869844360824
repeated_stratified_group_kfold,789,3,1,TCGA-A3-3352-01A,A3,True,561.0,1.2307663093801162,0.5094730721733818
repeated_stratified_group_kfold,789,3,1,TCGA-A3-3357-01A,A3,False,2688.0,0.3079873464625327,-0.08911847996480321
repeated_stratified_group_kfold,789,3,1,TCGA-A3-3358-01A,A3,False,1307.0,-0.13520115715147935,-0.5935411548972388
repeated_stratified_group_kfold,789,3,1,TCGA-A3-3359-01A,A3,False,2504.0,0.7962864699556602,-0.09102000098343893
repeated_stratified_group_kfold,789,3,1,TCGA-A3-3362-01A,A3,False,1559.0,-0.0234226418986226,-0.5574596844775874
repeated_stratified_group_kfold,789,3,1,TCGA-A3-3363-01A,A3,False,319.0,-0.1391267145488943,-0.4471561772766904
repeated_stratified_group_kfold,789,3,1,TCGA-A3-3365-01A,A3,False,873.0,-0.6673622791608805,-1.1662587099512993
repeated_stratified_group_kfold,789,3,1,TCGA-A3-3367-01A,A3,False,2270.0,0.3013848530305446,-0.5233797917557735
repeated_stratified_group_kfold,789,3,1,TCGA-A3-3370-01A,A3,False,2274.0,-0.47053670291004956,-1.0378882339474118
repeated_stratified_group_kfold,789,3,1,TCGA-A3-3372-01A,A3,False,735.0,0.8581712585372605,0.07774199987827374
repeated_stratified_group_kfold,789,3,1,TCGA-A3-3373-01A,A3,False,1621.0,-0.24697967240433608,-1.070461424415594
repeated_stratified_group_kfold,789,3,1,TCGA-A3-3374-01A,A3,False,1314.0,-0.3587581876571928,0.026478377130947472
repeated_stratified_group_kfold,789,3,1,TCGA-A3-3376-01A,A3,True,1696.0,-0.48106475373945257,-1.2398111313374365
repeated_stratified_group_kfold,789,3,1,TCGA-A3-3378-01A,A3,False,630.0,-0.14572920798088237,-0.25107362469501093
repeated_stratified_group_kfold,789,3,1,TCGA-A3-3380-01A,A3,False,567.0,-0.36928623848659586,-0.8104604900950843
repeated_stratified_group_kfold,789,3,1,TCGA-A3-3382-01A,A3,False,574.0,0.18960633777768787,0.07801395642065395
repeated_stratified_group_kfold,789,3,1,TCGA-A3-3383-01A,A3,False,861.0,-0.443805248655167,-1.2408487672909008
repeated_stratified_group_kfold,789,3,1,TCGA-A3-3385-01A,A3,False,1993.0,-0.5450557130786208,-1.3240047179645722
repeated_stratified_group_kfold,789,3,1,TCGA-A3-3387-01A,A3,False,617.0,-0.5555837639080238,-1.1328416855158356
repeated_stratified_group_kfold,789,3,1,TCGA-A3-A6NI-01A,A3,False,1018.0,-0.6301027740765949,-1.224777581057459
repeated_stratified_group_kfold,789,3,1,TCGA-A3-A6NJ-01A,A3,False,468.0,-0.13520115715147935,-0.982884312335679
repeated_stratified_group_kfold,789,3,1,TCGA-A3-A6NL-01A,A3,False,689.0,-0.433277197825764,-1.1572463070243826
repeated_stratified_group_kfold,789,3,1,TCGA-A3-A6NN-01A,A3,False,3.0,0.5249418835362581,-0.1627633966722964
repeated_stratified_group_kfold,789,3,1,TCGA-A3-A8CQ-01A,A3,False,3.0,-0.06068214698290818,-0.9225481174894146
repeated_stratified_group_kfold,789,3,1,TCGA-A3-A8OV-01A,A3,False,340.0,0.4131633682834014,-0.2436179613100061
repeated_stratified_group_kfold,789,3,1,TCGA-A3-A8OW-01A,A3,False,323.0,-0.1478353787384501,-1.4202938048938687
repeated_stratified_group_kfold,789,3,1,TCGA-AS-3777-01A,AS,False,1238.0,-0.03395069272802563,0.21772704680298355
repeated_stratified_group_kfold,789,3,1,TCGA-AS-3778-01A,AS,False,43.0,-1.077216835088022,-1.613689024886469
repeated_stratified_group_kfold,789,3,1,TCGA-CW-5580-01A,CW,True,1964.0,2.407856062936978,1.6851032407080309
repeated_stratified_group_kfold,789,3,1,TCGA-CW-5581-01A,CW,False,2799.0,-0.7418812893294516,-1.6192866829910164
repeated_stratified_group_kfold,789,3,1,TCGA-CW-5583-01A,CW,False,2489.0,-0.3587581876571928,-1.1688131525856285
repeated_stratified_group_kfold,789,3,1,TCGA-CW-5584-01A,CW,True,164.0,1.2307663093801162,0.054986911458063614
repeated_stratified_group_kfold,789,3,1,TCGA-CW-5585-01A,CW,False,2609.0,1.4658403850004358,0.07872478307130054
repeated_stratified_group_kfold,789,3,1,TCGA-CW-5587-01A,CW,False,2226.0,0.9059588144509492,-0.13606267409570483
repeated_stratified_group_kfold,789,3,1,TCGA-CW-5588-01A,CW,False,2017.0,0.6472484496185179,0.4673005299372763
repeated_stratified_group_kfold,789,3,1,TCGA-CW-5589-01A,CW,False,2378.0,-0.443805248655167,-1.308105717590976
repeated_stratified_group_kfold,789,3,1,TCGA-CW-5590-01A,CW,True,1075.0,1.4658403850004358,0.5120915354486897
repeated_stratified_group_kfold,789,3,1,TCGA-CW-5591-01A,CW,False,2271.0,1.6521379104218636,1.0632614342873496
repeated_stratified_group_kfold,789,3,1,TCGA-CW-6087-01A,CW,True,41.0,1.8384354358432915,2.4455562802955106
repeated_stratified_group_kfold,789,3,1,TCGA-CW-6088-01A,CW,False,3222.0,-0.14572920798088237,-1.1828379415178523
repeated_stratified_group_kfold,789,3,1,TCGA-CW-6090-01A,CW,False,2552.0,0.15234683269340232,0.04891027295872946
repeated_stratified_group_kfold,789,3,1,TCGA-CW-6093-01A,CW,False,3146.0,0.3386443581148301,-0.5192045335917874
repeated_stratified_group_kfold,789,3,1,TCGA-CW-6097-01A,CW,True,571.0,-0.3341329041598782,-0.6392591917795156
repeated_stratified_group_kfold,789,3,1,TCGA-EU-5904-01A,EU,False,551.0,-0.5077962079943351,-1.5096554086021488
repeated_stratified_group_kfold,789,3,1,TCGA-EU-5905-01A,EU,False,119.0,0.23739389369137645,0.18026260651760223
repeated_stratified_group_kfold,789,3,1,TCGA-EU-5906-01A,EU,False,206.0,-0.33202673340231026,-1.4670034033157868
repeated_stratified_group_kfold,789,3,1,TCGA-EU-5907-01A,EU,False,127.0,1.4915828449701154,0.7319907187664694
repeated_stratified_group_kfold,789,3,1,TCGA-G6-A5PC-01A,G6,True,242.0,1.6999254663355523,0.771069923667258
repeated_stratified_group_kfold,789,3,1,TCGA-G6-A8L6-01A,G6,True,313.0,1.6148784053375782,0.8837983174337805
repeated_stratified_group_kfold,789,3,1,TCGA-G6-A8L7-01A,G6,False,2133.0,0.7590269648713746,1.3435566109790245
repeated_stratified_group_kfold,789,3,1,TCGA-G6-A8L8-01A,G6,True,1091.0,0.05109636826994856,-0.8562475866288146
repeated_stratified_group_kfold,789,3,1,TCGA-GK-A6C7-01A,GK,False,61.0,0.5727294394499467,-0.008517483080250743
repeated_stratified_group_kfold,789,3,1,TCGA-MM-A563-01A,MM,False,591.0,1.7435877487092641,-0.39175472542015116
repeated_stratified_group_kfold,789,3,1,TCGA-MM-A564-01A,MM,False,607.0,0.5315443769682462,0.2505705400970238
repeated_stratified_group_kfold,789,3,1,TCGA-MM-A84U-01A,MM,False,700.0,-0.09794165206719375,0.06573814192579314
repeated_stratified_group_kfold,789,3,1,TCGA-MW-A4EC-01A,MW,False,498.0,0.42369141911280433,-0.2778808459335934
repeated_stratified_group_kfold,789,3,1,TCGA-T7-A92I-01A,T7,False,356.0,-0.5077962079943351,-0.4668178635022755
repeated_stratified_group_kfold,789,3,2,TCGA-B0-4688-01A,B0,True,101.0,1.2695428710440855,1.8237181589216969
repeated_stratified_group_kfold,789,3,2,TCGA-B0-4690-01A,B0,True,43.0,1.846141980589853,2.1773001834444408
repeated_stratified_group_kfold,789,3,2,TCGA-B0-4691-01A,B0,True,139.0,1.542668765039449,1.4552713182861639
repeated_stratified_group_kfold,789,3,2,TCGA-B0-4693-01A,B0,True,77.0,1.1158421219589247,0.601056475390677
repeated_stratified_group_kfold,789,3,2,TCGA-B0-4694-01A,B0,True,106.0,0.843399837693136,0.7353439377177556
repeated_stratified_group_kfold,789,3,2,TCGA-B0-4696-01A,B0,True,866.0,0.41853733592257053,0.6287557391486637
repeated_stratified_group_kfold,789,3,2,TCGA-B0-4697-01A,B0,True,578.0,1.5419851553098742,1.7734257074382584
repeated_stratified_group_kfold,789,3,2,TCGA-B0-4698-01A,B0,True,42.0,2.1496151961402568,2.4356810813756065
repeated_stratified_group_kfold,789,3,2,TCGA-B0-4699-01A,B0,True,110.0,2.1192678745852165,2.484182203732839
repeated_stratified_group_kfold,789,3,2,TCGA-B0-4700-01A,B0,True,1980.0,1.6944053728146509,1.535821496037614
repeated_stratified_group_kfold,789,3,2,TCGA-B0-4701-01A,B0,True,238.0,2.148931586410682,1.7837377296174022
repeated_stratified_group_kfold,789,3,2,TCGA-B0-4703-01A,B0,True,182.0,1.4212794788192875,1.812641641604311
repeated_stratified_group_kfold,789,3,2,TCGA-B0-4706-01A,B0,True,65.0,0.5095793005876917,0.42496604716739705
repeated_stratified_group_kfold,789,3,2,TCGA-B0-4707-01A,B0,True,600.0,0.5702739436977725,0.7383013110219784
repeated_stratified_group_kfold,789,3,2,TCGA-B0-4710-01A,B0,False,1755.0,1.2068840866240458,0.7175577668395136
repeated_stratified_group_kfold,789,3,2,TCGA-B0-4712-01A,B0,True,1337.0,2.179962517695297,2.2015405424129497
repeated_stratified_group_kfold,789,3,2,TCGA-B0-4713-01A,B0,True,202.0,1.2372314081790863,0.7912823288789064
repeated_stratified_group_kfold,789,3,2,TCGA-B0-4714-01A,B0,True,99.0,2.3316991254704993,1.8153489693212348
repeated_stratified_group_kfold,789,3,2,TCGA-B0-4718-01A,B0,False,1778.0,0.3881900143675301,0.08530122627246989
repeated_stratified_group_kfold,789,3,2,TCGA-B0-4810-01A,B0,True,478.0,0.08471679881712624,0.17865782044414236
repeated_stratified_group_kfold,789,3,2,TCGA-B0-4811-01A,B0,True,1417.0,0.11506412037216657,-0.20274080374308412
repeated_stratified_group_kfold,789,3,2,TCGA-B0-4813-01A,B0,True,18.0,0.7220105514729744,1.1055429607467786
repeated_stratified_group_kfold,789,3,2,TCGA-B0-4814-01A,B0,True,168.0,1.63371072970457,1.1165861864505204
repeated_stratified_group_kfold,789,3,2,TCGA-B0-4815-01A,B0,True,1588.0,0.6309685868078533,0.6595674653416399
repeated_stratified_group_kfold,789,3,2,TCGA-B0-4816-01A,B0,True,1371.0,-0.4071688599192008,-0.6200349609875646
repeated_stratified_group_kfold,789,3,2,TCGA-B0-4817-01A,B0,True,1019.0,1.1165257316884996,1.1477540461885327
repeated_stratified_group_kfold,789,3,2,TCGA-B0-4818-01A,B0,True,510.0,0.44187253389235537,-0.12568905021910004
repeated_stratified_group_kfold,789,3,2,TCGA-B0-4819-01A,B0,True,183.0,1.9668476570804396,1.9442797920981711
repeated_stratified_group_kfold,789,3,2,TCGA-B0-4821-01A,B0,True,1230.0,0.9944528357387632,1.0118673603969228
repeated_stratified_group_kfold,789,3,2,TCGA-B0-4822-01A,B0,True,1111.0,0.47290346517697074,0.3900814432339679
repeated_stratified_group_kfold,789,3,2,TCGA-B0-4823-01A,B0,True,454.0,0.5863722552000403,0.3349361954742036
repeated_stratified_group_kfold,789,3,2,TCGA-B0-4824-01A,B0,True,1657.0,-0.32473100118074627,-0.8118474187113146
repeated_stratified_group_kfold,789,3,2,TCGA-B0-4827-01A,B0,True,885.0,1.2675787297341268,1.2621388589103737
repeated_stratified_group_kfold,789,3,2,TCGA-B0-4828-01A,B0,True,307.0,2.2710044823604183,1.8619257930382667
repeated_stratified_group_kfold,789,3,2,TCGA-B0-4833-01A,B0,True,2386.0,0.6767306101355867,0.23050379624432016
repeated_stratified_group_kfold,789,3,2,TCGA-B0-4834-01A,B0,True,2090.0,-0.597173285446535,-0.41634303152551455
repeated_stratified_group_kfold,789,3,2,TCGA-B0-4836-01A,B0,True,1238.0,1.7247526943696914,1.7897726233384061
repeated_stratified_group_kfold,789,3,2,TCGA-B0-4837-01A,B0,True,1378.0,-0.17231078367596944,0.2633901720512025
repeated_stratified_group_kfold,789,3,2,TCGA-B0-4838-01A,B0,True,834.0,0.28221542992006166,-0.16826024065109293
repeated_stratified_group_kfold,789,3,2,TCGA-B0-4839-01A,B0,True,1639.0,0.616035967025506,0.42257146074107765
repeated_stratified_group_kfold,789,3,2,TCGA-B0-4841-01A,B0,True,204.0,1.7854473374797721,1.4188863300009005
repeated_stratified_group_kfold,789,3,2,TCGA-B0-4842-01A,B0,True,1724.0,1.1461894435139652,1.0220307320372997
repeated_stratified_group_kfold,789,3,2,TCGA-B0-4843-01A,B0,True,320.0,0.3881900143675301,0.190104011584318
repeated_stratified_group_kfold,789,3,2,TCGA-B0-4844-01A,B0,True,313.0,1.6944053728146509,1.420772789191937
repeated_stratified_group_kfold,789,3,2,TCGA-B0-4845-01A,B0,True,1986.0,1.997878588365055,1.465678513002627
repeated_stratified_group_kfold,789,3,2,TCGA-B0-4846-01A,B0,True,1200.0,1.4516268003743278,0.9552247673385759
repeated_stratified_group_kfold,789,3,2,TCGA-B0-4847-01A,B0,True,793.0,1.6944053728146509,1.2535682347531008
repeated_stratified_group_kfold,789,3,2,TCGA-B0-4848-01A,B0,True,883.0,0.29714804970240893,0.060279817895081245
repeated_stratified_group_kfold,789,3,2,TCGA-B0-4849-01A,B0,True,69.0,0.20610608503728778,-0.3348387274957175
repeated_stratified_group_kfold,789,3,2,TCGA-B0-4852-01A,B0,True,1121.0,0.7453457494427594,0.18883280980804384
repeated_stratified_group_kfold,789,3,2,TCGA-B0-4945-01A,B0,True,2145.0,0.46429935925030397,0.18862556073885517
repeated_stratified_group_kfold,789,3,2,TCGA-B0-5075-01A,B0,True,637.0,1.2675787297341268,0.732540358300638
repeated_stratified_group_kfold,789,3,2,TCGA-B0-5077-01A,B0,True,1317.0,0.25255171809459603,-0.1442894763134463
repeated_stratified_group_kfold,789,3,2,TCGA-B0-5080-01A,B0,True,342.0,1.7854473374797721,1.9770577350051697
repeated_stratified_group_kfold,789,3,2,TCGA-B0-5081-01A,B0,True,362.0,1.3282733728442073,1.1119754301671365
repeated_stratified_group_kfold,789,3,2,TCGA-B0-5083-01A,B0,True,1045.0,-0.17231078367596944,-0.2480393615615217
repeated_stratified_group_kfold,789,3,2,TCGA-B0-5084-01A,B0,True,222.0,0.8750276908285604,1.3816972343267888
repeated_stratified_group_kfold,789,3,2,TCGA-B0-5085-01A,B0,True,770.0,1.2372314081790863,0.5780210992924725
repeated_stratified_group_kfold,789,3,2,TCGA-B0-5088-01A,B0,True,563.0,-0.4757839992263734,-0.678048230913087
repeated_stratified_group_kfold,789,3,2,TCGA-B0-5092-01A,B0,True,459.0,1.7544164061951568,1.6509889460781202
repeated_stratified_group_kfold,789,3,2,TCGA-B0-5094-01A,B0,True,333.0,1.7551000159247316,1.8030674900146006
repeated_stratified_group_kfold,789,3,2,TCGA-B0-5095-01A,B0,True,245.0,1.1165257316884996,0.9166251689443541
repeated_stratified_group_kfold,789,3,2,TCGA-B0-5096-01A,B0,True,68.0,1.1158421219589247,1.612770394498861
repeated_stratified_group_kfold,789,3,2,TCGA-B0-5097-01A,B0,False,665.0,0.7213269417433996,0.5934532310872752
repeated_stratified_group_kfold,789,3,2,TCGA-B0-5098-01A,B0,True,1584.0,-0.20334171496058467,0.2914445854025143
repeated_stratified_group_kfold,789,3,2,TCGA-B0-5099-01A,B0,True,485.0,1.601399266839571,1.0255763543413252
repeated_stratified_group_kfold,789,3,2,TCGA-B0-5100-01A,B0,True,1913.0,0.843399837693136,1.026975295361579
repeated_stratified_group_kfold,789,3,2,TCGA-B0-5102-01A,B0,True,2764.0,0.43395203769526364,0.24115776427985608
repeated_stratified_group_kfold,789,3,2,TCGA-B0-5106-01A,B0,True,1598.0,-0.14196346212092906,-0.08757166111950054
repeated_stratified_group_kfold,789,3,2,TCGA-B0-5107-01A,B0,True,927.0,2.1185842648556417,1.9097663126234552
repeated_stratified_group_kfold,789,3,2,TCGA-B0-5108-01A,B0,False,1782.0,0.29714804970240893,0.1774189580063978
repeated_stratified_group_kfold,789,3,2,TCGA-B0-5109-01A,B0,True,587.0,0.7523578730280149,0.9240023049975885
repeated_stratified_group_kfold,789,3,2,TCGA-B0-5110-01A,B0,False,2009.0,0.3429100730301424,-0.21844167276498425
repeated_stratified_group_kfold,789,3,2,TCGA-B0-5113-01A,B0,False,1175.0,1.0248001572938037,0.6064251502507789
repeated_stratified_group_kfold,789,3,2,TCGA-B0-5115-01A,B0,False,1604.0,1.1785009063789642,0.726381671623479
repeated_stratified_group_kfold,789,3,2,TCGA-B0-5116-01A,B0,False,1274.0,0.23645340659232816,-0.2242911624227438
repeated_stratified_group_kfold,789,3,2,TCGA-B0-5117-01A,B0,False,1608.0,-0.8702991794418986,-0.7537246008996688
repeated_stratified_group_kfold,789,3,2,TCGA-B0-5119-01A,B0,False,1552.0,0.03943685747973847,-0.571293244862357
repeated_stratified_group_kfold,789,3,2,TCGA-B0-5120-01A,B0,False,1169.0,0.3732573945851828,0.25861153769032447
repeated_stratified_group_kfold,789,3,2,TCGA-B0-5121-01A,B0,False,1485.0,-0.3847420345612522,-0.8739345127205247
repeated_stratified_group_kfold,789,3,2,TCGA-B0-5399-01A,B0,False,1411.0,-0.6882152501116561,-1.0498064518395263
repeated_stratified_group_kfold,789,3,2,TCGA-B0-5400-01A,B0,False,1733.0,0.7213269417433996,0.6133404831160337
repeated_stratified_group_kfold,789,3,2,TCGA-B0-5402-01A,B0,False,1290.0,1.8157946590348124,1.0268881881222025
repeated_stratified_group_kfold,789,3,2,TCGA-B0-5690-01A,B0,False,3392.0,-0.20334171496058467,-0.6575962905944748
repeated_stratified_group_kfold,789,3,2,TCGA-B0-5691-01A,B0,False,3431.0,0.19117346525494042,-0.0717681301245319
repeated_stratified_group_kfold,789,3,2,TCGA-B0-5692-01A,B0,False,3944.0,0.9337581926286823,0.41544508368345856
repeated_stratified_group_kfold,789,3,2,TCGA-B0-5693-01A,B0,False,4074.0,-0.385425644290827,-0.7744874984731022
repeated_stratified_group_kfold,789,3,2,TCGA-B0-5694-01A,B0,True,480.0,0.8130525161380957,0.3611100946964958
repeated_stratified_group_kfold,789,3,2,TCGA-B0-5695-01A,B0,False,2150.0,0.03943685747973847,-0.17834116192853383
repeated_stratified_group_kfold,789,3,2,TCGA-B0-5696-01A,B0,False,2609.0,0.7523578730280149,0.38625648894188713
repeated_stratified_group_kfold,789,3,2,TCGA-B0-5697-01A,B0,False,2630.0,-0.5668259638914945,-0.5890130370061356
repeated_stratified_group_kfold,789,3,2,TCGA-B0-5698-01A,B0,False,3631.0,0.25255171809459603,-0.3542198544621775
repeated_stratified_group_kfold,789,3,2,TCGA-B0-5699-01A,B0,False,3841.0,-0.4757839992263734,-1.1461785395136408
repeated_stratified_group_kfold,789,3,2,TCGA-B0-5700-01A,B0,False,1790.0,0.25255171809459603,-0.2381074623844932
repeated_stratified_group_kfold,789,3,2,TCGA-B0-5701-01A,B0,False,2461.0,0.6309685868078533,0.5961423159036745
repeated_stratified_group_kfold,789,3,2,TCGA-B0-5702-01A,B0,False,2172.0,0.07046778876435372,0.05292151050375227
repeated_stratified_group_kfold,789,3,2,TCGA-B0-5703-01A,B0,False,2246.0,0.1311624318744345,-0.35182945664460896
repeated_stratified_group_kfold,789,3,2,TCGA-B0-5705-01A,B0,False,4537.0,0.16082614369990006,-0.36064622287718706
repeated_stratified_group_kfold,789,3,2,TCGA-B0-5706-01A,B0,False,3205.0,-0.5285581461393623,-0.36808199678319015
repeated_stratified_group_kfold,789,3,2,TCGA-B0-5707-01A,B0,False,3744.0,-0.6282042167311501,-0.5219868925695571
repeated_stratified_group_kfold,789,3,2,TCGA-B0-5709-01A,B0,False,3974.0,0.8123689064085208,0.49367938318179694
repeated_stratified_group_kfold,789,3,2,TCGA-B0-5710-01A,B0,False,2430.0,-0.35439471300621184,-0.6921984855432259
repeated_stratified_group_kfold,789,3,2,TCGA-B0-5711-01A,B0,False,3989.0,0.1757587634822474,-0.4391212306339964
repeated_stratified_group_kfold,789,3,2,TCGA-B0-5712-01A,B0,False,2722.0,2.209626229520763,1.6481468576167058
repeated_stratified_group_kfold,789,3,2,TCGA-B0-5713-01A,B0,False,2782.0,1.2068840866240458,0.4072173043508196
repeated_stratified_group_kfold,789,3,2,TCGA-B0-5812-01A,B0,False,3834.0,-0.4757839992263734,-0.9032450060911541
repeated_stratified_group_kfold,789,3,2,TCGA-B4-5377-01A,B4,False,365.0,2.209626229520763,1.578242566815639
repeated_stratified_group_kfold,789,3,2,TCGA-B4-5378-01A,B4,False,175.0,-0.20265810523100986,-0.3063919195686695
repeated_stratified_group_kfold,789,3,2,TCGA-B4-5832-01A,B4,False,155.0,0.6309685868078533,0.6313483737805018
repeated_stratified_group_kfold,789,3,2,TCGA-B4-5834-01A,B4,False,38.0,-0.293700069896131,-0.7687757832875919
repeated_stratified_group_kfold,789,3,2,TCGA-B4-5835-01A,B4,False,16.0,0.13047882214485965,-0.15823120648008632
repeated_stratified_group_kfold,789,3,2,TCGA-B4-5836-01A,B4,False,141.0,0.03943685747973847,-0.34321059163176076
repeated_stratified_group_kfold,789,3,2,TCGA-B4-5838-01A,B4,False,166.0,2.287177828091579,0.759604507249851
repeated_stratified_group_kfold,789,3,2,TCGA-B4-5843-01A,B4,False,11.0,-0.7185625716666966,-1.120172259294869
repeated_stratified_group_kfold,789,3,2,TCGA-B4-5844-01A,B4,False,7.0,0.22944128300707264,-0.460532516274735
repeated_stratified_group_kfold,789,3,3,TCGA-AK-3425-01A,AK,False,3343.0,0.29704136427384786,-0.12964645949095527
repeated_stratified_group_kfold,789,3,3,TCGA-AK-3426-01A,AK,True,885.0,0.20559016836501698,0.19691570772047273
repeated_stratified_group_kfold,789,3,3,TCGA-AK-3427-01A,AK,False,3583.0,0.1971512018129699,0.41126920359690855
repeated_stratified_group_kfold,789,3,3,TCGA-AK-3428-01A,AK,False,3728.0,1.0380081888723331,0.016386665945252954
repeated_stratified_group_kfold,789,3,3,TCGA-AK-3429-01A,AK,False,3328.0,-0.06526176778943774,-0.8037989988354579
repeated_stratified_group_kfold,789,3,3,TCGA-AK-3431-01A,AK,True,2241.0,0.20111199877290342,-0.46034873215864514
repeated_stratified_group_kfold,789,3,3,TCGA-AK-3433-01A,AK,False,3409.0,-0.26504209271119356,-0.008850146943250037
repeated_stratified_group_kfold,789,3,3,TCGA-AK-3434-01A,AK,False,2087.0,0.43022824755501843,-0.4994157939325681
repeated_stratified_group_kfold,789,3,3,TCGA-AK-3436-01A,AK,False,3331.0,1.2083725945436137,0.5068926437635939
repeated_stratified_group_kfold,789,3,3,TCGA-AK-3440-01A,AK,False,2865.0,-0.03592584392907859,0.20988740552490792
repeated_stratified_group_kfold,789,3,3,TCGA-AK-3443-01A,AK,False,1423.0,-0.32958726096438073,-0.4659525036798582
repeated_stratified_group_kfold,789,3,3,TCGA-AK-3444-01A,AK,False,1471.0,0.6612570199096689,-0.41770369812823394
repeated_stratified_group_kfold,789,3,3,TCGA-AK-3445-01A,AK,False,2392.0,1.2710852346143815,0.9713436610989918
repeated_stratified_group_kfold,789,3,3,TCGA-AK-3447-01A,AK,False,1217.0,0.9356881302067398,1.1246162206679104
repeated_stratified_group_kfold,789,3,3,TCGA-AK-3450-01A,AK,False,1508.0,0.827740624011132,0.015173533425740793
repeated_stratified_group_kfold,789,3,3,TCGA-AK-3451-01A,AK,False,2868.0,-0.2296970985035028,-1.0522944448633542
repeated_stratified_group_kfold,789,3,3,TCGA-AK-3453-01A,AK,False,2531.0,0.06792511549173284,-0.7525308883996199
repeated_stratified_group_kfold,789,3,3,TCGA-AK-3454-01A,AK,False,874.0,0.8297888973985302,0.7782820861131561
repeated_stratified_group_kfold,789,3,3,TCGA-AK-3455-01A,AK,True,683.0,1.3023336820472762,0.27316866181554444
repeated_stratified_group_kfold,789,3,3,TCGA-AK-3456-01A,AK,False,1143.0,-0.2296970985035028,-0.5223705086110383
repeated_stratified_group_kfold,789,3,3,TCGA-AK-3458-01A,AK,False,1168.0,-0.36889305213200496,-0.9914781791751339
repeated_stratified_group_kfold,789,3,3,TCGA-AK-3460-01A,AK,False,2508.0,-0.03592584392907859,-0.7053139688910277
repeated_stratified_group_kfold,789,3,3,TCGA-AK-3461-01A,AK,False,2217.0,0.43022824755501843,-0.16167464101676066
repeated_stratified_group_kfold,789,3,3,TCGA-AK-3465-01A,AK,False,369.0,0.36158653252703504,0.12402009133122083
repeated_stratified_group_kfold,789,3,3,TCGA-B2-3923-01A,B2,False,992.0,0.13656683051971624,0.45692744867452595
repeated_stratified_group_kfold,789,3,3,TCGA-B2-3924-01A,B2,False,1092.0,0.4635249683753111,-0.42254715687210403
repeated_stratified_group_kfold,789,3,3,TCGA-B2-4098-01A,B2,True,51.0,0.39488325334732766,0.04915353513800269
repeated_stratified_group_kfold,789,3,3,TCGA-B2-4099-01A,B2,False,972.0,0.7964921765782376,-0.2742525814649283
repeated_stratified_group_kfold,789,3,3,TCGA-B2-4101-01A,B2,False,648.0,-0.09651021522233225,-0.9067445489115651
repeated_stratified_group_kfold,789,3,3,TCGA-B2-4102-01A,B2,False,952.0,0.06396431853179935,-0.8533115462573225
repeated_stratified_group_kfold,789,3,3,TCGA-B2-5633-01A,B2,False,963.0,-0.10251928556966386,-0.5020863363576917
repeated_stratified_group_kfold,789,3,3,TCGA-B2-5635-01A,B2,False,755.0,0.49682168919560377,-0.15626991227286569
repeated_stratified_group_kfold,789,3,3,TCGA-B2-5636-01A,B2,False,919.0,0.663305293297067,0.2926015448211774
repeated_stratified_group_kfold,789,3,3,TCGA-B2-5639-01A,B2,True,1003.0,1.4081529194653695,0.43239159999431975
repeated_stratified_group_kfold,789,3,3,TCGA-B2-5641-01A,B2,False,656.0,0.663305293297067,0.2161023643343689
repeated_stratified_group_kfold,789,3,3,TCGA-B2-A4SR-01A,B2,False,507.0,0.20316027216030152,-0.8236262502333911
repeated_stratified_group_kfold,789,3,3,TCGA-B8-4143-01A,B8,True,709.0,2.0387423416635313,2.1313437263583133
repeated_stratified_group_kfold,789,3,3,TCGA-B8-4146-01B,B8,False,511.0,-0.6373150920817443,-1.4970068042621163
repeated_stratified_group_kfold,789,3,3,TCGA-B8-4148-01A,B8,False,1520.0,0.09521276596469389,-0.8629191305068492
repeated_stratified_group_kfold,789,3,3,TCGA-B8-4151-01A,B8,False,1299.0,0.6363992656414232,-0.5808164936052259
repeated_stratified_group_kfold,789,3,3,TCGA-B8-4153-01B,B8,False,762.0,1.437568838715845,0.32313959833880845
repeated_stratified_group_kfold,789,3,3,TCGA-B8-4154-01A,B8,False,1380.0,0.4281799741676203,-0.7797231912928085
repeated_stratified_group_kfold,789,3,3,TCGA-B8-4619-01A,B8,False,523.0,-0.03592584392907859,0.2632065058706776
repeated_stratified_group_kfold,789,3,3,TCGA-B8-4620-01A,B8,False,777.0,1.2690369612269834,1.0448955890833143
repeated_stratified_group_kfold,789,3,3,TCGA-B8-4621-01A,B8,False,788.0,0.13055776017238463,-0.26573192243798177
repeated_stratified_group_kfold,789,3,3,TCGA-B8-4622-01A,B8,False,1525.0,1.7744168484885885,0.85050515384095
repeated_stratified_group_kfold,789,3,3,TCGA-B8-5158-01A,B8,False,1218.0,0.8382278639505772,0.025728412197937534
repeated_stratified_group_kfold,789,3,3,TCGA-B8-5159-01A,B8,False,722.0,0.028619324324108606,-0.9409408105934207
repeated_stratified_group_kfold,789,3,3,TCGA-B8-5162-01A,B8,False,36.0,0.23645699298059417,0.130277818232434
repeated_stratified_group_kfold,789,3,3,TCGA-B8-5163-01A,B8,False,822.0,1.035959915484935,0.8125136312679861
repeated_stratified_group_kfold,789,3,3,TCGA-B8-5164-01A,B8,False,26.0,1.137898351333211,0.014741879620826293
repeated_stratified_group_kfold,789,3,3,TCGA-B8-5165-01A,B8,False,737.0,-0.5353766562334682,-1.4907335398186619
repeated_stratified_group_kfold,789,3,3,TCGA-B8-5545-01A,B8,False,1525.0,-0.5686733770537609,-1.1213033869179305
repeated_stratified_group_kfold,789,3,3,TCGA-B8-5546-01A,B8,False,505.0,-0.7372052545426222,-0.8020363524919132
repeated_stratified_group_kfold,789,3,3,TCGA-B8-5549-01A,B8,False,194.0,-0.2024094480305418,-0.7919803429110628
repeated_stratified_group_kfold,789,3,3,TCGA-B8-5550-01A,B8,False,1476.0,1.3376786762549668,0.9332014780492484
repeated_stratified_group_kfold,789,3,3,TCGA-B8-5551-01A,B8,False,16.0,0.16180620760527917,0.1689982243117345
repeated_stratified_group_kfold,789,3,3,TCGA-B8-5552-01B,B8,False,1046.0,-0.6373150920817443,-1.397996719770666
repeated_stratified_group_kfold,789,3,3,TCGA-B8-5553-01A,B8,False,435.0,0.22839964924586445,-0.8076621271401309
repeated_stratified_group_kfold,789,3,3,TCGA-B8-A54D-01A,B8,False,830.0,1.2710852346143815,0.5552107339436716
repeated_stratified_group_kfold,789,3,3,TCGA-B8-A54E-01A,B8,False,909.0,0.06191604514440125,-0.08398642625124386
repeated_stratified_group_kfold,789,3,3,TCGA-B8-A54F-01A,B8,False,519.0,-0.3709413255194031,-0.6048597923053215
repeated_stratified_group_kfold,789,3,3,TCGA-B8-A54G-01A,B8,False,53.0,-0.30229961049141973,-1.1410319784478826
repeated_stratified_group_kfold,789,3,3,TCGA-B8-A54H-01A,B8,False,256.0,0.43418904451495194,-0.3438315765709006
repeated_stratified_group_kfold,789,3,3,TCGA-B8-A54I-01A,B8,False,150.0,-0.36889305213200496,-0.6144524198419612
repeated_stratified_group_kfold,789,3,3,TCGA-B8-A54J-01A,B8,False,528.0,0.16986355134000888,-0.9197860889290386
repeated_stratified_group_kfold,789,3,3,TCGA-B8-A54K-01A,B8,False,469.0,0.06396431853179935,0.2086473014229775
repeated_stratified_group_kfold,789,3,3,TCGA-B8-A7U6-01A,B8,False,495.0,-0.2044577214179399,-1.0506568671432182
repeated_stratified_group_kfold,789,3,3,TCGA-B8-A8YJ-01A,B8,False,431.0,-0.004677396496184039,-0.30053253490991727
repeated_stratified_group_kfold,789,3,3,TCGA-CZ-4853-01A,CZ,False,774.0,0.7631954557579449,-0.4586196215544087
repeated_stratified_group_kfold,789,3,3,TCGA-CZ-4854-01A,CZ,True,1404.0,0.29704136427384786,0.12086666290321291
repeated_stratified_group_kfold,789,3,3,TCGA-CZ-4856-01A,CZ,False,18.0,0.06191604514440125,-0.8673494930498199
repeated_stratified_group_kfold,789,3,3,TCGA-CZ-4857-01A,CZ,True,1432.0,1.7411201276682957,1.2518422192383414
repeated_stratified_group_kfold,789,3,3,TCGA-CZ-4858-01A,CZ,True,2105.0,-0.5293675858861365,0.24059325492498385
repeated_stratified_group_kfold,789,3,3,TCGA-CZ-4859-01A,CZ,False,1787.0,-0.03797411731647669,-1.3097321571066816
repeated_stratified_group_kfold,789,3,3,TCGA-CZ-4860-01A,CZ,True,206.0,1.8743070109494664,1.943219427319541
repeated_stratified_group_kfold,789,3,3,TCGA-CZ-4861-01A,CZ,True,446.0,0.2697537138008868,-0.4032433708973905
repeated_stratified_group_kfold,789,3,3,TCGA-CZ-4862-01A,CZ,False,3271.0,-0.4354864937725903,-0.7816127449885101
repeated_stratified_group_kfold,789,3,3,TCGA-CZ-4863-01A,CZ,False,1928.0,0.6363992656414232,-0.339210681107878
repeated_stratified_group_kfold,789,3,3,TCGA-CZ-4864-01A,CZ,True,1315.0,1.0355782926676174,0.1781810943556702
repeated_stratified_group_kfold,789,3,3,TCGA-CZ-4865-01A,CZ,True,166.0,0.3282898117067424,-0.23051571453029973
repeated_stratified_group_kfold,789,3,3,TCGA-CZ-4866-01A,CZ,False,3267.0,0.6279602990893762,0.22204762594511473
repeated_stratified_group_kfold,789,3,3,TCGA-CZ-5451-01A,CZ,False,1929.0,0.6360176428241059,-0.5684991916994684
repeated_stratified_group_kfold,789,3,3,TCGA-CZ-5452-01A,CZ,False,1789.0,0.46953403872264265,-0.4339440513311563
repeated_stratified_group_kfold,789,3,3,TCGA-CZ-5453-01A,CZ,True,2419.0,0.40294059708205743,-0.4078142058696082
repeated_stratified_group_kfold,789,3,3,TCGA-CZ-5454-01A,CZ,True,722.0,1.9741971734103443,0.9889391056538106
repeated_stratified_group_kfold,789,3,3,TCGA-CZ-5455-01A,CZ,True,561.0,1.9741971734103443,0.9569270076508416
repeated_stratified_group_kfold,789,3,3,TCGA-CZ-5456-01A,CZ,False,2422.0,0.06997338887913096,-0.5015214545109767
repeated_stratified_group_kfold,789,3,3,TCGA-CZ-5457-01A,CZ,False,2754.0,1.0380081888723331,0.08176942715506585
repeated_stratified_group_kfold,789,3,3,TCGA-CZ-5458-01A,CZ,False,2789.0,0.4053704932867729,-0.7165739958582493
repeated_stratified_group_kfold,789,3,3,TCGA-CZ-5459-01A,CZ,False,1683.0,1.0713049096926257,0.507717017305735
repeated_stratified_group_kfold,789,3,3,TCGA-CZ-5460-01A,CZ,False,2873.0,1.7078234068480032,0.7982098358045466
repeated_stratified_group_kfold,789,3,3,TCGA-CZ-5461-01A,CZ,True,330.0,1.6079332443871253,0.6885123416748717
repeated_stratified_group_kfold,789,3,3,TCGA-CZ-5462-01A,CZ,True,311.0,2.640131589816197,2.1062992527333284
repeated_stratified_group_kfold,789,3,3,TCGA-CZ-5463-01A,CZ,False,662.0,0.7026110844646912,-0.4611946516470366
repeated_stratified_group_kfold,789,3,3,TCGA-CZ-5464-01A,CZ,False,2128.0,2.1739774983321003,1.5265694471799087
repeated_stratified_group_kfold,789,3,3,TCGA-CZ-5465-01A,CZ,True,2564.0,1.4688172861487394,0.3551965610621677
repeated_stratified_group_kfold,789,3,3,TCGA-CZ-5466-01A,CZ,False,685.0,1.2044917929737964,0.21951993811341364
repeated_stratified_group_kfold,789,3,3,TCGA-CZ-5467-01A,CZ,True,73.0,1.8017844943516657,1.3625551895762433
repeated_stratified_group_kfold,789,3,3,TCGA-CZ-5468-01A,CZ,True,59.0,2.67342831063649,2.8227454875312112
repeated_stratified_group_kfold,789,3,3,TCGA-CZ-5469-01A,CZ,True,946.0,-0.4627741442455514,-0.5660403287121196
repeated_stratified_group_kfold,789,3,3,TCGA-CZ-5470-01A,CZ,False,386.0,0.5340792069758298,-0.6356522215744769
repeated_stratified_group_kfold,789,3,3,TCGA-CZ-5982-01A,CZ,False,2439.0,-0.03797411731647669,-1.1582286411518188
repeated_stratified_group_kfold,789,3,3,TCGA-CZ-5984-01A,CZ,False,2067.0,-0.26900288967112707,-0.7568528869170046
repeated_stratified_group_kfold,789,3,3,TCGA-CZ-5985-01A,CZ,False,1997.0,0.10327010969942359,-0.6573533239132949
repeated_stratified_group_kfold,789,3,3,TCGA-CZ-5986-01A,CZ,False,373.0,0.06396431853179935,-0.8205615961416294
repeated_stratified_group_kfold,789,3,3,TCGA-CZ-5987-01A,CZ,True,445.0,1.8743070109494664,1.137468020753814
repeated_stratified_group_kfold,789,3,3,TCGA-CZ-5988-01A,CZ,False,693.0,-0.7018602603349314,-1.1884323713438318
repeated_stratified_group_kfold,789,3,3,TCGA-CZ-5989-01A,CZ,False,1905.0,0.16986355134000888,-0.8766793904626611
repeated_stratified_group_kfold,789,3,4,TCGA-CJ-4634-01A,CJ,False,3498.0,-0.03915466739432584,-0.8443466052011135
repeated_stratified_group_kfold,789,3,4,TCGA-CJ-4635-01A,CJ,False,1416.0,-0.5038013315745002,-0.8761988047358973
repeated_stratified_group_kfold,789,3,4,TCGA-CJ-4636-01A,CJ,False,1924.0,0.728868865598403,0.28497608664372476
repeated_stratified_group_kfold,789,3,4,TCGA-CJ-4637-01A,CJ,True,2227.0,1.8038771669547067,1.5119546247189501
repeated_stratified_group_kfold,789,3,4,TCGA-CJ-4638-01A,CJ,True,431.0,1.5710281714769456,1.1008142149308742
repeated_stratified_group_kfold,789,3,4,TCGA-CJ-4639-01A,CJ,False,3229.0,0.03641880581439938,-0.9580291881929661
repeated_stratified_group_kfold,789,3,4,TCGA-CJ-4640-01A,CJ,False,3480.0,0.6512525337724826,-0.19489601822410252
repeated_stratified_group_kfold,789,3,4,TCGA-CJ-4641-01A,CJ,True,1661.0,1.9203016646935873,1.394012775658859
repeated_stratified_group_kfold,789,3,4,TCGA-CJ-4642-01B,CJ,False,3205.0,-0.04014619923617315,-0.4279635948691773
repeated_stratified_group_kfold,789,3,4,TCGA-CJ-4643-01A,CJ,False,1793.0,0.734965792247683,-0.18020221857029406
repeated_stratified_group_kfold,789,3,4,TCGA-CJ-4644-01A,CJ,True,336.0,1.648644503302866,0.7342768679651355
repeated_stratified_group_kfold,789,3,4,TCGA-CJ-4868-01A,CJ,True,646.0,1.4168468346004526,1.2636534780033477
repeated_stratified_group_kfold,789,3,4,TCGA-CJ-4869-01A,CJ,False,2554.0,0.6512525337724826,-0.13519813825296056
repeated_stratified_group_kfold,789,3,4,TCGA-CJ-4870-01A,CJ,False,1498.0,0.9994747002137766,0.020618068872898077
repeated_stratified_group_kfold,789,3,4,TCGA-CJ-4871-01A,CJ,False,2423.0,2.231818318772617,1.5872100759930188
repeated_stratified_group_kfold,789,3,4,TCGA-CJ-4872-01A,CJ,False,1435.0,-0.3873768338356197,-0.8930592267521994
repeated_stratified_group_kfold,789,3,4,TCGA-CJ-4873-01A,CJ,False,1776.0,2.047295179863702,2.0162363083902304
repeated_stratified_group_kfold,789,3,4,TCGA-CJ-4874-01A,CJ,False,2283.0,0.4653514894741567,-0.5515365156565489
repeated_stratified_group_kfold,789,3,4,TCGA-CJ-4875-01A,CJ,True,3554.0,2.3870509824244577,1.8150742016310302
repeated_stratified_group_kfold,789,3,4,TCGA-CJ-4876-01A,CJ,False,1955.0,0.3479354598934289,-0.6819555737448266
repeated_stratified_group_kfold,789,3,4,TCGA-CJ-4878-01A,CJ,False,2186.0,1.5039808570822593,0.7309313084787488
repeated_stratified_group_kfold,789,3,4,TCGA-CJ-4881-01A,CJ,False,2014.0,0.340787206468801,0.034278218450561004
repeated_stratified_group_kfold,789,3,4,TCGA-CJ-4882-01A,CJ,False,1883.0,0.9617178610761642,0.5899231195504739
repeated_stratified_group_kfold,789,3,4,TCGA-CJ-4884-01A,CJ,False,1759.0,1.5427890229952195,0.49274513032927336
repeated_stratified_group_kfold,789,3,4,TCGA-CJ-4885-01A,CJ,False,3451.0,2.270626484685577,1.4740435299559564
repeated_stratified_group_kfold,789,3,4,TCGA-CJ-4886-01A,CJ,False,1952.0,-0.7377016538276094,-1.7092041045608741
repeated_stratified_group_kfold,789,3,4,TCGA-CJ-4887-01A,CJ,True,932.0,1.6496958300782139,0.6917811757243411
repeated_stratified_group_kfold,789,3,4,TCGA-CJ-4888-01A,CJ,True,1567.0,2.076585655120776,1.7278687065623162
repeated_stratified_group_kfold,789,3,4,TCGA-CJ-4889-01A,CJ,False,1946.0,0.07726983034455477,-0.23345565216120406
repeated_stratified_group_kfold,789,3,4,TCGA-CJ-4890-01A,CJ,False,3519.0,2.5810918119892587,2.2278938530637054
repeated_stratified_group_kfold,789,3,4,TCGA-CJ-4891-01A,CJ,True,819.0,0.9606665343008164,1.015992759854476
repeated_stratified_group_kfold,789,3,4,TCGA-CJ-4892-01A,CJ,False,1521.0,0.15488616217047516,-0.6176861992030437
repeated_stratified_group_kfold,789,3,4,TCGA-CJ-4893-01A,CJ,False,750.0,0.5817759872130374,-0.22352204352647465
repeated_stratified_group_kfold,789,3,4,TCGA-CJ-4894-01A,CJ,True,841.0,1.0005260269891245,0.017003568414086234
repeated_stratified_group_kfold,789,3,4,TCGA-CJ-4895-01A,CJ,True,1200.0,2.1930101528596566,1.9708020488603228
repeated_stratified_group_kfold,789,3,4,TCGA-CJ-4897-01A,CJ,False,3341.0,1.814446184385941,0.5348727787312773
repeated_stratified_group_kfold,789,3,4,TCGA-CJ-4899-01A,CJ,False,1528.0,-0.7366503270522615,-1.3105045338908736
repeated_stratified_group_kfold,789,3,4,TCGA-CJ-4900-01A,CJ,True,1714.0,2.46361598747503,2.2609862116776718
repeated_stratified_group_kfold,789,3,4,TCGA-CJ-4901-01A,CJ,False,1450.0,0.5736362019465622,0.32347191742474823
repeated_stratified_group_kfold,789,3,4,TCGA-CJ-4902-01A,CJ,False,1520.0,1.116950524728005,0.5768413266102019
repeated_stratified_group_kfold,789,3,4,TCGA-CJ-4903-01A,CJ,False,1560.0,-0.42618499974857993,-0.9598236290557032
repeated_stratified_group_kfold,789,3,4,TCGA-CJ-4904-01A,CJ,False,3302.0,2.114342494258388,1.2318974531374787
repeated_stratified_group_kfold,789,3,4,TCGA-CJ-4905-01A,CJ,False,1496.0,0.038461664431594565,-0.6968299901307965
repeated_stratified_group_kfold,789,3,4,TCGA-CJ-4907-01A,CJ,False,1499.0,1.0005260269891245,-0.03047186873793284
repeated_stratified_group_kfold,789,3,4,TCGA-CJ-4908-01A,CJ,False,1531.0,-0.8918829907041023,-1.2526098101819922
repeated_stratified_group_kfold,789,3,4,TCGA-CJ-4912-01A,CJ,False,1657.0,0.5031681235452697,0.15707224241386486
repeated_stratified_group_kfold,789,3,4,TCGA-CJ-4916-01A,CJ,False,1373.0,1.4263645252563388,0.6175084796518036
repeated_stratified_group_kfold,789,3,4,TCGA-CJ-4918-01A,CJ,True,93.0,2.270626484685577,2.097202960988368
repeated_stratified_group_kfold,789,3,4,TCGA-CJ-4920-01A,CJ,True,139.0,0.11607799625751496,-0.08444997963797196
repeated_stratified_group_kfold,789,3,4,TCGA-CJ-4923-01A,CJ,True,572.0,2.230766991997269,1.894796728268107
repeated_stratified_group_kfold,789,3,4,TCGA-CJ-5671-01A,CJ,False,3987.0,-0.3873768338356197,-0.9788042840890089
repeated_stratified_group_kfold,789,3,4,TCGA-CJ-5672-01A,CJ,True,1972.0,0.8932926412920669,0.11785979569631877
repeated_stratified_group_kfold,789,3,4,TCGA-CJ-5675-01A,CJ,False,3936.0,0.8524416167619114,-0.17554692498792124
repeated_stratified_group_kfold,789,3,4,TCGA-CJ-5676-01A,CJ,False,4067.0,0.5736362019465622,-0.2557469621153664
repeated_stratified_group_kfold,789,3,4,TCGA-CJ-5677-01A,CJ,True,782.0,1.881493498780627,1.6413425617540676
repeated_stratified_group_kfold,789,3,4,TCGA-CJ-5678-01A,CJ,True,574.0,2.1930101528596566,1.231317494641368
repeated_stratified_group_kfold,789,3,4,TCGA-CJ-5679-01A,CJ,True,679.0,1.5826485156835273,0.9702559543217388
repeated_stratified_group_kfold,789,3,4,TCGA-CJ-5680-01A,CJ,True,768.0,2.3083833238231892,1.6914961170726701
repeated_stratified_group_kfold,789,3,4,TCGA-CJ-5681-01A,CJ,True,552.0,1.4934118396510252,1.3050976836552266
repeated_stratified_group_kfold,789,3,4,TCGA-CJ-5682-01A,CJ,False,3736.0,2.115393821033736,0.9780035313921303
repeated_stratified_group_kfold,789,3,4,TCGA-CJ-5683-01A,CJ,False,1889.0,0.6604436458143057,0.02575871441135469
repeated_stratified_group_kfold,789,3,4,TCGA-CJ-5684-01A,CJ,False,2231.0,1.116950524728005,0.03785308300790846
repeated_stratified_group_kfold,789,3,4,TCGA-CJ-5686-01A,CJ,False,2038.0,-0.07796283330728604,-1.058951414887431
repeated_stratified_group_kfold,789,3,4,TCGA-CJ-6027-01A,CJ,True,3615.0,0.6216354799013455,0.18878680958749083
repeated_stratified_group_kfold,789,3,4,TCGA-CJ-6028-01A,CJ,True,1625.0,2.0377774892078158,1.43988258191252
repeated_stratified_group_kfold,789,3,4,TCGA-CJ-6030-01A,CJ,True,2299.0,0.15593748894582304,-0.1654540868577219
repeated_stratified_group_kfold,789,3,4,TCGA-CJ-6031-01A,CJ,False,1906.0,-0.27095233609673913,-0.7135373839230249
repeated_stratified_group_kfold,789,3,4,TCGA-CJ-6032-01A,CJ,False,3639.0,0.5797331285958423,-0.357926348568023
repeated_stratified_group_kfold,789,3,4,TCGA-CJ-6033-01A,CJ,True,224.0,1.881493498780627,1.4385145207204113
repeated_stratified_group_kfold,789,3,4,TCGA-DV-5565-01A,DV,False,1329.0,-0.07691150653193814,-0.5573270944162673
repeated_stratified_group_kfold,789,3,4,TCGA-DV-5566-01A,DV,False,1398.0,0.23250249399639555,-0.6547027105781907
repeated_stratified_group_kfold,789,3,4,TCGA-DV-5567-01A,DV,False,2004.0,-0.8153179856535298,-1.217463953670762
repeated_stratified_group_kfold,789,3,4,TCGA-DV-5568-01A,DV,False,370.0,-1.3575809816596247,-1.9515098572507943
repeated_stratified_group_kfold,789,3,4,TCGA-DV-5569-01A,DV,False,355.0,-1.2422078106960919,-2.0076159962497386
repeated_stratified_group_kfold,789,3,4,TCGA-DV-5573-01A,DV,False,1130.0,-0.7754584929652217,-1.3921994662125785
repeated_stratified_group_kfold,789,3,4,TCGA-DV-5574-01A,DV,False,2016.0,-0.9306911566170626,-1.3648979592549653
repeated_stratified_group_kfold,789,3,4,TCGA-DV-5575-01A,DV,False,1729.0,-0.3496199946980074,-1.3011331611379546
repeated_stratified_group_kfold,789,3,4,TCGA-DV-5576-01A,DV,True,727.0,-0.23319549695912684,-0.8023817632047119
repeated_stratified_group_kfold,789,3,4,TCGA-DV-A4VX-01A,DV,True,1626.0,2.076585655120776,1.4770775267300618
repeated_stratified_group_kfold,789,3,4,TCGA-DV-A4VZ-01A,DV,False,365.0,-0.3097605020096993,-0.2726665286942571
repeated_stratified_group_kfold,789,3,4,TCGA-DV-A4W0-01A,DV,False,2470.0,-0.23214417018377895,-0.42127145600310456
repeated_stratified_group_kfold,1011,4,0,TCGA-BP-4158-01A,BP,False,3377.0,0.2368073975248432,-0.4342452755509183
repeated_stratified_group_kfold,1011,4,0,TCGA-BP-4159-01A,BP,True,2601.0,0.2636433832877775,-0.40050833914082495
repeated_stratified_group_kfold,1011,4,0,TCGA-BP-4160-01A,BP,False,2881.0,1.1694730586816142,0.1501577483655171
repeated_stratified_group_kfold,1011,4,0,TCGA-BP-4161-01A,BP,False,2746.0,0.3709873263395148,-0.40247702593281437
repeated_stratified_group_kfold,1011,4,0,TCGA-BP-4162-01A,BP,False,3074.0,0.10977097018792002,-1.0354916245939771
repeated_stratified_group_kfold,1011,4,0,TCGA-BP-4163-01A,BP,False,2839.0,0.9619286740558879,0.30814844891352167
repeated_stratified_group_kfold,1011,4,0,TCGA-BP-4164-01A,BP,True,992.0,0.7204048021894789,-0.11993707704518647
repeated_stratified_group_kfold,1011,4,0,TCGA-BP-4165-01A,BP,False,3037.0,0.08293498442498569,-0.8410444364138459
repeated_stratified_group_kfold,1011,4,0,TCGA-BP-4166-01A,BP,False,13.0,1.2231450302074829,0.29219435889045864
repeated_stratified_group_kfold,1011,4,0,TCGA-BP-4167-01A,BP,False,2718.0,0.9547851725781394,0.4225254356765923
repeated_stratified_group_kfold,1011,4,0,TCGA-BP-4169-01A,BP,True,701.0,0.6388601000480649,0.23770419837357948
repeated_stratified_group_kfold,1011,4,0,TCGA-BP-4170-01A,BP,True,2343.0,0.2976228705284603,-0.5804110011912508
repeated_stratified_group_kfold,1011,4,0,TCGA-BP-4173-01A,BP,False,1893.0,-0.11969100279184477,-0.6040452417044031
repeated_stratified_group_kfold,1011,4,0,TCGA-BP-4174-01A,BP,False,1879.0,-0.06601903126597611,-0.625600765318842
repeated_stratified_group_kfold,1011,4,0,TCGA-BP-4176-01A,BP,False,1955.0,0.10262746871017152,-0.26682192402525784
repeated_stratified_group_kfold,1011,4,0,TCGA-BP-4177-01A,BP,False,1670.0,0.12946345447310587,-0.4832998264064153
repeated_stratified_group_kfold,1011,4,0,TCGA-BP-4325-01A,BP,False,2964.0,0.08293498442498569,-1.0699772037196311
repeated_stratified_group_kfold,1011,4,0,TCGA-BP-4326-01A,BP,True,1625.0,-0.21226085896729194,-0.3552922953759021
repeated_stratified_group_kfold,1011,4,0,TCGA-BP-4327-01A,BP,True,109.0,0.6120241142851306,0.09168128774468842
repeated_stratified_group_kfold,1011,4,0,TCGA-BP-4329-01A,BP,True,845.0,1.3841609447850887,0.21493219223547722
repeated_stratified_group_kfold,1011,4,0,TCGA-BP-4330-01A,BP,False,1888.0,0.9619286740558879,-0.023938277808650987
repeated_stratified_group_kfold,1011,4,0,TCGA-BP-4331-01A,BP,True,2454.0,-0.21940436044504044,-0.9372361326862935
repeated_stratified_group_kfold,1011,4,0,TCGA-BP-4332-01A,BP,False,1133.0,0.3375575000306499,-0.8946120368823511
repeated_stratified_group_kfold,1011,4,0,TCGA-BP-4334-01A,BP,True,645.0,0.8742772152893364,0.6826221360572403
repeated_stratified_group_kfold,1011,4,0,TCGA-BP-4335-01A,BP,True,475.0,2.0348275230616037,1.6474626567808959
repeated_stratified_group_kfold,1011,4,0,TCGA-BP-4337-01A,BP,True,2.0,1.3913044462628372,1.0640697228688136
repeated_stratified_group_kfold,1011,4,0,TCGA-BP-4338-01A,BP,False,2859.0,-0.4609282323114494,-0.7443006839415327
repeated_stratified_group_kfold,1011,4,0,TCGA-BP-4340-01A,BP,True,562.0,0.24395089900259165,-1.0994061655455658
repeated_stratified_group_kfold,1011,4,0,TCGA-BP-4341-01A,BP,True,1589.0,1.1694730586816142,0.5389385827531369
repeated_stratified_group_kfold,1011,4,0,TCGA-BP-4342-01A,BP,True,2256.0,0.7390605416220538,0.07574027401395833
repeated_stratified_group_kfold,1011,4,0,TCGA-BP-4343-01A,BP,True,1912.0,1.088965101392811,-0.023924764193361536
repeated_stratified_group_kfold,1011,4,0,TCGA-BP-4344-01A,BP,False,1666.0,0.37813082781726326,-0.189872494248139
repeated_stratified_group_kfold,1011,4,0,TCGA-BP-4345-01A,BP,False,1516.0,1.0352931298669426,0.3859848835310088
repeated_stratified_group_kfold,1011,4,0,TCGA-BP-4346-01A,BP,True,1493.0,0.9011132010522708,0.18152923464113802
repeated_stratified_group_kfold,1011,4,0,TCGA-BP-4347-01A,BP,False,1367.0,1.3573249590221543,0.6382263950343531
repeated_stratified_group_kfold,1011,4,0,TCGA-BP-4349-01A,BP,False,372.0,0.19027892747672304,-0.46695843065561116
repeated_stratified_group_kfold,1011,4,0,TCGA-BP-4351-01A,BP,False,970.0,0.7204048021894789,0.10463804752608719
repeated_stratified_group_kfold,1011,4,0,TCGA-BP-4352-01A,BP,True,344.0,2.2763513949280125,3.2527649216178576
repeated_stratified_group_kfold,1011,4,0,TCGA-BP-4353-01A,BP,True,375.0,0.022119511421368546,-0.8506661111780669
repeated_stratified_group_kfold,1011,4,0,TCGA-BP-4354-01A,BP,True,1034.0,1.3836203632734314,1.7173199769873895
repeated_stratified_group_kfold,1011,4,0,TCGA-BP-4355-01A,BP,True,953.0,0.9350926882929536,0.25750473940048424
repeated_stratified_group_kfold,1011,4,0,TCGA-BP-4756-01A,BP,False,374.0,0.029263012899117043,-0.02769591473659183
repeated_stratified_group_kfold,1011,4,0,TCGA-BP-4758-01A,BP,False,2208.0,-0.5414361896002523,-0.9804134400257644
repeated_stratified_group_kfold,1011,4,0,TCGA-BP-4759-01A,BP,False,2372.0,-0.2730763319709091,-0.9928561592363856
repeated_stratified_group_kfold,1011,4,0,TCGA-BP-4760-01A,BP,False,2361.0,0.2368073975248432,0.350721805166215
repeated_stratified_group_kfold,1011,4,0,TCGA-BP-4761-01A,BP,False,182.0,0.9011132010522708,1.183942158619991
repeated_stratified_group_kfold,1011,4,0,TCGA-BP-4762-01A,BP,True,1343.0,-0.4877642180743837,-1.370627742373236
repeated_stratified_group_kfold,1011,4,0,TCGA-BP-4763-01A,BP,True,1270.0,0.4854747708690006,-0.42362064377695324
repeated_stratified_group_kfold,1011,4,0,TCGA-BP-4765-01A,BP,False,2184.0,-0.4609282323114494,-1.4502943862111068
repeated_stratified_group_kfold,1011,4,0,TCGA-BP-4766-01A,BP,False,1462.0,-0.48062071659663524,-1.3270354836105847
repeated_stratified_group_kfold,1011,4,0,TCGA-BP-4768-01A,BP,False,400.0,0.2976228705284603,-0.20037230112256527
repeated_stratified_group_kfold,1011,4,0,TCGA-BP-4769-01A,BP,False,1876.0,0.0757914829472372,-0.15726043363036146
repeated_stratified_group_kfold,1011,4,0,TCGA-BP-4770-01A,BP,True,329.0,2.2495154091650784,2.668816103157998
repeated_stratified_group_kfold,1011,4,0,TCGA-BP-4771-01A,BP,True,162.0,1.9740120500579865,2.0590759071766644
repeated_stratified_group_kfold,1011,4,0,TCGA-BP-4774-01A,BP,False,1885.0,-0.1049169159155546,-0.7084408824296202
repeated_stratified_group_kfold,1011,4,0,TCGA-BP-4775-01A,BP,False,1843.0,-0.15858888744142327,-1.1537178953879845
repeated_stratified_group_kfold,1011,4,0,TCGA-BP-4776-01A,BP,False,411.0,-0.21940436044504044,-0.7470632491262518
repeated_stratified_group_kfold,1011,4,0,TCGA-BP-4777-01A,BP,False,1731.0,-0.38042027502264636,-1.2990281550639033
repeated_stratified_group_kfold,1011,4,0,TCGA-BP-4781-01A,BP,False,2080.0,0.47833126939125215,0.10334105078665023
repeated_stratified_group_kfold,1011,4,0,TCGA-BP-4782-01A,BP,False,354.0,-0.15858888744142327,-0.864571951044771
repeated_stratified_group_kfold,1011,4,0,TCGA-BP-4784-01A,BP,False,1854.0,0.1634429417137887,0.16149478666160877
repeated_stratified_group_kfold,1011,4,0,TCGA-BP-4787-01A,BP,True,480.0,1.8738116084839977,1.263874566456098
repeated_stratified_group_kfold,1011,4,0,TCGA-BP-4789-01A,BP,False,1489.0,-0.32674830349677775,-1.2870975680756467
repeated_stratified_group_kfold,1011,4,0,TCGA-BP-4790-01A,BP,True,1111.0,0.4246592978653835,-0.0005082808875842559
repeated_stratified_group_kfold,1011,4,0,TCGA-BP-4795-01A,BP,False,620.0,0.351294842054329,0.40947247924116426
repeated_stratified_group_kfold,1011,4,0,TCGA-BP-4797-01A,BP,False,1107.0,0.2838855285047813,-0.6424062098882805
repeated_stratified_group_kfold,1011,4,0,TCGA-BP-4798-01A,BP,True,334.0,-4.4715795941288015,0.28067809153726053
repeated_stratified_group_kfold,1011,4,0,TCGA-BP-4799-01A,BP,True,1133.0,1.249981015970417,1.0726396327004015
repeated_stratified_group_kfold,1011,4,0,TCGA-BP-4801-01A,BP,False,1124.0,-0.08522443163036877,-0.830386192066308
repeated_stratified_group_kfold,1011,4,0,TCGA-BP-4803-01A,BP,False,204.0,1.491504887836826,0.3436436648845319
repeated_stratified_group_kfold,1011,4,0,TCGA-BP-4804-01A,BP,False,1459.0,-0.03155246010450011,-0.4529177707923274
repeated_stratified_group_kfold,1011,4,0,TCGA-BP-4807-01A,BP,False,211.0,-0.4877642180743837,-1.580796860395885
repeated_stratified_group_kfold,1011,4,0,TCGA-BP-4959-01A,BP,False,2660.0,-0.2999123177338434,-1.1026528581430735
repeated_stratified_group_kfold,1011,4,0,TCGA-BP-4960-01A,BP,False,2172.0,-0.14652698855477905,-0.8589495958700102
repeated_stratified_group_kfold,1011,4,0,TCGA-BP-4961-01A,BP,False,1935.0,-0.3535842892597121,-1.666116567856014
repeated_stratified_group_kfold,1011,4,0,TCGA-BP-4962-01A,BP,False,1785.0,0.17550484060043287,-0.9039655369794095
repeated_stratified_group_kfold,1011,4,0,TCGA-BP-4963-01A,BP,False,1834.0,0.0757914829472372,-0.8576275999896019
repeated_stratified_group_kfold,1011,4,0,TCGA-BP-4964-01A,BP,False,1862.0,-0.1854248732043576,-0.9849070922408906
repeated_stratified_group_kfold,1011,4,0,TCGA-BP-4965-01A,BP,False,1871.0,-0.38042027502264636,-1.1543977247994666
repeated_stratified_group_kfold,1011,4,0,TCGA-BP-4967-01A,BP,False,205.0,1.410996930548023,1.1671596111357871
repeated_stratified_group_kfold,1011,4,0,TCGA-BP-4968-01A,BP,False,1746.0,-0.5414361896002523,-1.5065533729098495
repeated_stratified_group_kfold,1011,4,0,TCGA-BP-4969-01A,BP,False,1794.0,0.05609899866205137,-0.8902918753006335
repeated_stratified_group_kfold,1011,4,0,TCGA-BP-4970-01A,BP,False,433.0,0.5522453861341245,0.0645915870535293
repeated_stratified_group_kfold,1011,4,0,TCGA-BP-4971-01A,BP,False,1487.0,0.4449014430823872,0.4300455332099732
repeated_stratified_group_kfold,1011,4,0,TCGA-BP-4972-01A,BP,False,1502.0,0.5057169160860042,-0.19566472257371226
repeated_stratified_group_kfold,1011,4,0,TCGA-BP-4973-01A,BP,False,1384.0,0.6327533434229275,-0.7701092758719578
repeated_stratified_group_kfold,1011,4,0,TCGA-BP-4974-01A,BP,True,211.0,1.8666681070062492,1.2671765712375818
repeated_stratified_group_kfold,1011,4,0,TCGA-BP-4975-01A,BP,False,1433.0,-0.5414361896002523,-1.6647399559366733
repeated_stratified_group_kfold,1011,4,0,TCGA-BP-4976-01A,BP,False,1632.0,0.45149528362831776,-0.786371470157088
repeated_stratified_group_kfold,1011,4,0,TCGA-BP-4977-01A,BP,False,454.0,-0.08522443163036877,-0.5124907311910657
repeated_stratified_group_kfold,1011,4,0,TCGA-BP-4981-01A,BP,True,1097.0,1.3644684604999027,1.0721695292306044
repeated_stratified_group_kfold,1011,4,0,TCGA-BP-4982-01A,BP,False,1014.0,-0.4877642180743837,-1.6504614715298258
repeated_stratified_group_kfold,1011,4,0,TCGA-BP-4983-01A,BP,False,1413.0,1.1497805743964282,1.7791315552153613
repeated_stratified_group_kfold,1011,4,0,TCGA-BP-4985-01A,BP,True,952.0,1.3036529874962857,1.6563403184736734
repeated_stratified_group_kfold,1011,4,0,TCGA-BP-4986-01A,BP,False,785.0,0.3978233121024491,0.5924745643777912
repeated_stratified_group_kfold,1011,4,0,TCGA-BP-4987-01A,BP,False,1124.0,-0.5342926881225039,-1.591125143757893
repeated_stratified_group_kfold,1011,4,0,TCGA-BP-4988-01A,BP,True,828.0,0.31731535481364614,0.19737921503874845
repeated_stratified_group_kfold,1011,4,0,TCGA-BP-4989-01A,BP,False,118.0,0.9279491868152051,0.6745908298770914
repeated_stratified_group_kfold,1011,4,0,TCGA-BP-4991-01A,BP,False,1413.0,-0.16573238891917177,-0.8930741878686697
repeated_stratified_group_kfold,1011,4,0,TCGA-BP-4992-01A,BP,False,501.0,0.1562994402360402,0.05373237703206335
repeated_stratified_group_kfold,1011,4,0,TCGA-BP-4993-01A,BP,False,177.0,-0.058388445867434455,-1.0130875811567424
repeated_stratified_group_kfold,1011,4,0,TCGA-BP-4994-01A,BP,False,1308.0,-0.16573238891917177,-1.0772111160557285
repeated_stratified_group_kfold,1011,4,0,TCGA-BP-4995-01A,BP,False,1371.0,0.20997141176190887,-0.7508418719006599
repeated_stratified_group_kfold,1011,4,0,TCGA-BP-4998-01A,BP,False,932.0,-0.2999123177338434,-0.9659000834744402
repeated_stratified_group_kfold,1011,4,0,TCGA-BP-4999-01A,BP,False,1266.0,-0.11206041739330311,-1.0199627028162248
repeated_stratified_group_kfold,1011,4,0,TCGA-BP-5000-01A,BP,False,563.0,-0.5414361896002523,-1.0684785909622896
repeated_stratified_group_kfold,1011,4,0,TCGA-BP-5001-01A,BP,False,1177.0,-0.48062071659663524,-1.2477335144135209
repeated_stratified_group_kfold,1011,4,0,TCGA-BP-5004-01A,BP,False,1126.0,-0.1925683746821061,-1.2314969993977123
repeated_stratified_group_kfold,1011,4,0,TCGA-BP-5006-01A,BP,False,840.0,0.022119511421368546,-0.9357311498496661
repeated_stratified_group_kfold,1011,4,0,TCGA-BP-5007-01A,BP,False,1140.0,-0.17336297431771344,-1.2653673752861567
repeated_stratified_group_kfold,1011,4,0,TCGA-BP-5008-01A,BP,False,1071.0,-0.38042027502264636,-1.0264255817313304
repeated_stratified_group_kfold,1011,4,0,TCGA-BP-5009-01A,BP,True,1092.0,-0.21940436044504044,-0.7099172322062038
repeated_stratified_group_kfold,1011,4,0,TCGA-BP-5010-01A,BP,True,878.0,1.0621291156298769,0.778109239066696
repeated_stratified_group_kfold,1011,4,0,TCGA-BP-5168-01A,BP,True,1463.0,0.3978233121024491,-0.47310803895061754
repeated_stratified_group_kfold,1011,4,0,TCGA-BP-5169-01A,BP,False,193.0,0.2636433832877775,0.12897127713907053
repeated_stratified_group_kfold,1011,4,0,TCGA-BP-5170-01A,BP,False,2412.0,-0.13889640315623744,-0.7650787597617303
repeated_stratified_group_kfold,1011,4,0,TCGA-BP-5173-01A,BP,True,62.0,0.3978233121024491,-0.2630567614339058
repeated_stratified_group_kfold,1011,4,0,TCGA-BP-5174-01A,BP,False,2257.0,-0.4269487450707666,-1.0943945696731476
repeated_stratified_group_kfold,1011,4,0,TCGA-BP-5175-01A,BP,False,932.0,-0.004716474341565784,-0.1674808470911805
repeated_stratified_group_kfold,1011,4,0,TCGA-BP-5176-01A,BP,True,1590.0,0.4586387851060663,-0.2360353404485474
repeated_stratified_group_kfold,1011,4,0,TCGA-BP-5177-01A,BP,False,293.0,-0.4001127593078322,-1.3379574972682677
repeated_stratified_group_kfold,1011,4,0,TCGA-BP-5178-01A,BP,True,1912.0,2.2155359219243955,1.6770154618927462
repeated_stratified_group_kfold,1011,4,0,TCGA-BP-5180-01A,BP,False,2263.0,-0.1925683746821061,-1.3665524231352357
repeated_stratified_group_kfold,1011,4,0,TCGA-BP-5181-01A,BP,False,1495.0,-0.07808093015262028,-1.8071745919561133
repeated_stratified_group_kfold,1011,4,0,TCGA-BP-5182-01A,BP,False,1165.0,-0.11206041739330311,-0.7854217535554455
repeated_stratified_group_kfold,1011,4,0,TCGA-BP-5183-01A,BP,False,1291.0,0.9011132010522708,0.11534004527176533
repeated_stratified_group_kfold,1011,4,0,TCGA-BP-5184-01A,BP,False,1133.0,-0.16573238891917177,-1.8933493621901296
repeated_stratified_group_kfold,1011,4,0,TCGA-BP-5185-01A,BP,False,1132.0,-0.11206041739330311,-0.6382556022073905
repeated_stratified_group_kfold,1011,4,0,TCGA-BP-5186-01A,BP,False,693.0,-0.2927688162560949,-1.5224810205227635
repeated_stratified_group_kfold,1011,4,0,TCGA-BP-5187-01A,BP,False,406.0,-0.16573238891917177,-0.8659734500535656
repeated_stratified_group_kfold,1011,4,0,TCGA-BP-5189-01A,BP,True,822.0,-0.004716474341565784,-0.6318464633077018
repeated_stratified_group_kfold,1011,4,0,TCGA-BP-5190-01A,BP,False,1011.0,0.022119511421368546,-1.0853766187261982
repeated_stratified_group_kfold,1011,4,0,TCGA-BP-5191-01A,BP,False,967.0,1.491504887836826,0.8762205236026378
repeated_stratified_group_kfold,1011,4,0,TCGA-BP-5192-01A,BP,False,714.0,-0.03155246010450011,-0.9731223558296437
repeated_stratified_group_kfold,1011,4,0,TCGA-BP-5194-01A,BP,False,408.0,-0.5682721753631866,-2.0485526686647617
repeated_stratified_group_kfold,1011,4,0,TCGA-BP-5195-01A,BP,False,749.0,0.3978233121024491,-0.15264292187231754
repeated_stratified_group_kfold,1011,4,0,TCGA-BP-5196-01A,BP,False,1018.0,-0.1925683746821061,0.13453256843228278
repeated_stratified_group_kfold,1011,4,0,TCGA-BP-5198-01A,BP,False,603.0,1.3036529874962857,0.5904744757178683
repeated_stratified_group_kfold,1011,4,0,TCGA-BP-5199-01A,BP,False,1355.0,0.17550484060043287,-0.20686789149886953
repeated_stratified_group_kfold,1011,4,0,TCGA-BP-5200-01A,BP,False,1063.0,-0.20019896008064772,-1.2775607421937645
repeated_stratified_group_kfold,1011,4,0,TCGA-BP-5201-01A,BP,False,951.0,2.000848035820921,0.9888061498778628
repeated_stratified_group_kfold,1011,4,0,TCGA-BP-5202-01A,BP,False,29.0,1.3841609447850887,0.054303126727290874
repeated_stratified_group_kfold,1011,4,1,TCGA-3Z-A93Z-01A,3Z,False,385.0,0.18960633777768787,-0.25444255422139006
repeated_stratified_group_kfold,1011,4,1,TCGA-6D-AA2E-01A,6D,False,362.0,0.2746533987756621,0.546997575744063
repeated_stratified_group_kfold,1011,4,1,TCGA-A3-3306-01A,A3,False,1120.0,0.11508732760911668,-0.8983671825594546
repeated_stratified_group_kfold,1011,4,1,TCGA-A3-3307-01A,A3,False,1436.0,0.9326902687058317,-0.1399092190330748
repeated_stratified_group_kfold,1011,4,1,TCGA-A3-3308-01A,A3,False,16.0,1.464851390715233,1.531958339935834
repeated_stratified_group_kfold,1011,4,1,TCGA-A3-3311-01A,A3,True,1191.0,-0.2575077232337391,-0.832706096465321
repeated_stratified_group_kfold,1011,4,1,TCGA-A3-3313-01A,A3,True,735.0,-0.18298871306516795,-0.06833802955938101
repeated_stratified_group_kfold,1011,4,1,TCGA-A3-3316-01A,A3,False,1493.0,0.12168982104110475,-0.4262863804292581
repeated_stratified_group_kfold,1011,4,1,TCGA-A3-3317-01A,A3,False,1491.0,0.49428487188396053,0.09644387750536748
repeated_stratified_group_kfold,1011,4,1,TCGA-A3-3319-01A,A3,False,1130.0,0.22686584286197342,0.5215930040106713
repeated_stratified_group_kfold,1011,4,1,TCGA-A3-3320-01A,A3,False,1508.0,-0.32149868257290726,-1.1953566302829475
repeated_stratified_group_kfold,1011,4,1,TCGA-A3-3322-01A,A3,False,1478.0,-0.48106475373945257,-1.045556301192189
repeated_stratified_group_kfold,1011,4,1,TCGA-A3-3323-01A,A3,False,1106.0,-0.4065457435708814,-0.2972059714932225
repeated_stratified_group_kfold,1011,4,1,TCGA-A3-3324-01A,A3,False,1186.0,-0.48106475373945257,-1.2213578579477953
repeated_stratified_group_kfold,1011,4,1,TCGA-A3-3325-01A,A3,True,1170.0,-0.443805248655167,-1.4437046233446413
repeated_stratified_group_kfold,1011,4,1,TCGA-A3-3326-01A,A3,False,1137.0,-0.6301027740765949,-1.5170416415175894
repeated_stratified_group_kfold,1011,4,1,TCGA-A3-3328-01A,A3,False,1385.0,0.5622013886205436,0.6798095028293691
repeated_stratified_group_kfold,1011,4,1,TCGA-A3-3329-01A,A3,False,1624.0,0.4131633682834014,-0.4672638536675692
repeated_stratified_group_kfold,1011,4,1,TCGA-A3-3331-01A,A3,False,1257.0,0.9453244902928025,0.3308261728664115
repeated_stratified_group_kfold,1011,4,1,TCGA-A3-3335-01A,A3,False,1886.0,-0.4744622603074645,-0.9761695663512269
repeated_stratified_group_kfold,1011,4,1,TCGA-A3-3343-01A,A3,False,945.0,0.9413989328953876,-0.047531074662733486
repeated_stratified_group_kfold,1011,4,1,TCGA-A3-3346-01A,A3,True,137.0,0.15234683269340232,0.7373359607171024
repeated_stratified_group_kfold,1011,4,1,TCGA-A3-3347-01A,A3,True,1610.0,1.4275918856309473,1.4458059238524947
repeated_stratified_group_kfold,1011,4,1,TCGA-A3-3349-01A,A3,False,1385.0,-0.9921697740900477,-1.5588841347537827
repeated_stratified_group_kfold,1011,4,1,TCGA-A3-3351-01A,A3,False,910.0,-0.437202755223179,-1.170869844360824
repeated_stratified_group_kfold,1011,4,1,TCGA-A3-3352-01A,A3,True,561.0,1.2307663093801162,0.5094730721733818
repeated_stratified_group_kfold,1011,4,1,TCGA-A3-3357-01A,A3,False,2688.0,0.3079873464625327,-0.08911847996480321
repeated_stratified_group_kfold,1011,4,1,TCGA-A3-3358-01A,A3,False,1307.0,-0.13520115715147935,-0.5935411548972388
repeated_stratified_group_kfold,1011,4,1,TCGA-A3-3359-01A,A3,False,2504.0,0.7962864699556602,-0.09102000098343893
repeated_stratified_group_kfold,1011,4,1,TCGA-A3-3362-01A,A3,False,1559.0,-0.0234226418986226,-0.5574596844775874
repeated_stratified_group_kfold,1011,4,1,TCGA-A3-3363-01A,A3,False,319.0,-0.1391267145488943,-0.4471561772766904
repeated_stratified_group_kfold,1011,4,1,TCGA-A3-3365-01A,A3,False,873.0,-0.6673622791608805,-1.1662587099512993
repeated_stratified_group_kfold,1011,4,1,TCGA-A3-3367-01A,A3,False,2270.0,0.3013848530305446,-0.5233797917557735
repeated_stratified_group_kfold,1011,4,1,TCGA-A3-3370-01A,A3,False,2274.0,-0.47053670291004956,-1.0378882339474118
repeated_stratified_group_kfold,1011,4,1,TCGA-A3-3372-01A,A3,False,735.0,0.8581712585372605,0.07774199987827374
repeated_stratified_group_kfold,1011,4,1,TCGA-A3-3373-01A,A3,False,1621.0,-0.24697967240433608,-1.070461424415594
repeated_stratified_group_kfold,1011,4,1,TCGA-A3-3374-01A,A3,False,1314.0,-0.3587581876571928,0.026478377130947472
repeated_stratified_group_kfold,1011,4,1,TCGA-A3-3376-01A,A3,True,1696.0,-0.48106475373945257,-1.2398111313374365
repeated_stratified_group_kfold,1011,4,1,TCGA-A3-3378-01A,A3,False,630.0,-0.14572920798088237,-0.25107362469501093
repeated_stratified_group_kfold,1011,4,1,TCGA-A3-3380-01A,A3,False,567.0,-0.36928623848659586,-0.8104604900950843
repeated_stratified_group_kfold,1011,4,1,TCGA-A3-3382-01A,A3,False,574.0,0.18960633777768787,0.07801395642065395
repeated_stratified_group_kfold,1011,4,1,TCGA-A3-3383-01A,A3,False,861.0,-0.443805248655167,-1.2408487672909008
repeated_stratified_group_kfold,1011,4,1,TCGA-A3-3385-01A,A3,False,1993.0,-0.5450557130786208,-1.3240047179645722
repeated_stratified_group_kfold,1011,4,1,TCGA-A3-3387-01A,A3,False,617.0,-0.5555837639080238,-1.1328416855158356
repeated_stratified_group_kfold,1011,4,1,TCGA-A3-A6NI-01A,A3,False,1018.0,-0.6301027740765949,-1.224777581057459
repeated_stratified_group_kfold,1011,4,1,TCGA-A3-A6NJ-01A,A3,False,468.0,-0.13520115715147935,-0.982884312335679
repeated_stratified_group_kfold,1011,4,1,TCGA-A3-A6NL-01A,A3,False,689.0,-0.433277197825764,-1.1572463070243826
repeated_stratified_group_kfold,1011,4,1,TCGA-A3-A6NN-01A,A3,False,3.0,0.5249418835362581,-0.1627633966722964
repeated_stratified_group_kfold,1011,4,1,TCGA-A3-A8CQ-01A,A3,False,3.0,-0.06068214698290818,-0.9225481174894146
repeated_stratified_group_kfold,1011,4,1,TCGA-A3-A8OV-01A,A3,False,340.0,0.4131633682834014,-0.2436179613100061
repeated_stratified_group_kfold,1011,4,1,TCGA-A3-A8OW-01A,A3,False,323.0,-0.1478353787384501,-1.4202938048938687
repeated_stratified_group_kfold,1011,4,1,TCGA-AS-3777-01A,AS,False,1238.0,-0.03395069272802563,0.21772704680298355
repeated_stratified_group_kfold,1011,4,1,TCGA-AS-3778-01A,AS,False,43.0,-1.077216835088022,-1.613689024886469
repeated_stratified_group_kfold,1011,4,1,TCGA-CW-5580-01A,CW,True,1964.0,2.407856062936978,1.6851032407080309
repeated_stratified_group_kfold,1011,4,1,TCGA-CW-5581-01A,CW,False,2799.0,-0.7418812893294516,-1.6192866829910164
repeated_stratified_group_kfold,1011,4,1,TCGA-CW-5583-01A,CW,False,2489.0,-0.3587581876571928,-1.1688131525856285
repeated_stratified_group_kfold,1011,4,1,TCGA-CW-5584-01A,CW,True,164.0,1.2307663093801162,0.054986911458063614
repeated_stratified_group_kfold,1011,4,1,TCGA-CW-5585-01A,CW,False,2609.0,1.4658403850004358,0.07872478307130054
repeated_stratified_group_kfold,1011,4,1,TCGA-CW-5587-01A,CW,False,2226.0,0.9059588144509492,-0.13606267409570483
repeated_stratified_group_kfold,1011,4,1,TCGA-CW-5588-01A,CW,False,2017.0,0.6472484496185179,0.4673005299372763
repeated_stratified_group_kfold,1011,4,1,TCGA-CW-5589-01A,CW,False,2378.0,-0.443805248655167,-1.308105717590976
repeated_stratified_group_kfold,1011,4,1,TCGA-CW-5590-01A,CW,True,1075.0,1.4658403850004358,0.5120915354486897
repeated_stratified_group_kfold,1011,4,1,TCGA-CW-5591-01A,CW,False,2271.0,1.6521379104218636,1.0632614342873496
repeated_stratified_group_kfold,1011,4,1,TCGA-CW-6087-01A,CW,True,41.0,1.8384354358432915,2.4455562802955106
repeated_stratified_group_kfold,1011,4,1,TCGA-CW-6088-01A,CW,False,3222.0,-0.14572920798088237,-1.1828379415178523
repeated_stratified_group_kfold,1011,4,1,TCGA-CW-6090-01A,CW,False,2552.0,0.15234683269340232,0.04891027295872946
repeated_stratified_group_kfold,1011,4,1,TCGA-CW-6093-01A,CW,False,3146.0,0.3386443581148301,-0.5192045335917874
repeated_stratified_group_kfold,1011,4,1,TCGA-CW-6097-01A,CW,True,571.0,-0.3341329041598782,-0.6392591917795156
repeated_stratified_group_kfold,1011,4,1,TCGA-EU-5904-01A,EU,False,551.0,-0.5077962079943351,-1.5096554086021488
repeated_stratified_group_kfold,1011,4,1,TCGA-EU-5905-01A,EU,False,119.0,0.23739389369137645,0.18026260651760223
repeated_stratified_group_kfold,1011,4,1,TCGA-EU-5906-01A,EU,False,206.0,-0.33202673340231026,-1.4670034033157868
repeated_stratified_group_kfold,1011,4,1,TCGA-EU-5907-01A,EU,False,127.0,1.4915828449701154,0.7319907187664694
repeated_stratified_group_kfold,1011,4,1,TCGA-G6-A5PC-01A,G6,True,242.0,1.6999254663355523,0.771069923667258
repeated_stratified_group_kfold,1011,4,1,TCGA-G6-A8L6-01A,G6,True,313.0,1.6148784053375782,0.8837983174337805
repeated_stratified_group_kfold,1011,4,1,TCGA-G6-A8L7-01A,G6,False,2133.0,0.7590269648713746,1.3435566109790245
repeated_stratified_group_kfold,1011,4,1,TCGA-G6-A8L8-01A,G6,True,1091.0,0.05109636826994856,-0.8562475866288146
repeated_stratified_group_kfold,1011,4,1,TCGA-GK-A6C7-01A,GK,False,61.0,0.5727294394499467,-0.008517483080250743
repeated_stratified_group_kfold,1011,4,1,TCGA-MM-A563-01A,MM,False,591.0,1.7435877487092641,-0.39175472542015116
repeated_stratified_group_kfold,1011,4,1,TCGA-MM-A564-01A,MM,False,607.0,0.5315443769682462,0.2505705400970238
repeated_stratified_group_kfold,1011,4,1,TCGA-MM-A84U-01A,MM,False,700.0,-0.09794165206719375,0.06573814192579314
repeated_stratified_group_kfold,1011,4,1,TCGA-MW-A4EC-01A,MW,False,498.0,0.42369141911280433,-0.2778808459335934
repeated_stratified_group_kfold,1011,4,1,TCGA-T7-A92I-01A,T7,False,356.0,-0.5077962079943351,-0.4668178635022755
repeated_stratified_group_kfold,1011,4,2,TCGA-B0-4688-01A,B0,True,101.0,1.2695428710440855,1.8237181589216969
repeated_stratified_group_kfold,1011,4,2,TCGA-B0-4690-01A,B0,True,43.0,1.846141980589853,2.1773001834444408
repeated_stratified_group_kfold,1011,4,2,TCGA-B0-4691-01A,B0,True,139.0,1.542668765039449,1.4552713182861639
repeated_stratified_group_kfold,1011,4,2,TCGA-B0-4693-01A,B0,True,77.0,1.1158421219589247,0.601056475390677
repeated_stratified_group_kfold,1011,4,2,TCGA-B0-4694-01A,B0,True,106.0,0.843399837693136,0.7353439377177556
repeated_stratified_group_kfold,1011,4,2,TCGA-B0-4696-01A,B0,True,866.0,0.41853733592257053,0.6287557391486637
repeated_stratified_group_kfold,1011,4,2,TCGA-B0-4697-01A,B0,True,578.0,1.5419851553098742,1.7734257074382584
repeated_stratified_group_kfold,1011,4,2,TCGA-B0-4698-01A,B0,True,42.0,2.1496151961402568,2.4356810813756065
repeated_stratified_group_kfold,1011,4,2,TCGA-B0-4699-01A,B0,True,110.0,2.1192678745852165,2.484182203732839
repeated_stratified_group_kfold,1011,4,2,TCGA-B0-4700-01A,B0,True,1980.0,1.6944053728146509,1.535821496037614
repeated_stratified_group_kfold,1011,4,2,TCGA-B0-4701-01A,B0,True,238.0,2.148931586410682,1.7837377296174022
repeated_stratified_group_kfold,1011,4,2,TCGA-B0-4703-01A,B0,True,182.0,1.4212794788192875,1.812641641604311
repeated_stratified_group_kfold,1011,4,2,TCGA-B0-4706-01A,B0,True,65.0,0.5095793005876917,0.42496604716739705
repeated_stratified_group_kfold,1011,4,2,TCGA-B0-4707-01A,B0,True,600.0,0.5702739436977725,0.7383013110219784
repeated_stratified_group_kfold,1011,4,2,TCGA-B0-4710-01A,B0,False,1755.0,1.2068840866240458,0.7175577668395136
repeated_stratified_group_kfold,1011,4,2,TCGA-B0-4712-01A,B0,True,1337.0,2.179962517695297,2.2015405424129497
repeated_stratified_group_kfold,1011,4,2,TCGA-B0-4713-01A,B0,True,202.0,1.2372314081790863,0.7912823288789064
repeated_stratified_group_kfold,1011,4,2,TCGA-B0-4714-01A,B0,True,99.0,2.3316991254704993,1.8153489693212348
repeated_stratified_group_kfold,1011,4,2,TCGA-B0-4718-01A,B0,False,1778.0,0.3881900143675301,0.08530122627246989
repeated_stratified_group_kfold,1011,4,2,TCGA-B0-4810-01A,B0,True,478.0,0.08471679881712624,0.17865782044414236
repeated_stratified_group_kfold,1011,4,2,TCGA-B0-4811-01A,B0,True,1417.0,0.11506412037216657,-0.20274080374308412
repeated_stratified_group_kfold,1011,4,2,TCGA-B0-4813-01A,B0,True,18.0,0.7220105514729744,1.1055429607467786
repeated_stratified_group_kfold,1011,4,2,TCGA-B0-4814-01A,B0,True,168.0,1.63371072970457,1.1165861864505204
repeated_stratified_group_kfold,1011,4,2,TCGA-B0-4815-01A,B0,True,1588.0,0.6309685868078533,0.6595674653416399
repeated_stratified_group_kfold,1011,4,2,TCGA-B0-4816-01A,B0,True,1371.0,-0.4071688599192008,-0.6200349609875646
repeated_stratified_group_kfold,1011,4,2,TCGA-B0-4817-01A,B0,True,1019.0,1.1165257316884996,1.1477540461885327
repeated_stratified_group_kfold,1011,4,2,TCGA-B0-4818-01A,B0,True,510.0,0.44187253389235537,-0.12568905021910004
repeated_stratified_group_kfold,1011,4,2,TCGA-B0-4819-01A,B0,True,183.0,1.9668476570804396,1.9442797920981711
repeated_stratified_group_kfold,1011,4,2,TCGA-B0-4821-01A,B0,True,1230.0,0.9944528357387632,1.0118673603969228
repeated_stratified_group_kfold,1011,4,2,TCGA-B0-4822-01A,B0,True,1111.0,0.47290346517697074,0.3900814432339679
repeated_stratified_group_kfold,1011,4,2,TCGA-B0-4823-01A,B0,True,454.0,0.5863722552000403,0.3349361954742036
repeated_stratified_group_kfold,1011,4,2,TCGA-B0-4824-01A,B0,True,1657.0,-0.32473100118074627,-0.8118474187113146
repeated_stratified_group_kfold,1011,4,2,TCGA-B0-4827-01A,B0,True,885.0,1.2675787297341268,1.2621388589103737
repeated_stratified_group_kfold,1011,4,2,TCGA-B0-4828-01A,B0,True,307.0,2.2710044823604183,1.8619257930382667
repeated_stratified_group_kfold,1011,4,2,TCGA-B0-4833-01A,B0,True,2386.0,0.6767306101355867,0.23050379624432016
repeated_stratified_group_kfold,1011,4,2,TCGA-B0-4834-01A,B0,True,2090.0,-0.597173285446535,-0.41634303152551455
repeated_stratified_group_kfold,1011,4,2,TCGA-B0-4836-01A,B0,True,1238.0,1.7247526943696914,1.7897726233384061
repeated_stratified_group_kfold,1011,4,2,TCGA-B0-4837-01A,B0,True,1378.0,-0.17231078367596944,0.2633901720512025
repeated_stratified_group_kfold,1011,4,2,TCGA-B0-4838-01A,B0,True,834.0,0.28221542992006166,-0.16826024065109293
repeated_stratified_group_kfold,1011,4,2,TCGA-B0-4839-01A,B0,True,1639.0,0.616035967025506,0.42257146074107765
repeated_stratified_group_kfold,1011,4,2,TCGA-B0-4841-01A,B0,True,204.0,1.7854473374797721,1.4188863300009005
repeated_stratified_group_kfold,1011,4,2,TCGA-B0-4842-01A,B0,True,1724.0,1.1461894435139652,1.0220307320372997
repeated_stratified_group_kfold,1011,4,2,TCGA-B0-4843-01A,B0,True,320.0,0.3881900143675301,0.190104011584318
repeated_stratified_group_kfold,1011,4,2,TCGA-B0-4844-01A,B0,True,313.0,1.6944053728146509,1.420772789191937
repeated_stratified_group_kfold,1011,4,2,TCGA-B0-4845-01A,B0,True,1986.0,1.997878588365055,1.465678513002627
repeated_stratified_group_kfold,1011,4,2,TCGA-B0-4846-01A,B0,True,1200.0,1.4516268003743278,0.9552247673385759
repeated_stratified_group_kfold,1011,4,2,TCGA-B0-4847-01A,B0,True,793.0,1.6944053728146509,1.2535682347531008
repeated_stratified_group_kfold,1011,4,2,TCGA-B0-4848-01A,B0,True,883.0,0.29714804970240893,0.060279817895081245
repeated_stratified_group_kfold,1011,4,2,TCGA-B0-4849-01A,B0,True,69.0,0.20610608503728778,-0.3348387274957175
repeated_stratified_group_kfold,1011,4,2,TCGA-B0-4852-01A,B0,True,1121.0,0.7453457494427594,0.18883280980804384
repeated_stratified_group_kfold,1011,4,2,TCGA-B0-4945-01A,B0,True,2145.0,0.46429935925030397,0.18862556073885517
repeated_stratified_group_kfold,1011,4,2,TCGA-B0-5075-01A,B0,True,637.0,1.2675787297341268,0.732540358300638
repeated_stratified_group_kfold,1011,4,2,TCGA-B0-5077-01A,B0,True,1317.0,0.25255171809459603,-0.1442894763134463
repeated_stratified_group_kfold,1011,4,2,TCGA-B0-5080-01A,B0,True,342.0,1.7854473374797721,1.9770577350051697
repeated_stratified_group_kfold,1011,4,2,TCGA-B0-5081-01A,B0,True,362.0,1.3282733728442073,1.1119754301671365
repeated_stratified_group_kfold,1011,4,2,TCGA-B0-5083-01A,B0,True,1045.0,-0.17231078367596944,-0.2480393615615217
repeated_stratified_group_kfold,1011,4,2,TCGA-B0-5084-01A,B0,True,222.0,0.8750276908285604,1.3816972343267888
repeated_stratified_group_kfold,1011,4,2,TCGA-B0-5085-01A,B0,True,770.0,1.2372314081790863,0.5780210992924725
repeated_stratified_group_kfold,1011,4,2,TCGA-B0-5088-01A,B0,True,563.0,-0.4757839992263734,-0.678048230913087
repeated_stratified_group_kfold,1011,4,2,TCGA-B0-5092-01A,B0,True,459.0,1.7544164061951568,1.6509889460781202
repeated_stratified_group_kfold,1011,4,2,TCGA-B0-5094-01A,B0,True,333.0,1.7551000159247316,1.8030674900146006
repeated_stratified_group_kfold,1011,4,2,TCGA-B0-5095-01A,B0,True,245.0,1.1165257316884996,0.9166251689443541
repeated_stratified_group_kfold,1011,4,2,TCGA-B0-5096-01A,B0,True,68.0,1.1158421219589247,1.612770394498861
repeated_stratified_group_kfold,1011,4,2,TCGA-B0-5097-01A,B0,False,665.0,0.7213269417433996,0.5934532310872752
repeated_stratified_group_kfold,1011,4,2,TCGA-B0-5098-01A,B0,True,1584.0,-0.20334171496058467,0.2914445854025143
repeated_stratified_group_kfold,1011,4,2,TCGA-B0-5099-01A,B0,True,485.0,1.601399266839571,1.0255763543413252
repeated_stratified_group_kfold,1011,4,2,TCGA-B0-5100-01A,B0,True,1913.0,0.843399837693136,1.026975295361579
repeated_stratified_group_kfold,1011,4,2,TCGA-B0-5102-01A,B0,True,2764.0,0.43395203769526364,0.24115776427985608
repeated_stratified_group_kfold,1011,4,2,TCGA-B0-5106-01A,B0,True,1598.0,-0.14196346212092906,-0.08757166111950054
repeated_stratified_group_kfold,1011,4,2,TCGA-B0-5107-01A,B0,True,927.0,2.1185842648556417,1.9097663126234552
repeated_stratified_group_kfold,1011,4,2,TCGA-B0-5108-01A,B0,False,1782.0,0.29714804970240893,0.1774189580063978
repeated_stratified_group_kfold,1011,4,2,TCGA-B0-5109-01A,B0,True,587.0,0.7523578730280149,0.9240023049975885
repeated_stratified_group_kfold,1011,4,2,TCGA-B0-5110-01A,B0,False,2009.0,0.3429100730301424,-0.21844167276498425
repeated_stratified_group_kfold,1011,4,2,TCGA-B0-5113-01A,B0,False,1175.0,1.0248001572938037,0.6064251502507789
repeated_stratified_group_kfold,1011,4,2,TCGA-B0-5115-01A,B0,False,1604.0,1.1785009063789642,0.726381671623479
repeated_stratified_group_kfold,1011,4,2,TCGA-B0-5116-01A,B0,False,1274.0,0.23645340659232816,-0.2242911624227438
repeated_stratified_group_kfold,1011,4,2,TCGA-B0-5117-01A,B0,False,1608.0,-0.8702991794418986,-0.7537246008996688
repeated_stratified_group_kfold,1011,4,2,TCGA-B0-5119-01A,B0,False,1552.0,0.03943685747973847,-0.571293244862357
repeated_stratified_group_kfold,1011,4,2,TCGA-B0-5120-01A,B0,False,1169.0,0.3732573945851828,0.25861153769032447
repeated_stratified_group_kfold,1011,4,2,TCGA-B0-5121-01A,B0,False,1485.0,-0.3847420345612522,-0.8739345127205247
repeated_stratified_group_kfold,1011,4,2,TCGA-B0-5399-01A,B0,False,1411.0,-0.6882152501116561,-1.0498064518395263
repeated_stratified_group_kfold,1011,4,2,TCGA-B0-5400-01A,B0,False,1733.0,0.7213269417433996,0.6133404831160337
repeated_stratified_group_kfold,1011,4,2,TCGA-B0-5402-01A,B0,False,1290.0,1.8157946590348124,1.0268881881222025
repeated_stratified_group_kfold,1011,4,2,TCGA-B0-5690-01A,B0,False,3392.0,-0.20334171496058467,-0.6575962905944748
repeated_stratified_group_kfold,1011,4,2,TCGA-B0-5691-01A,B0,False,3431.0,0.19117346525494042,-0.0717681301245319
repeated_stratified_group_kfold,1011,4,2,TCGA-B0-5692-01A,B0,False,3944.0,0.9337581926286823,0.41544508368345856
repeated_stratified_group_kfold,1011,4,2,TCGA-B0-5693-01A,B0,False,4074.0,-0.385425644290827,-0.7744874984731022
repeated_stratified_group_kfold,1011,4,2,TCGA-B0-5694-01A,B0,True,480.0,0.8130525161380957,0.3611100946964958
repeated_stratified_group_kfold,1011,4,2,TCGA-B0-5695-01A,B0,False,2150.0,0.03943685747973847,-0.17834116192853383
repeated_stratified_group_kfold,1011,4,2,TCGA-B0-5696-01A,B0,False,2609.0,0.7523578730280149,0.38625648894188713
repeated_stratified_group_kfold,1011,4,2,TCGA-B0-5697-01A,B0,False,2630.0,-0.5668259638914945,-0.5890130370061356
repeated_stratified_group_kfold,1011,4,2,TCGA-B0-5698-01A,B0,False,3631.0,0.25255171809459603,-0.3542198544621775
repeated_stratified_group_kfold,1011,4,2,TCGA-B0-5699-01A,B0,False,3841.0,-0.4757839992263734,-1.1461785395136408
repeated_stratified_group_kfold,1011,4,2,TCGA-B0-5700-01A,B0,False,1790.0,0.25255171809459603,-0.2381074623844932
repeated_stratified_group_kfold,1011,4,2,TCGA-B0-5701-01A,B0,False,2461.0,0.6309685868078533,0.5961423159036745
repeated_stratified_group_kfold,1011,4,2,TCGA-B0-5702-01A,B0,False,2172.0,0.07046778876435372,0.05292151050375227
repeated_stratified_group_kfold,1011,4,2,TCGA-B0-5703-01A,B0,False,2246.0,0.1311624318744345,-0.35182945664460896
repeated_stratified_group_kfold,1011,4,2,TCGA-B0-5705-01A,B0,False,4537.0,0.16082614369990006,-0.36064622287718706
repeated_stratified_group_kfold,1011,4,2,TCGA-B0-5706-01A,B0,False,3205.0,-0.5285581461393623,-0.36808199678319015
repeated_stratified_group_kfold,1011,4,2,TCGA-B0-5707-01A,B0,False,3744.0,-0.6282042167311501,-0.5219868925695571
repeated_stratified_group_kfold,1011,4,2,TCGA-B0-5709-01A,B0,False,3974.0,0.8123689064085208,0.49367938318179694
repeated_stratified_group_kfold,1011,4,2,TCGA-B0-5710-01A,B0,False,2430.0,-0.35439471300621184,-0.6921984855432259
repeated_stratified_group_kfold,1011,4,2,TCGA-B0-5711-01A,B0,False,3989.0,0.1757587634822474,-0.4391212306339964
repeated_stratified_group_kfold,1011,4,2,TCGA-B0-5712-01A,B0,False,2722.0,2.209626229520763,1.6481468576167058
repeated_stratified_group_kfold,1011,4,2,TCGA-B0-5713-01A,B0,False,2782.0,1.2068840866240458,0.4072173043508196
repeated_stratified_group_kfold,1011,4,2,TCGA-B0-5812-01A,B0,False,3834.0,-0.4757839992263734,-0.9032450060911541
repeated_stratified_group_kfold,1011,4,2,TCGA-B4-5377-01A,B4,False,365.0,2.209626229520763,1.578242566815639
repeated_stratified_group_kfold,1011,4,2,TCGA-B4-5378-01A,B4,False,175.0,-0.20265810523100986,-0.3063919195686695
repeated_stratified_group_kfold,1011,4,2,TCGA-B4-5832-01A,B4,False,155.0,0.6309685868078533,0.6313483737805018
repeated_stratified_group_kfold,1011,4,2,TCGA-B4-5834-01A,B4,False,38.0,-0.293700069896131,-0.7687757832875919
repeated_stratified_group_kfold,1011,4,2,TCGA-B4-5835-01A,B4,False,16.0,0.13047882214485965,-0.15823120648008632
repeated_stratified_group_kfold,1011,4,2,TCGA-B4-5836-01A,B4,False,141.0,0.03943685747973847,-0.34321059163176076
repeated_stratified_group_kfold,1011,4,2,TCGA-B4-5838-01A,B4,False,166.0,2.287177828091579,0.759604507249851
repeated_stratified_group_kfold,1011,4,2,TCGA-B4-5843-01A,B4,False,11.0,-0.7185625716666966,-1.120172259294869
repeated_stratified_group_kfold,1011,4,2,TCGA-B4-5844-01A,B4,False,7.0,0.22944128300707264,-0.460532516274735
repeated_stratified_group_kfold,1011,4,3,TCGA-AK-3425-01A,AK,False,3343.0,0.2523195599017882,-0.19085236843117032
repeated_stratified_group_kfold,1011,4,3,TCGA-AK-3426-01A,AK,True,885.0,0.1999783245427108,0.10791453356428615
repeated_stratified_group_kfold,1011,4,3,TCGA-AK-3427-01A,AK,False,3583.0,0.15639869628049524,0.2738413972178645
repeated_stratified_group_kfold,1011,4,3,TCGA-AK-3428-01A,AK,False,3728.0,0.9993188547201525,0.15017125226583883
repeated_stratified_group_kfold,1011,4,3,TCGA-AK-3429-01A,AK,False,3328.0,-0.11481570068629414,-0.8019043964041298
repeated_stratified_group_kfold,1011,4,3,TCGA-AK-3431-01A,AK,True,2241.0,0.14097326897048715,-0.4473707411938489
repeated_stratified_group_kfold,1011,4,3,TCGA-AK-3433-01A,AK,False,3409.0,-0.3066574279288802,0.0039841727936645865
repeated_stratified_group_kfold,1011,4,3,TCGA-AK-3434-01A,AK,False,2087.0,0.38021404473017884,-0.3858842078209398
repeated_stratified_group_kfold,1011,4,3,TCGA-AK-3436-01A,AK,False,3331.0,1.2108493775914717,0.6866368124147201
repeated_stratified_group_kfold,1011,4,3,TCGA-AK-3440-01A,AK,False,2865.0,-0.06741665216918842,0.1412858154814839
repeated_stratified_group_kfold,1011,4,3,TCGA-AK-3443-01A,AK,False,1423.0,-0.38465582616422717,-0.36407624745896683
repeated_stratified_group_kfold,1011,4,3,TCGA-AK-3444-01A,AK,False,1471.0,0.6180805490010142,-0.34255488518138655
repeated_stratified_group_kfold,1011,4,3,TCGA-AK-3445-01A,AK,False,2392.0,1.223134203169836,0.8418551689384081
repeated_stratified_group_kfold,1011,4,3,TCGA-AK-3447-01A,AK,False,1217.0,0.8303417797054842,0.9468980309553513
repeated_stratified_group_kfold,1011,4,3,TCGA-AK-3450-01A,AK,False,1508.0,0.7779486550365025,0.04120552060723437
repeated_stratified_group_kfold,1011,4,3,TCGA-AK-3451-01A,AK,False,2868.0,-0.2887349625429342,-1.0577286048865098
repeated_stratified_group_kfold,1011,4,3,TCGA-AK-3453-01A,AK,False,2531.0,0.013078784142096497,-0.6505696840124475
repeated_stratified_group_kfold,1011,4,3,TCGA-AK-3454-01A,AK,False,874.0,0.7638974992153509,0.7050302360351998
repeated_stratified_group_kfold,1011,4,3,TCGA-AK-3455-01A,AK,True,683.0,1.2691589801980854,0.3662117306448247
repeated_stratified_group_kfold,1011,4,3,TCGA-AK-3456-01A,AK,False,1143.0,-0.2887349625429342,-0.6519621568734892
repeated_stratified_group_kfold,1011,4,3,TCGA-AK-3458-01A,AK,False,1168.0,-0.3871528642401651,-0.9756459422213015
repeated_stratified_group_kfold,1011,4,3,TCGA-AK-3460-01A,AK,False,2508.0,-0.06741665216918842,-0.6716409305669224
repeated_stratified_group_kfold,1011,4,3,TCGA-AK-3461-01A,AK,False,2217.0,0.38021404473017884,-0.21213435586326984
repeated_stratified_group_kfold,1011,4,3,TCGA-AK-3465-01A,AK,False,369.0,0.3303179581371352,0.10990915037020865
repeated_stratified_group_kfold,1011,4,3,TCGA-B8-4143-01A,B8,True,709.0,2.0242410635900647,2.031335776559623
repeated_stratified_group_kfold,1011,4,3,TCGA-B8-4146-01B,B8,False,511.0,-0.6288906780757947,-1.439281166333727
repeated_stratified_group_kfold,1011,4,3,TCGA-B8-4148-01A,B8,False,1520.0,0.07452898848035389,-0.7362669607514623
repeated_stratified_group_kfold,1011,4,3,TCGA-B8-4151-01A,B8,False,1299.0,0.6296865560561322,-0.42995542247617047
repeated_stratified_group_kfold,1011,4,3,TCGA-B8-4153-01B,B8,False,762.0,1.3830023092053243,0.43905571147559475
repeated_stratified_group_kfold,1011,4,3,TCGA-B8-4154-01A,B8,False,1380.0,0.3942652005513305,-0.5388800643807243
repeated_stratified_group_kfold,1011,4,3,TCGA-B8-4619-01A,B8,False,523.0,-0.06741665216918842,0.20356003562615654
repeated_stratified_group_kfold,1011,4,3,TCGA-B8-4620-01A,B8,False,777.0,1.2371853589909878,0.895592480182129
repeated_stratified_group_kfold,1011,4,3,TCGA-B8-4621-01A,B8,False,788.0,0.0924514538662999,-0.2886176281082861
repeated_stratified_group_kfold,1011,4,3,TCGA-B8-4622-01A,B8,False,1525.0,1.754400938112132,0.878840862902517
repeated_stratified_group_kfold,1011,4,3,TCGA-B8-5158-01A,B8,False,1218.0,0.8074771274775665,0.08909827295918071
repeated_stratified_group_kfold,1011,4,3,TCGA-B8-5159-01A,B8,False,722.0,0.01058174606615856,-0.7995246402981799
repeated_stratified_group_kfold,1011,4,3,TCGA-B8-5162-01A,B8,False,36.0,0.15889573435643317,-0.023276465285147485
repeated_stratified_group_kfold,1011,4,3,TCGA-B8-5163-01A,B8,False,822.0,1.0133700105413042,0.6924981699561342
repeated_stratified_group_kfold,1011,4,3,TCGA-B8-5164-01A,B8,False,26.0,1.0952397183414455,0.17272777738368295
repeated_stratified_group_kfold,1011,4,3,TCGA-B8-5165-01A,B8,False,737.0,-0.5470209702756534,-1.3373619228306164
repeated_stratified_group_kfold,1011,4,3,TCGA-B8-5545-01A,B8,False,1525.0,-0.5789945914827511,-1.1587539004013636
repeated_stratified_group_kfold,1011,4,3,TCGA-B8-5546-01A,B8,False,505.0,-0.7248115416970877,-0.8771693748744445
repeated_stratified_group_kfold,1011,4,3,TCGA-B8-5549-01A,B8,False,194.0,-0.22728475820467675,-0.8500628236686008
repeated_stratified_group_kfold,1011,4,3,TCGA-B8-5550-01A,B8,False,1476.0,1.2870814455840314,0.9260144933074411
repeated_stratified_group_kfold,1011,4,3,TCGA-B8-5551-01A,B8,False,16.0,0.13847623089454922,0.1235663551761439
repeated_stratified_group_kfold,1011,4,3,TCGA-B8-5552-01B,B8,False,1046.0,-0.6288906780757947,-1.3269334117075458
repeated_stratified_group_kfold,1011,4,3,TCGA-B8-5553-01A,B8,False,435.0,0.20242347330874452,-0.6040252851561532
repeated_stratified_group_kfold,1011,4,3,TCGA-B8-A54D-01A,B8,False,830.0,1.223134203169836,0.5262414378760628
repeated_stratified_group_kfold,1011,4,3,TCGA-B8-A54E-01A,B8,False,909.0,0.04255536727325623,-0.10547326375680777
repeated_stratified_group_kfold,1011,4,3,TCGA-B8-A54F-01A,B8,False,519.0,-0.3731017084190134,-0.7112502089131959
repeated_stratified_group_kfold,1011,4,3,TCGA-B8-A54G-01A,B8,False,53.0,-0.32320562182596974,-1.0145419816272154
repeated_stratified_group_kfold,1011,4,3,TCGA-B8-A54H-01A,B8,False,256.0,0.36478861742017077,-0.37059139718686424
repeated_stratified_group_kfold,1011,4,3,TCGA-B8-A54I-01A,B8,False,150.0,-0.3871528642401651,-0.6741565680927478
repeated_stratified_group_kfold,1011,4,3,TCGA-B8-A54J-01A,B8,False,528.0,0.09494849194223783,-0.8198775948942815
repeated_stratified_group_kfold,1011,4,3,TCGA-B8-A54K-01A,B8,False,469.0,0.02850421145210457,-0.14103009169005015
repeated_stratified_group_kfold,1011,4,3,TCGA-B8-A7U6-01A,B8,False,495.0,-0.21323360238352507,-0.9156384475431342
repeated_stratified_group_kfold,1011,4,3,TCGA-B8-A8YJ-01A,B8,False,431.0,-0.021391875140939105,-0.3016587971518617
repeated_stratified_group_kfold,1011,4,3,TCGA-CZ-4853-01A,CZ,False,774.0,0.6999502568011554,-0.28040569897546164
repeated_stratified_group_kfold,1011,4,3,TCGA-CZ-4854-01A,CZ,True,1404.0,0.2523195599017882,-0.04070314188993779
repeated_stratified_group_kfold,1011,4,3,TCGA-CZ-4856-01A,CZ,False,18.0,0.04255536727325623,-0.7899190872148258
repeated_stratified_group_kfold,1011,4,3,TCGA-CZ-4857-01A,CZ,True,1432.0,1.7224273169050344,1.235576533539375
repeated_stratified_group_kfold,1011,4,3,TCGA-CZ-4858-01A,CZ,True,2105.0,-0.5764975534068131,-0.11132055896374587
repeated_stratified_group_kfold,1011,4,3,TCGA-CZ-4859-01A,CZ,False,1787.0,-0.05336549634803677,-1.1052324254862675
repeated_stratified_group_kfold,1011,4,3,TCGA-CZ-4860-01A,CZ,True,206.0,1.850321801733425,1.777455278678639
repeated_stratified_group_kfold,1011,4,3,TCGA-CZ-4861-01A,CZ,True,446.0,0.1908693555635308,-0.3730062971361837
repeated_stratified_group_kfold,1011,4,3,TCGA-CZ-4862-01A,CZ,False,3271.0,-0.4511001066543604,-0.9055603797021872
repeated_stratified_group_kfold,1011,4,3,TCGA-CZ-4863-01A,CZ,False,1928.0,0.6296865560561322,-0.21984380520750058
repeated_stratified_group_kfold,1011,4,3,TCGA-CZ-4864-01A,CZ,True,1315.0,0.9262626433267771,0.1303681682212775
repeated_stratified_group_kfold,1011,4,3,TCGA-CZ-4865-01A,CZ,True,166.0,0.29834433693003753,-0.3452815534924937
repeated_stratified_group_kfold,1011,4,3,TCGA-CZ-4866-01A,CZ,False,3267.0,0.5861069277939165,0.039943474120919364
repeated_stratified_group_kfold,1011,4,3,TCGA-CZ-5451-01A,CZ,False,1929.0,0.5425791888416052,-0.43700003336263016
repeated_stratified_group_kfold,1011,4,3,TCGA-CZ-5452-01A,CZ,False,1789.0,0.38271108280611676,-0.3145387385504013
repeated_stratified_group_kfold,1011,4,3,TCGA-CZ-5453-01A,CZ,True,2419.0,0.31876384039192146,-0.480828610771736
repeated_stratified_group_kfold,1011,4,3,TCGA-CZ-5454-01A,CZ,True,722.0,1.946242665354718,1.0506779024805137
repeated_stratified_group_kfold,1011,4,3,TCGA-CZ-5455-01A,CZ,True,561.0,1.946242665354718,1.054668434856823
repeated_stratified_group_kfold,1011,4,3,TCGA-CZ-5456-01A,CZ,False,2422.0,-0.0009723716790551451,-0.5264456601138175
repeated_stratified_group_kfold,1011,4,3,TCGA-CZ-5457-01A,CZ,False,2754.0,0.9993188547201525,0.18656219521201578
repeated_stratified_group_kfold,1011,4,3,TCGA-CZ-5458-01A,CZ,False,2789.0,0.3918200517852968,-0.5614006422748239
repeated_stratified_group_kfold,1011,4,3,TCGA-CZ-5459-01A,CZ,False,1683.0,1.0312924759272502,0.38378890532608
repeated_stratified_group_kfold,1011,4,3,TCGA-CZ-5460-01A,CZ,False,2873.0,1.6904536956979368,0.8823087120603069
repeated_stratified_group_kfold,1011,4,3,TCGA-CZ-5461-01A,CZ,True,330.0,1.5945328320766436,0.7624447964648814
repeated_stratified_group_kfold,1011,4,3,TCGA-CZ-5462-01A,CZ,True,311.0,2.5857150894966714,1.9533981649542245
repeated_stratified_group_kfold,1011,4,3,TCGA-CZ-5463-01A,CZ,False,662.0,0.6065264312558004,-0.39694659457654047
repeated_stratified_group_kfold,1011,4,3,TCGA-CZ-5464-01A,CZ,False,2128.0,2.138084392597304,1.4692541391177327
repeated_stratified_group_kfold,1011,4,3,TCGA-CZ-5465-01A,CZ,True,2564.0,1.4290270862335737,0.49190180400560024
repeated_stratified_group_kfold,1011,4,3,TCGA-CZ-5466-01A,CZ,False,685.0,1.1591869607556406,0.3169318232521091
repeated_stratified_group_kfold,1011,4,3,TCGA-CZ-5467-01A,CZ,True,73.0,1.7487632983045502,1.2360808481358116
repeated_stratified_group_kfold,1011,4,3,TCGA-CZ-5468-01A,CZ,True,59.0,2.617688710703769,2.517075318088328
repeated_stratified_group_kfold,1011,4,3,TCGA-CZ-5469-01A,CZ,True,946.0,-0.5125503109926177,-0.6043402378525891
repeated_stratified_group_kfold,1011,4,3,TCGA-CZ-5470-01A,CZ,False,386.0,0.46070948104146375,-0.4579136133735262
repeated_stratified_group_kfold,1011,4,3,TCGA-CZ-5982-01A,CZ,False,2439.0,-0.05336549634803677,-0.9896728911908157
repeated_stratified_group_kfold,1011,4,3,TCGA-CZ-5984-01A,CZ,False,2067.0,-0.29123200061887206,-0.833772802165595
repeated_stratified_group_kfold,1011,4,3,TCGA-CZ-5985-01A,CZ,False,1997.0,0.031001249528042507,-0.6787683452584419
repeated_stratified_group_kfold,1011,4,3,TCGA-CZ-5986-01A,CZ,False,373.0,0.02850421145210457,-0.7565887063815411
repeated_stratified_group_kfold,1011,4,3,TCGA-CZ-5987-01A,CZ,True,445.0,1.850321801733425,1.187670581705817
repeated_stratified_group_kfold,1011,4,3,TCGA-CZ-5988-01A,CZ,False,693.0,-0.7068890763111417,-1.2429913772230972
repeated_stratified_group_kfold,1011,4,3,TCGA-CZ-5989-01A,CZ,False,1905.0,0.09494849194223783,-0.7842523735294695
repeated_stratified_group_kfold,1011,4,3,TCGA-DV-5565-01A,DV,False,1329.0,-0.03544303096209076,-0.6120994684650742
repeated_stratified_group_kfold,1011,4,3,TCGA-DV-5566-01A,DV,False,1398.0,0.20242347330874452,-0.5884055741465648
repeated_stratified_group_kfold,1011,4,3,TCGA-DV-5567-01A,DV,False,2004.0,-0.6608642992828924,-1.0511974386815837
repeated_stratified_group_kfold,1011,4,3,TCGA-DV-5568-01A,DV,False,370.0,-1.0905725307963137,-1.5670848619126527
repeated_stratified_group_kfold,1011,4,3,TCGA-DV-5569-01A,DV,False,355.0,-1.0125741325609667,-1.619873645662416
repeated_stratified_group_kfold,1011,4,3,TCGA-DV-5573-01A,DV,False,1130.0,-0.6109682126898487,-1.1859663661466717
repeated_stratified_group_kfold,1011,4,3,TCGA-DV-5574-01A,DV,False,2016.0,-0.7388626975182394,-1.119877066484064
repeated_stratified_group_kfold,1011,4,3,TCGA-DV-5575-01A,DV,False,1729.0,-0.2771808447977204,-1.0117388111205594
repeated_stratified_group_kfold,1011,4,3,TCGA-DV-5576-01A,DV,True,727.0,-0.18125998117642741,-0.5229131443895579
repeated_stratified_group_kfold,1011,4,3,TCGA-DV-A4VX-01A,DV,True,1626.0,1.8183481805263273,1.2612810798603706
repeated_stratified_group_kfold,1011,4,3,TCGA-DV-A4VZ-01A,DV,False,365.0,-0.22728475820467675,-0.39559901201826475
repeated_stratified_group_kfold,1011,4,3,TCGA-DV-A4W0-01A,DV,False,2470.0,-0.1633375157904814,-1.0175313782157918
repeated_stratified_group_kfold,1011,4,4,TCGA-B2-3923-01A,B2,False,992.0,0.4825205966629962,0.07014313221906987
repeated_stratified_group_kfold,1011,4,4,TCGA-B2-3924-01A,B2,False,1092.0,0.5158047279854959,-0.5062675456451969
repeated_stratified_group_kfold,1011,4,4,TCGA-B2-4098-01A,B2,True,51.0,0.4587018069991723,0.24156477886938021
repeated_stratified_group_kfold,1011,4,4,TCGA-B2-4099-01A,B2,False,972.0,0.9151409299591243,-0.23597611194019058
repeated_stratified_group_kfold,1011,4,4,TCGA-B2-4101-01A,B2,False,648.0,0.2029852552814563,-0.6025930480170247
repeated_stratified_group_kfold,1011,4,4,TCGA-B2-4102-01A,B2,False,952.0,0.03660128561714196,-0.7934019129763852
repeated_stratified_group_kfold,1011,4,4,TCGA-B2-5633-01A,B2,False,963.0,-0.16306681536967219,-0.6350183764100873
repeated_stratified_group_kfold,1011,4,4,TCGA-B2-5635-01A,B2,False,755.0,0.5557383481828588,0.1769321748027105
repeated_stratified_group_kfold,1011,4,4,TCGA-B2-5636-01A,B2,False,919.0,0.7554064491696729,0.5036894102808315
repeated_stratified_group_kfold,1011,4,4,TCGA-B2-5639-01A,B2,True,1003.0,1.5718033463307814,0.5439169564252547
repeated_stratified_group_kfold,1011,4,4,TCGA-B2-5641-01A,B2,False,656.0,0.7554064491696729,0.2661318321347633
repeated_stratified_group_kfold,1011,4,4,TCGA-B2-A4SR-01A,B2,False,507.0,0.5623878370577218,-0.46208930950519406
repeated_stratified_group_kfold,1011,4,4,TCGA-CJ-4634-01A,CJ,False,3498.0,-0.02050163536918169,-0.8809763687742419
repeated_stratified_group_kfold,1011,4,4,TCGA-CJ-4635-01A,CJ,False,1416.0,-0.48253577694857486,-1.023395487281258
repeated_stratified_group_kfold,1011,4,4,TCGA-CJ-4636-01A,CJ,False,1924.0,0.751799976981161,0.37314573184849575
repeated_stratified_group_kfold,1011,4,4,TCGA-CJ-4637-01A,CJ,True,2227.0,1.7942357667259974,1.785838193020814
repeated_stratified_group_kfold,1011,4,4,TCGA-CJ-4638-01A,CJ,True,431.0,1.5546340455418206,1.0571038744177428
repeated_stratified_group_kfold,1011,4,4,TCGA-CJ-4639-01A,CJ,False,3229.0,0.066015093900407,-1.014160918300383
repeated_stratified_group_kfold,1011,4,4,TCGA-CJ-4640-01A,CJ,False,3480.0,0.6719327365864354,-0.2911931061410149
repeated_stratified_group_kfold,1011,4,4,TCGA-CJ-4641-01A,CJ,True,1661.0,1.914036627318086,1.5250118965786994
repeated_stratified_group_kfold,1011,4,4,TCGA-CJ-4642-01B,CJ,False,3205.0,0.003317154294642164,-0.46458870390280177
repeated_stratified_group_kfold,1011,4,4,TCGA-CJ-4643-01A,CJ,False,1793.0,0.7848202574529379,-0.08222641293605026
repeated_stratified_group_kfold,1011,4,4,TCGA-CJ-4644-01A,CJ,True,336.0,1.6345012859365462,0.7855672985024448
repeated_stratified_group_kfold,1011,4,4,TCGA-CJ-4868-01A,CJ,True,646.0,1.41206886554133,1.5108218610686572
repeated_stratified_group_kfold,1011,4,4,TCGA-CJ-4869-01A,CJ,False,2554.0,0.6719327365864354,-0.1817481358794607
repeated_stratified_group_kfold,1011,4,4,TCGA-CJ-4870-01A,CJ,False,1498.0,1.01416601757374,-0.06487714445485737
repeated_stratified_group_kfold,1011,4,4,TCGA-CJ-4871-01A,CJ,False,2423.0,2.2506748896859494,1.7033182586923457
repeated_stratified_group_kfold,1011,4,4,TCGA-CJ-4872-01A,CJ,False,1435.0,-0.36273491635648636,-0.9008974912051262
repeated_stratified_group_kfold,1011,4,4,TCGA-CJ-4873-01A,CJ,False,1776.0,2.092373762902536,1.9602509821869702
repeated_stratified_group_kfold,1011,4,4,TCGA-CJ-4874-01A,CJ,False,2283.0,0.4986354271965351,-0.6677833958276647
repeated_stratified_group_kfold,1011,4,4,TCGA-CJ-4875-01A,CJ,True,3554.0,2.4104093704754006,1.8378823627071674
repeated_stratified_group_kfold,1011,4,4,TCGA-CJ-4876-01A,CJ,False,1955.0,0.4026533562682705,-0.6558864308068385
repeated_stratified_group_kfold,1011,4,4,TCGA-CJ-4878-01A,CJ,False,2186.0,1.5333030801394567,0.7991911133136148
repeated_stratified_group_kfold,1011,4,4,TCGA-CJ-4881-01A,CJ,False,2014.0,0.3524637750075327,0.20516220465917578
repeated_stratified_group_kfold,1011,4,4,TCGA-CJ-4882-01A,CJ,False,1883.0,0.991401698165338,0.781842390108506
repeated_stratified_group_kfold,1011,4,4,TCGA-CJ-4884-01A,CJ,False,1759.0,1.5732367003368197,0.4661133831884975
repeated_stratified_group_kfold,1011,4,4,TCGA-CJ-4885-01A,CJ,False,3451.0,2.290608509883312,1.410919027687664
repeated_stratified_group_kfold,1011,4,4,TCGA-CJ-4886-01A,CJ,False,1952.0,-0.7393067989217126,-1.7058807017685602
repeated_stratified_group_kfold,1011,4,4,TCGA-CJ-4887-01A,CJ,True,932.0,1.651670586725507,0.5898710761531475
repeated_stratified_group_kfold,1011,4,4,TCGA-CJ-4888-01A,CJ,True,1567.0,2.0909404088964982,1.826655818704007
repeated_stratified_group_kfold,1011,4,4,TCGA-CJ-4889-01A,CJ,False,1946.0,0.09929922522290681,-0.2401115023124255
repeated_stratified_group_kfold,1011,4,4,TCGA-CJ-4890-01A,CJ,False,3519.0,2.610077471462215,2.2616800849517187
repeated_stratified_group_kfold,1011,4,4,TCGA-CJ-4891-01A,CJ,True,819.0,0.9742323973763771,0.993150629040766
repeated_stratified_group_kfold,1011,4,4,TCGA-CJ-4892-01A,CJ,False,1521.0,0.17916646561763247,-0.6415682807124822
repeated_stratified_group_kfold,1011,4,4,TCGA-CJ-4893-01A,CJ,False,750.0,0.6184362877886236,-0.3156621372450612
repeated_stratified_group_kfold,1011,4,4,TCGA-CJ-4894-01A,CJ,True,841.0,1.0313353183627008,0.08990072977926533
repeated_stratified_group_kfold,1011,4,4,TCGA-CJ-4895-01A,CJ,True,1200.0,2.2107412694885866,1.957209178294558
repeated_stratified_group_kfold,1011,4,4,TCGA-CJ-4897-01A,CJ,False,3341.0,1.8527720417183593,0.4254115516740816
repeated_stratified_group_kfold,1011,4,4,TCGA-CJ-4899-01A,CJ,False,1528.0,-0.7221374981327517,-1.2984113696722104
repeated_stratified_group_kfold,1011,4,4,TCGA-CJ-4900-01A,CJ,True,1714.0,2.473107310081166,2.2856128525687702
repeated_stratified_group_kfold,1011,4,4,TCGA-CJ-4901-01A,CJ,False,1450.0,0.5920654961917097,0.46274522590470746
repeated_stratified_group_kfold,1011,4,4,TCGA-CJ-4902-01A,CJ,False,1520.0,1.1511361789547894,0.6022476719342454
repeated_stratified_group_kfold,1011,4,4,TCGA-CJ-4903-01A,CJ,False,1560.0,-0.40266853655384915,-0.8470114115700762
repeated_stratified_group_kfold,1011,4,4,TCGA-CJ-4904-01A,CJ,False,3302.0,2.1137047283049,1.1572881300873004
repeated_stratified_group_kfold,1011,4,4,TCGA-CJ-4905-01A,CJ,False,1496.0,0.05936560502554398,-0.7883182820221581
repeated_stratified_group_kfold,1011,4,4,TCGA-CJ-4907-01A,CJ,False,1499.0,1.0313353183627008,-0.0048962468282841565
repeated_stratified_group_kfold,1011,4,4,TCGA-CJ-4908-01A,CJ,False,1531.0,-0.8818719789222031,-1.2907735786656747
repeated_stratified_group_kfold,1011,4,4,TCGA-CJ-4912-01A,CJ,False,1657.0,0.5623878370577218,0.24957142831905654
repeated_stratified_group_kfold,1011,4,4,TCGA-CJ-4916-01A,CJ,False,1373.0,1.4534358397447311,0.7457951933905896
repeated_stratified_group_kfold,1011,4,4,TCGA-CJ-4918-01A,CJ,True,93.0,2.290608509883312,2.2237186536032056
repeated_stratified_group_kfold,1011,4,4,TCGA-CJ-4920-01A,CJ,True,139.0,0.13923284542026965,0.047557212680594985
repeated_stratified_group_kfold,1011,4,4,TCGA-CJ-4923-01A,CJ,True,572.0,2.2335055888969886,2.0182068740602808
repeated_stratified_group_kfold,1011,4,4,TCGA-CJ-5671-01A,CJ,False,3987.0,-0.36273491635648636,-0.924252889256637
repeated_stratified_group_kfold,1011,4,4,TCGA-CJ-5672-01A,CJ,True,1972.0,0.9550745501564871,0.1852302072915759
repeated_stratified_group_kfold,1011,4,4,TCGA-CJ-5675-01A,CJ,False,3936.0,0.9217904188339873,-0.24724672944695697
repeated_stratified_group_kfold,1011,4,4,TCGA-CJ-5676-01A,CJ,False,4067.0,0.5920654961917097,-0.34217839874336076
repeated_stratified_group_kfold,1011,4,4,TCGA-CJ-5677-01A,CJ,True,782.0,1.8741030071207232,1.6668866277594248
repeated_stratified_group_kfold,1011,4,4,TCGA-CJ-5678-01A,CJ,True,574.0,2.2107412694885866,1.1439380929870957
repeated_stratified_group_kfold,1011,4,4,TCGA-CJ-5679-01A,CJ,True,679.0,1.6303396213231434,1.1862746945996658
repeated_stratified_group_kfold,1011,4,4,TCGA-CJ-5680-01A,CJ,True,768.0,2.313372829291714,1.6428288537009887
repeated_stratified_group_kfold,1011,4,4,TCGA-CJ-5681-01A,CJ,True,552.0,1.4747668051470948,1.4066385837360107
repeated_stratified_group_kfold,1011,4,4,TCGA-CJ-5682-01A,CJ,False,3736.0,2.130874029093861,0.8251129606943696
repeated_stratified_group_kfold,1011,4,4,TCGA-CJ-5683-01A,CJ,False,1889.0,0.71547282897231,0.17221821884596733
repeated_stratified_group_kfold,1011,4,4,TCGA-CJ-5684-01A,CJ,False,2231.0,1.1511361789547894,-0.059986384838766615
repeated_stratified_group_kfold,1011,4,4,TCGA-CJ-5686-01A,CJ,False,2038.0,-0.06043525556654452,-1.087458374622795
repeated_stratified_group_kfold,1011,4,4,TCGA-CJ-6027-01A,CJ,True,3615.0,0.6755392087749473,0.38981513273607205
repeated_stratified_group_kfold,1011,4,4,TCGA-CJ-6028-01A,CJ,True,1625.0,2.0510067886991354,1.5231869786511472
repeated_stratified_group_kfold,1011,4,4,TCGA-CJ-6030-01A,CJ,True,2299.0,0.19633576640659328,-0.08831179519756338
repeated_stratified_group_kfold,1011,4,4,TCGA-CJ-6031-01A,CJ,False,1906.0,-0.24293405576439783,-0.7820731969369723
repeated_stratified_group_kfold,1011,4,4,TCGA-CJ-6032-01A,CJ,False,3639.0,0.6250857766634866,-0.2917353002705007
repeated_stratified_group_kfold,1011,4,4,TCGA-CJ-6033-01A,CJ,True,224.0,1.8741030071207232,1.4014871758641378
